event_id,league,season,round,kickoff,home_sofa,away_sofa,status,home_score,away_score
8966251,La Liga,2020,1,1599919200,Eibar,Celta Vigo,finished,0.0,0.0
8966329,La Liga,2020,1,1599928200,Granada,Athletic Club,finished,2.0,0.0
8966258,La Liga,2020,1,1599937200,Cádiz,Osasuna,finished,0.0,2.0
8966252,La Liga,2020,1,1599998400,Deportivo Alavés,Real Betis,finished,0.0,1.0
8966322,La Liga,2020,1,1600005600,Real Valladolid,Real Sociedad,finished,1.0,1.0
8966257,La Liga,2020,1,1600014600,Villarreal,Huesca,finished,1.0,1.0
8966253,La Liga,2020,1,1600023600,FC Barcelona,Elche,canceled,,
8966256,La Liga,2020,1,1600023600,Real Madrid,Getafe,canceled,,
8966360,La Liga,2020,1,1600023600,Valencia,Levante UD,finished,4.0,2.0
8966357,La Liga,2020,2,1600524000,Villarreal,Eibar,finished,2.0,1.0
8966523,La Liga,2020,2,1600533000,Getafe,Osasuna,finished,1.0,0.0
8966272,La Liga,2020,2,1600542000,Celta Vigo,Valencia,finished,2.0,1.0
8966271,La Liga,2020,2,1600560000,Athletic Club,FC Barcelona,canceled,,
8966330,La Liga,2020,2,1600560000,Levante UD,Atlético Madrid,canceled,,
8966262,La Liga,2020,2,1600560000,Sevilla,Elche,canceled,,
8966517,La Liga,2020,2,1600610400,Huesca,Cádiz,finished,0.0,2.0
8966273,La Liga,2020,2,1600619400,Granada,Deportivo Alavés,finished,2.0,1.0
8966269,La Liga,2020,2,1600619400,Real Betis,Real Valladolid,finished,2.0,0.0
8966259,La Liga,2020,2,1600628400,Real Sociedad,Real Madrid,finished,0.0,0.0
8966332,La Liga,2020,3,1601118000,Deportivo Alavés,Getafe,finished,0.0,0.0
8966263,La Liga,2020,3,1601128800,Valencia,Huesca,finished,1.0,1.0
8966267,La Liga,2020,3,1601137800,Elche,Real Sociedad,finished,0.0,3.0
8966260,La Liga,2020,3,1601146800,Real Betis,Real Madrid,finished,2.0,3.0
8966336,La Liga,2020,3,1601200800,Osasuna,Levante UD,finished,1.0,3.0
8966261,La Liga,2020,3,1601208000,Eibar,Athletic Club,finished,1.0,2.0
8966264,La Liga,2020,3,1601215200,Atlético Madrid,Granada,finished,6.0,1.0
8966327,La Liga,2020,3,1601224200,Cádiz,Sevilla,finished,1.0,3.0
8966317,La Liga,2020,3,1601224200,Real Valladolid,Celta Vigo,finished,1.0,1.0
8966265,La Liga,2020,3,1601233200,FC Barcelona,Villarreal,finished,4.0,0.0
8966315,La Liga,2020,4,1601398800,Real Sociedad,Valencia,finished,0.0,1.0
8966340,La Liga,2020,4,1601407800,Getafe,Real Betis,finished,3.0,0.0
8966328,La Liga,2020,4,1601485200,Huesca,Atlético Madrid,finished,0.0,0.0
8966308,La Liga,2020,4,1601485200,Villarreal,Deportivo Alavés,finished,3.0,1.0
8966268,La Liga,2020,4,1601494200,Eibar,Elche,finished,0.0,1.0
8966358,La Liga,2020,4,1601494200,Real Madrid,Real Valladolid,finished,1.0,0.0
8966270,La Liga,2020,4,1601571600,Athletic Club,Cádiz,finished,0.0,1.0
8966351,La Liga,2020,4,1601571600,Sevilla,Levante UD,finished,1.0,0.0
8966266,La Liga,2020,4,1601580600,Celta Vigo,FC Barcelona,finished,0.0,3.0
8966313,La Liga,2020,4,1601580600,Granada,Osasuna,canceled,,
8966314,La Liga,2020,5,1601722800,Real Valladolid,Eibar,finished,1.0,2.0
8966323,La Liga,2020,5,1601733600,Atlético Madrid,Villarreal,finished,0.0,0.0
8966306,La Liga,2020,5,1601742600,Elche,Huesca,finished,0.0,0.0
8966316,La Liga,2020,5,1601742600,Real Sociedad,Getafe,finished,3.0,0.0
8966342,La Liga,2020,5,1601751600,Valencia,Real Betis,finished,0.0,2.0
8966318,La Liga,2020,5,1601805600,Osasuna,Celta Vigo,finished,2.0,0.0
8966506,La Liga,2020,5,1601812800,Deportivo Alavés,Athletic Club,finished,1.0,0.0
8966350,La Liga,2020,5,1601820000,Levante UD,Real Madrid,finished,0.0,2.0
8966311,La Liga,2020,5,1601829000,Cádiz,Granada,finished,1.0,1.0
8966334,La Liga,2020,5,1601838000,FC Barcelona,Sevilla,finished,1.0,1.0
8966509,La Liga,2020,6,1602932400,Granada,Sevilla,finished,1.0,0.0
8966319,La Liga,2020,6,1602943200,Celta Vigo,Atlético Madrid,finished,0.0,2.0
8966310,La Liga,2020,6,1602952200,Real Madrid,Cádiz,finished,0.0,1.0
8966303,La Liga,2020,6,1602961200,Getafe,FC Barcelona,finished,1.0,0.0
8966337,La Liga,2020,6,1603015200,Eibar,Osasuna,finished,0.0,0.0
8966304,La Liga,2020,6,1603022400,Athletic Club,Levante UD,finished,2.0,0.0
8966339,La Liga,2020,6,1603029600,Villarreal,Valencia,finished,2.0,1.0
8966301,La Liga,2020,6,1603038600,Deportivo Alavés,Elche,finished,0.0,2.0
8966349,La Liga,2020,6,1603038600,Huesca,Real Valladolid,finished,2.0,2.0
8966305,La Liga,2020,6,1603047600,Real Betis,Real Sociedad,finished,0.0,3.0
8966331,La Liga,2020,7,1603479600,Elche,Valencia,finished,2.0,1.0
8966307,La Liga,2020,7,1603548000,FC Barcelona,Real Madrid,finished,1.0,3.0
8966293,La Liga,2020,7,1603557000,Osasuna,Athletic Club,finished,1.0,0.0
8966296,La Liga,2020,7,1603557000,Sevilla,Eibar,finished,0.0,1.0
8966302,La Liga,2020,7,1603566000,Atlético Madrid,Real Betis,finished,2.0,0.0
8966347,La Liga,2020,7,1603630800,Real Valladolid,Deportivo Alavés,finished,0.0,2.0
8966354,La Liga,2020,7,1603638000,Cádiz,Villarreal,finished,0.0,0.0
8966312,La Liga,2020,7,1603647000,Getafe,Granada,finished,0.0,1.0
8966297,La Liga,2020,7,1603656000,Real Sociedad,Huesca,finished,4.0,1.0
8966309,La Liga,2020,7,1603742400,Levante UD,Celta Vigo,finished,1.0,1.0
8966345,La Liga,2020,8,1604088000,Eibar,Cádiz,finished,0.0,2.0
8966361,La Liga,2020,8,1604149200,Real Madrid,Huesca,finished,4.0,1.0
8966295,La Liga,2020,8,1604157300,Athletic Club,Sevilla,finished,2.0,1.0
8966507,La Liga,2020,8,1604165400,Osasuna,Atlético Madrid,finished,1.0,3.0
8966341,La Liga,2020,8,1604174400,Deportivo Alavés,FC Barcelona,finished,1.0,1.0
8966320,La Liga,2020,8,1604235600,Real Betis,Elche,finished,3.0,1.0
8966298,La Liga,2020,8,1604242800,Celta Vigo,Real Sociedad,finished,1.0,4.0
8966300,La Liga,2020,8,1604251800,Granada,Levante UD,finished,1.0,1.0
8966355,La Liga,2020,8,1604260800,Valencia,Getafe,finished,2.0,2.0
8966299,La Liga,2020,8,1604347200,Villarreal,Real Valladolid,finished,2.0,0.0
8966508,La Liga,2020,9,1604692800,Elche,Celta Vigo,finished,1.0,1.0
8966290,La Liga,2020,9,1604754000,Huesca,Eibar,finished,1.0,1.0
8966289,La Liga,2020,9,1604762100,FC Barcelona,Real Betis,finished,5.0,2.0
8966291,La Liga,2020,9,1604770200,Sevilla,Osasuna,finished,1.0,0.0
8966352,La Liga,2020,9,1604779200,Atlético Madrid,Cádiz,finished,4.0,0.0
8966321,La Liga,2020,9,1604840400,Getafe,Villarreal,finished,1.0,3.0
8966285,La Liga,2020,9,1604848500,Real Sociedad,Granada,finished,2.0,0.0
8966343,La Liga,2020,9,1604856600,Levante UD,Deportivo Alavés,finished,1.0,1.0
8966338,La Liga,2020,9,1604856600,Real Valladolid,Athletic Club,finished,2.0,1.0
8966326,La Liga,2020,9,1604865600,Valencia,Real Madrid,finished,4.0,1.0
8966280,La Liga,2020,10,1605902400,Osasuna,Huesca,finished,1.0,1.0
8966353,La Liga,2020,10,1605963600,Levante UD,Elche,finished,1.0,1.0
8966325,La Liga,2020,10,1605971700,Villarreal,Real Madrid,finished,1.0,1.0
8966281,La Liga,2020,10,1605979800,Sevilla,Celta Vigo,finished,4.0,2.0
8966292,La Liga,2020,10,1605988800,Atlético Madrid,FC Barcelona,finished,1.0,0.0
8966525,La Liga,2020,10,1606050000,Eibar,Getafe,finished,0.0,0.0
8966359,La Liga,2020,10,1606058100,Cádiz,Real Sociedad,finished,0.0,1.0
8966348,La Liga,2020,10,1606066200,Granada,Real Valladolid,finished,1.0,3.0
8966294,La Liga,2020,10,1606075200,Deportivo Alavés,Valencia,finished,2.0,2.0
8966288,La Liga,2020,10,1606161600,Athletic Club,Real Betis,finished,4.0,0.0
8966356,La Liga,2020,11,1606507200,Real Valladolid,Levante UD,finished,1.0,1.0
8966287,La Liga,2020,11,1606568400,Elche,Cádiz,finished,1.0,1.0
8966283,La Liga,2020,11,1606576500,Valencia,Atlético Madrid,finished,0.0,1.0
8966346,La Liga,2020,11,1606584600,Huesca,Sevilla,finished,0.0,1.0
8966333,La Liga,2020,11,1606593600,Real Madrid,Deportivo Alavés,finished,1.0,2.0
8966335,La Liga,2020,11,1606654800,FC Barcelona,Osasuna,finished,4.0,0.0
8966282,La Liga,2020,11,1606662900,Getafe,Athletic Club,finished,1.0,1.0
8966513,La Liga,2020,11,1606671000,Celta Vigo,Granada,finished,3.0,1.0
8966362,La Liga,2020,11,1606680000,Real Sociedad,Villarreal,finished,1.0,1.0
8966284,La Liga,2020,11,1606766400,Real Betis,Eibar,finished,0.0,2.0
8966286,La Liga,2020,12,1607112000,Athletic Club,Celta Vigo,finished,0.0,2.0
8966275,La Liga,2020,12,1607173200,Levante UD,Getafe,finished,3.0,0.0
8966324,La Liga,2020,12,1607181300,Sevilla,Real Madrid,finished,0.0,1.0
8966500,La Liga,2020,12,1607189400,Atlético Madrid,Real Valladolid,finished,2.0,0.0
8966278,La Liga,2020,12,1607198400,Cádiz,FC Barcelona,finished,2.0,1.0
8966274,La Liga,2020,12,1607259600,Granada,Huesca,finished,3.0,3.0
8966277,La Liga,2020,12,1607267700,Osasuna,Real Betis,finished,0.0,2.0
8966279,La Liga,2020,12,1607275800,Villarreal,Elche,finished,0.0,0.0
8966344,La Liga,2020,12,1607284800,Deportivo Alavés,Real Sociedad,finished,0.0,0.0
8966276,La Liga,2020,12,1607371200,Eibar,Valencia,finished,0.0,0.0
8966421,La Liga,2020,13,1607716800,Real Valladolid,Osasuna,finished,3.0,2.0
8966518,La Liga,2020,13,1607778000,Valencia,Athletic Club,finished,2.0,2.0
8966424,La Liga,2020,13,1607786100,Getafe,Sevilla,finished,0.0,1.0
8966416,La Liga,2020,13,1607794200,Huesca,Deportivo Alavés,finished,1.0,0.0
8966433,La Liga,2020,13,1607803200,Real Madrid,Atlético Madrid,finished,2.0,0.0
8966441,La Liga,2020,13,1607864400,Real Sociedad,Eibar,finished,1.0,1.0
8966428,La Liga,2020,13,1607872500,Real Betis,Villarreal,finished,1.0,1.0
8966376,La Liga,2020,13,1607880600,Elche,Granada,finished,0.0,1.0
8966414,La Liga,2020,13,1607889600,FC Barcelona,Levante UD,finished,1.0,0.0
8966429,La Liga,2020,13,1607976000,Celta Vigo,Cádiz,finished,4.0,0.0
8966505,La Liga,2020,19,1608066000,Real Madrid,Athletic Club,finished,3.0,1.0
8966522,La Liga,2020,19,1608148800,FC Barcelona,Real Sociedad,finished,2.0,1.0
8966383,La Liga,2020,14,1608321600,Athletic Club,Huesca,finished,2.0,0.0
8966387,La Liga,2020,14,1608382800,Atlético Madrid,Elche,finished,3.0,1.0
8966378,La Liga,2020,14,1608390900,FC Barcelona,Valencia,finished,2.0,2.0
8966410,La Liga,2020,14,1608399000,Levante UD,Real Sociedad,finished,2.0,1.0
8966398,La Liga,2020,14,1608399000,Osasuna,Villarreal,finished,1.0,3.0
8966405,La Liga,2020,14,1608408000,Sevilla,Real Valladolid,finished,1.0,1.0
8966380,La Liga,2020,14,1608469200,Celta Vigo,Deportivo Alavés,finished,2.0,0.0
8966392,La Liga,2020,14,1608477300,Granada,Real Betis,finished,2.0,0.0
8966400,La Liga,2020,14,1608485400,Cádiz,Getafe,finished,0.0,2.0
8966413,La Liga,2020,14,1608494400,Eibar,Real Madrid,finished,1.0,3.0
8966379,La Liga,2020,15,1608654600,Elche,Osasuna,finished,2.0,2.0
8966377,La Liga,2020,15,1608654600,Valencia,Sevilla,finished,0.0,1.0
8966402,La Liga,2020,15,1608662700,Huesca,Levante UD,finished,1.0,1.0
8966381,La Liga,2020,15,1608662700,Real Sociedad,Atlético Madrid,finished,0.0,2.0
8966364,La Liga,2020,15,1608670800,Real Valladolid,FC Barcelona,finished,0.0,3.0
8966370,La Liga,2020,15,1608670800,Villarreal,Athletic Club,finished,1.0,1.0
8966415,La Liga,2020,15,1608741000,Getafe,Celta Vigo,finished,1.0,1.0
8966408,La Liga,2020,15,1608749100,Real Madrid,Granada,finished,2.0,0.0
8966396,La Liga,2020,15,1608757200,Deportivo Alavés,Eibar,finished,2.0,1.0
8966411,La Liga,2020,15,1608757200,Real Betis,Cádiz,finished,1.0,0.0
8966516,La Liga,2020,16,1609257600,Sevilla,Villarreal,finished,2.0,0.0
8966368,La Liga,2020,16,1609265700,FC Barcelona,Eibar,finished,1.0,1.0
8966369,La Liga,2020,16,1609273800,Cádiz,Real Valladolid,finished,0.0,0.0
8966374,La Liga,2020,16,1609273800,Levante UD,Real Betis,finished,4.0,3.0
8966393,La Liga,2020,16,1609344000,Granada,Valencia,finished,2.0,1.0
8966373,La Liga,2020,16,1609352100,Atlético Madrid,Getafe,finished,1.0,0.0
8966371,La Liga,2020,16,1609352100,Celta Vigo,Huesca,finished,2.0,1.0
8966399,La Liga,2020,16,1609360200,Elche,Real Madrid,finished,1.0,1.0
8966390,La Liga,2020,16,1609419600,Athletic Club,Real Sociedad,finished,0.0,1.0
8966375,La Liga,2020,16,1609427700,Osasuna,Deportivo Alavés,finished,1.0,1.0
8966504,La Liga,2020,17,1609592400,Villarreal,Levante UD,finished,2.0,1.0
8966531,La Liga,2020,17,1609600500,Real Betis,Sevilla,finished,1.0,1.0
8966483,La Liga,2020,17,1609608600,Getafe,Real Valladolid,finished,0.0,1.0
8966519,La Liga,2020,17,1609617600,Real Madrid,Celta Vigo,finished,2.0,0.0
8966486,La Liga,2020,17,1609678800,Athletic Club,Elche,finished,1.0,0.0
8966386,La Liga,2020,17,1609686900,Deportivo Alavés,Atlético Madrid,finished,1.0,2.0
8966501,La Liga,2020,17,1609695000,Eibar,Granada,finished,2.0,0.0
8966514,La Liga,2020,17,1609695000,Real Sociedad,Osasuna,finished,1.0,1.0
8966495,La Liga,2020,17,1609704000,Huesca,FC Barcelona,finished,0.0,1.0
8966488,La Liga,2020,17,1609790400,Valencia,Cádiz,finished,1.0,1.0
9128118,La Liga,2020,2,1609963200,Athletic Club,FC Barcelona,finished,2.0,3.0
8966511,La Liga,2020,18,1610136000,Celta Vigo,Villarreal,finished,0.0,4.0
8966466,La Liga,2020,18,1610197200,Sevilla,Real Sociedad,finished,3.0,2.0
8966496,La Liga,2020,18,1610205300,Atlético Madrid,Athletic Club,canceled,,
8966502,La Liga,2020,18,1610213400,Granada,FC Barcelona,finished,0.0,4.0
8966491,La Liga,2020,18,1610222400,Osasuna,Real Madrid,finished,0.0,0.0
8966489,La Liga,2020,18,1610283600,Levante UD,Eibar,finished,2.0,1.0
8966494,La Liga,2020,18,1610291700,Cádiz,Deportivo Alavés,finished,3.0,1.0
8966498,La Liga,2020,18,1610308800,Real Valladolid,Valencia,finished,0.0,1.0
8966471,La Liga,2020,18,1610388000,Elche,Getafe,finished,1.0,3.0
8966497,La Liga,2020,18,1610395200,Huesca,Real Betis,finished,0.0,2.0
9037745,La Liga,2020,4,1610474400,Granada,Osasuna,finished,2.0,0.0
8966255,La Liga,2020,1,1610483400,Atlético Madrid,Sevilla,finished,2.0,0.0
8966503,La Liga,2020,19,1611079200,Cádiz,Levante UD,finished,2.0,2.0
8966473,La Liga,2020,19,1611079200,Real Valladolid,Elche,finished,2.0,2.0
8966485,La Liga,2020,19,1611088200,Deportivo Alavés,Sevilla,finished,1.0,2.0
8966487,La Liga,2020,19,1611165600,Getafe,Huesca,finished,1.0,0.0
8966476,La Liga,2020,19,1611172800,Real Betis,Celta Vigo,finished,2.0,1.0
8966492,La Liga,2020,19,1611174600,Villarreal,Granada,finished,2.0,2.0
8966467,La Liga,2020,19,1611252000,Valencia,Osasuna,finished,1.0,1.0
8966490,La Liga,2020,19,1611261000,Eibar,Atlético Madrid,finished,1.0,2.0
8966532,La Liga,2020,20,1611345600,Levante UD,Real Valladolid,finished,2.0,2.0
8966474,La Liga,2020,20,1611406800,Huesca,Villarreal,finished,0.0,0.0
8966477,La Liga,2020,20,1611414900,Sevilla,Cádiz,finished,3.0,0.0
8966469,La Liga,2020,20,1611423000,Real Sociedad,Real Betis,finished,2.0,2.0
8966478,La Liga,2020,20,1611432000,Deportivo Alavés,Real Madrid,finished,1.0,4.0
8966480,La Liga,2020,20,1611493200,Osasuna,Granada,finished,3.0,1.0
8966461,La Liga,2020,20,1611501300,Elche,FC Barcelona,finished,0.0,2.0
8966529,La Liga,2020,20,1611509400,Celta Vigo,Eibar,finished,1.0,1.0
8966499,La Liga,2020,20,1611518400,Atlético Madrid,Valencia,finished,3.0,1.0
8966493,La Liga,2020,20,1611604800,Athletic Club,Getafe,finished,5.0,1.0
8966482,La Liga,2020,21,1611950400,Real Valladolid,Huesca,finished,1.0,3.0
8966468,La Liga,2020,21,1612011600,Eibar,Sevilla,finished,0.0,2.0
8966481,La Liga,2020,21,1612019700,Real Madrid,Levante UD,finished,1.0,2.0
8966530,La Liga,2020,21,1612027800,Valencia,Elche,finished,1.0,0.0
8966447,La Liga,2020,21,1612036800,Villarreal,Real Sociedad,finished,1.0,1.0
8966475,La Liga,2020,21,1612098000,Getafe,Deportivo Alavés,finished,0.0,0.0
8966464,La Liga,2020,21,1612106100,Cádiz,Atlético Madrid,finished,2.0,4.0
8966479,La Liga,2020,21,1612114200,Granada,Celta Vigo,finished,0.0,0.0
8966484,La Liga,2020,21,1612123200,FC Barcelona,Athletic Club,finished,2.0,1.0
8966462,La Liga,2020,21,1612209600,Real Betis,Osasuna,finished,1.0,0.0
8966463,La Liga,2020,22,1612555200,Deportivo Alavés,Real Valladolid,finished,1.0,0.0
8966472,La Liga,2020,22,1612616400,Levante UD,Granada,finished,2.0,2.0
8966528,La Liga,2020,22,1612624500,Huesca,Real Madrid,finished,1.0,2.0
8966460,La Liga,2020,22,1612632600,Elche,Villarreal,finished,2.0,2.0
8966455,La Liga,2020,22,1612641600,Sevilla,Getafe,finished,3.0,0.0
8966445,La Liga,2020,22,1612702800,Real Sociedad,Cádiz,finished,4.0,1.0
8966465,La Liga,2020,22,1612710900,Athletic Club,Valencia,finished,1.0,1.0
8966434,La Liga,2020,22,1612719000,Osasuna,Eibar,finished,2.0,1.0
8966451,La Liga,2020,22,1612728000,Real Betis,FC Barcelona,finished,2.0,3.0
8966438,La Liga,2020,22,1612814400,Atlético Madrid,Celta Vigo,finished,2.0,2.0
9301650,La Liga,2020,1,1612900800,Real Madrid,Getafe,finished,2.0,0.0
8966458,La Liga,2020,23,1613160000,Celta Vigo,Elche,finished,3.0,1.0
8966440,La Liga,2020,23,1613221200,Granada,Atlético Madrid,finished,1.0,2.0
8966454,La Liga,2020,23,1613229300,Sevilla,Huesca,finished,1.0,0.0
8966456,La Liga,2020,23,1613237400,Eibar,Real Valladolid,finished,1.0,1.0
8966470,La Liga,2020,23,1613246400,FC Barcelona,Deportivo Alavés,finished,5.0,1.0
8966459,La Liga,2020,23,1613307600,Getafe,Real Sociedad,finished,0.0,1.0
8966439,La Liga,2020,23,1613315700,Real Madrid,Valencia,finished,2.0,0.0
8966527,La Liga,2020,23,1613323800,Levante UD,Osasuna,finished,0.0,1.0
8966444,La Liga,2020,23,1613332800,Villarreal,Real Betis,finished,1.0,2.0
8966453,La Liga,2020,23,1613419200,Cádiz,Athletic Club,finished,0.0,4.0
9301660,La Liga,2020,2,1613584800,Levante UD,Atlético Madrid,finished,1.0,1.0
8966448,La Liga,2020,24,1613764800,Real Betis,Getafe,finished,1.0,0.0
8966436,La Liga,2020,24,1613826000,Elche,Eibar,finished,1.0,0.0
8966457,La Liga,2020,24,1613834100,Atlético Madrid,Levante UD,finished,0.0,2.0
8966450,La Liga,2020,24,1613842200,Valencia,Celta Vigo,finished,2.0,0.0
8966449,La Liga,2020,24,1613851200,Real Valladolid,Real Madrid,finished,0.0,1.0
8966443,La Liga,2020,24,1613912400,FC Barcelona,Cádiz,finished,1.0,1.0
8966432,La Liga,2020,24,1613920500,Real Sociedad,Deportivo Alavés,finished,4.0,0.0
8966452,La Liga,2020,24,1613928600,Huesca,Granada,finished,3.0,2.0
8966446,La Liga,2020,24,1613937600,Athletic Club,Villarreal,finished,1.0,1.0
8966435,La Liga,2020,24,1614024000,Osasuna,Sevilla,finished,0.0,2.0
9301659,La Liga,2020,1,1614189600,FC Barcelona,Elche,finished,3.0,0.0
8966423,La Liga,2020,25,1614369600,Levante UD,Athletic Club,finished,1.0,1.0
8966420,La Liga,2020,25,1614430800,Eibar,Huesca,finished,1.0,1.0
8966425,La Liga,2020,25,1614438900,Sevilla,FC Barcelona,finished,0.0,2.0
8966521,La Liga,2020,25,1614447000,Deportivo Alavés,Osasuna,finished,0.0,1.0
8966426,La Liga,2020,25,1614456000,Getafe,Valencia,finished,3.0,0.0
8966409,La Liga,2020,25,1614517200,Celta Vigo,Real Valladolid,finished,1.0,1.0
8966419,La Liga,2020,25,1614525300,Cádiz,Real Betis,finished,0.0,1.0
8966524,La Liga,2020,25,1614533400,Granada,Elche,finished,2.0,1.0
8966430,La Liga,2020,25,1614542400,Villarreal,Atlético Madrid,finished,0.0,2.0
8966412,La Liga,2020,25,1614628800,Real Madrid,Real Sociedad,finished,1.0,1.0
8966401,La Liga,2020,26,1614974400,Valencia,Villarreal,finished,2.0,1.0
8966406,La Liga,2020,26,1615035600,Real Valladolid,Getafe,finished,2.0,1.0
8966391,La Liga,2020,26,1615043700,Elche,Sevilla,finished,2.0,1.0
8966437,La Liga,2020,26,1615051800,Cádiz,Eibar,finished,1.0,0.0
8966442,La Liga,2020,26,1615060800,Osasuna,FC Barcelona,finished,0.0,2.0
8966431,La Liga,2020,26,1615122000,Huesca,Celta Vigo,finished,3.0,4.0
8966417,La Liga,2020,26,1615130100,Atlético Madrid,Real Madrid,finished,1.0,1.0
8966384,La Liga,2020,26,1615138200,Real Sociedad,Levante UD,finished,1.0,0.0
8966418,La Liga,2020,26,1615147200,Athletic Club,Granada,finished,2.0,1.0
8966427,La Liga,2020,26,1615233600,Real Betis,Deportivo Alavés,finished,3.0,2.0
9351716,La Liga,2020,18,1615399200,Atlético Madrid,Athletic Club,finished,2.0,1.0
8966395,La Liga,2020,27,1615579200,Levante UD,Valencia,finished,1.0,0.0
8966385,La Liga,2020,27,1615640400,Deportivo Alavés,Cádiz,finished,1.0,1.0
8966510,La Liga,2020,27,1615648500,Real Madrid,Elche,finished,2.0,1.0
8966526,La Liga,2020,27,1615656600,Osasuna,Real Valladolid,finished,0.0,0.0
8966389,La Liga,2020,27,1615665600,Getafe,Atlético Madrid,finished,0.0,0.0
8966515,La Liga,2020,27,1615726800,Celta Vigo,Athletic Club,finished,0.0,0.0
8966394,La Liga,2020,27,1615734900,Granada,Real Sociedad,finished,1.0,0.0
8966397,La Liga,2020,27,1615743000,Eibar,Villarreal,finished,1.0,3.0
8966407,La Liga,2020,27,1615752000,Sevilla,Real Betis,finished,1.0,0.0
8966403,La Liga,2020,27,1615838400,FC Barcelona,Huesca,finished,4.0,1.0
9301661,La Liga,2020,2,1616004000,Sevilla,Elche,finished,2.0,0.0
8966365,La Liga,2020,28,1616184000,Real Betis,Levante UD,finished,2.0,0.0
8966422,La Liga,2020,28,1616245200,Athletic Club,Eibar,finished,1.0,1.0
8966367,La Liga,2020,28,1616253300,Celta Vigo,Real Madrid,finished,1.0,3.0
8966512,La Liga,2020,28,1616261400,Huesca,Osasuna,finished,0.0,0.0
8966388,La Liga,2020,28,1616270400,Real Valladolid,Sevilla,finished,1.0,1.0
8966372,La Liga,2020,28,1616331600,Getafe,Elche,finished,1.0,1.0
8966382,La Liga,2020,28,1616339700,Valencia,Granada,finished,2.0,1.0
8966366,La Liga,2020,28,1616339700,Villarreal,Cádiz,finished,2.0,1.0
8966404,La Liga,2020,28,1616347800,Atlético Madrid,Deportivo Alavés,finished,1.0,0.0
8966520,La Liga,2020,28,1616356800,Real Sociedad,FC Barcelona,finished,1.0,6.0
8966147,La Liga,2020,29,1617390000,Levante UD,Huesca,finished,0.0,2.0
8966146,La Liga,2020,29,1617451200,Granada,Villarreal,finished,0.0,3.0
8966154,La Liga,2020,29,1617459300,Real Madrid,Eibar,finished,2.0,0.0
8966152,La Liga,2020,29,1617467400,Osasuna,Getafe,finished,0.0,0.0
8966149,La Liga,2020,29,1617537600,Deportivo Alavés,Celta Vigo,finished,1.0,3.0
8966237,La Liga,2020,29,1617545700,Elche,Real Betis,finished,1.0,1.0
8966148,La Liga,2020,29,1617553800,Cádiz,Valencia,finished,2.0,1.0
8966240,La Liga,2020,29,1617562800,Sevilla,Atlético Madrid,finished,1.0,0.0
8966153,La Liga,2020,29,1617649200,FC Barcelona,Real Valladolid,finished,1.0,0.0
8966150,La Liga,2020,29,1617822000,Real Sociedad,Athletic Club,finished,1.0,1.0
8966232,La Liga,2020,30,1617994800,Huesca,Elche,finished,3.0,1.0
8966234,La Liga,2020,30,1618056000,Getafe,Cádiz,finished,0.0,1.0
8966239,La Liga,2020,30,1618064100,Athletic Club,Deportivo Alavés,finished,0.0,0.0
8966238,La Liga,2020,30,1618072200,Eibar,Levante UD,finished,0.0,1.0
8966243,La Liga,2020,30,1618081200,Real Madrid,FC Barcelona,finished,2.0,1.0
8966235,La Liga,2020,30,1618142400,Villarreal,Osasuna,finished,1.0,2.0
8966242,La Liga,2020,30,1618150500,Valencia,Real Sociedad,finished,2.0,2.0
8966241,La Liga,2020,30,1618158600,Real Valladolid,Granada,finished,1.0,2.0
8966233,La Liga,2020,30,1618167600,Real Betis,Atlético Madrid,finished,1.0,1.0
8966236,La Liga,2020,30,1618254000,Celta Vigo,Sevilla,finished,3.0,4.0
8966207,La Liga,2020,33,1618747200,Osasuna,Elche,finished,2.0,0.0
8966210,La Liga,2020,33,1618747200,Real Sociedad,Sevilla,finished,1.0,2.0
8966197,La Liga,2020,33,1618755300,Atlético Madrid,Eibar,finished,5.0,0.0
8966202,La Liga,2020,33,1618755300,Deportivo Alavés,Huesca,finished,1.0,0.0
8966209,La Liga,2020,33,1618763400,Cádiz,Celta Vigo,finished,0.0,0.0
8966212,La Liga,2020,33,1618763400,Real Betis,Valencia,finished,2.0,2.0
8966211,La Liga,2020,33,1618772400,Getafe,Real Madrid,finished,0.0,0.0
8966205,La Liga,2020,33,1618772400,Levante UD,Villarreal,finished,1.0,5.0
8966220,La Liga,2020,31,1619024400,Levante UD,Sevilla,finished,0.0,1.0
8966222,La Liga,2020,31,1619024400,Osasuna,Valencia,finished,3.0,1.0
8966246,La Liga,2020,31,1619028000,Real Betis,Athletic Club,finished,0.0,0.0
8966244,La Liga,2020,31,1619031600,Deportivo Alavés,Villarreal,finished,2.0,1.0
8966230,La Liga,2020,31,1619031600,Elche,Real Valladolid,finished,1.0,1.0
8966214,La Liga,2020,31,1619035200,Cádiz,Real Madrid,finished,0.0,3.0
8966245,La Liga,2020,31,1619110800,Atlético Madrid,Huesca,finished,2.0,0.0
8966221,La Liga,2020,31,1619118000,Granada,Eibar,finished,4.0,1.0
8966218,La Liga,2020,31,1619118000,Real Sociedad,Celta Vigo,finished,2.0,1.0
8966247,La Liga,2020,31,1619121600,FC Barcelona,Getafe,finished,5.0,2.0
8966231,La Liga,2020,32,1619265600,Elche,Levante UD,finished,1.0,0.0
8966228,La Liga,2020,32,1619273700,Real Valladolid,Cádiz,finished,1.0,1.0
8966229,La Liga,2020,32,1619281800,Valencia,Deportivo Alavés,finished,1.0,1.0
8966223,La Liga,2020,32,1619290800,Real Madrid,Real Betis,finished,0.0,0.0
8966224,La Liga,2020,32,1619352000,Huesca,Getafe,finished,0.0,2.0
8966226,La Liga,2020,32,1619360100,Villarreal,FC Barcelona,finished,1.0,2.0
8966219,La Liga,2020,32,1619368200,Celta Vigo,Osasuna,finished,2.0,1.0
8966225,La Liga,2020,32,1619368200,Sevilla,Granada,finished,2.0,1.0
8966216,La Liga,2020,32,1619377200,Athletic Club,Atlético Madrid,finished,2.0,1.0
8966227,La Liga,2020,32,1619463600,Eibar,Real Sociedad,finished,0.0,1.0
8966198,La Liga,2020,33,1619629200,Athletic Club,Real Valladolid,finished,2.0,2.0
8966201,La Liga,2020,33,1619715600,FC Barcelona,Granada,finished,1.0,2.0
8966185,La Liga,2020,34,1619809200,Celta Vigo,Levante UD,finished,2.0,0.0
8966189,La Liga,2020,34,1619870400,Eibar,Deportivo Alavés,finished,3.0,0.0
8966206,La Liga,2020,34,1619878500,Elche,Atlético Madrid,finished,0.0,1.0
8966187,La Liga,2020,34,1619886600,Huesca,Real Sociedad,finished,1.0,0.0
8966208,La Liga,2020,34,1619895600,Real Madrid,Osasuna,finished,2.0,0.0
8966215,La Liga,2020,34,1619956800,Real Valladolid,Real Betis,finished,1.0,1.0
8966204,La Liga,2020,34,1619964900,Villarreal,Getafe,finished,1.0,0.0
8966190,La Liga,2020,34,1619973000,Granada,Cádiz,finished,0.0,1.0
8966217,La Liga,2020,34,1619982000,Valencia,FC Barcelona,finished,2.0,3.0
8966213,La Liga,2020,34,1620068400,Sevilla,Athletic Club,finished,0.0,1.0
8966191,La Liga,2020,35,1620414000,Real Sociedad,Elche,finished,2.0,0.0
8966196,La Liga,2020,35,1620475200,Deportivo Alavés,Levante UD,finished,2.0,2.0
8966192,La Liga,2020,35,1620483300,FC Barcelona,Atlético Madrid,finished,0.0,0.0
8966200,La Liga,2020,35,1620491400,Cádiz,Huesca,finished,2.0,1.0
8966199,La Liga,2020,35,1620500400,Athletic Club,Osasuna,finished,2.0,2.0
8966194,La Liga,2020,35,1620561600,Getafe,Eibar,finished,0.0,1.0
8966188,La Liga,2020,35,1620569700,Valencia,Real Valladolid,finished,3.0,0.0
8966186,La Liga,2020,35,1620577800,Villarreal,Celta Vigo,finished,2.0,4.0
8966184,La Liga,2020,35,1620586800,Real Madrid,Sevilla,finished,2.0,2.0
8966193,La Liga,2020,35,1620673200,Real Betis,Granada,finished,2.0,1.0
8966195,La Liga,2020,36,1620752400,Osasuna,Cádiz,finished,3.0,2.0
8966166,La Liga,2020,36,1620756000,Elche,Deportivo Alavés,finished,0.0,2.0
8966171,La Liga,2020,36,1620763200,Levante UD,FC Barcelona,finished,3.0,3.0
8966203,La Liga,2020,36,1620838800,Sevilla,Valencia,finished,1.0,0.0
8966168,La Liga,2020,36,1620842400,Celta Vigo,Getafe,finished,1.0,0.0
8966173,La Liga,2020,36,1620842400,Huesca,Athletic Club,finished,1.0,0.0
8966174,La Liga,2020,36,1620849600,Atlético Madrid,Real Sociedad,finished,2.0,1.0
8966172,La Liga,2020,36,1620925200,Real Valladolid,Villarreal,finished,0.0,2.0
8966178,La Liga,2020,36,1620928800,Eibar,Real Betis,finished,1.0,1.0
8966170,La Liga,2020,36,1620936000,Granada,Real Madrid,finished,1.0,4.0
8966155,La Liga,2020,37,1621182600,Athletic Club,Real Madrid,finished,0.0,1.0
8966175,La Liga,2020,37,1621182600,Atlético Madrid,Osasuna,finished,2.0,1.0
8966177,La Liga,2020,37,1621182600,Cádiz,Elche,finished,1.0,3.0
8966159,La Liga,2020,37,1621182600,Deportivo Alavés,Granada,finished,4.0,2.0
8966181,La Liga,2020,37,1621182600,FC Barcelona,Celta Vigo,finished,1.0,2.0
8966183,La Liga,2020,37,1621182600,Getafe,Levante UD,finished,2.0,1.0
8966182,La Liga,2020,37,1621182600,Real Betis,Huesca,finished,1.0,0.0
8966176,La Liga,2020,37,1621182600,Real Sociedad,Real Valladolid,finished,4.0,1.0
8966180,La Liga,2020,37,1621182600,Valencia,Eibar,finished,4.0,1.0
8966179,La Liga,2020,37,1621182600,Villarreal,Sevilla,finished,4.0,0.0
8966156,La Liga,2020,38,1621623600,Levante UD,Cádiz,finished,2.0,2.0
8966163,La Liga,2020,38,1621699200,Celta Vigo,Real Betis,finished,2.0,3.0
8966167,La Liga,2020,38,1621699200,Eibar,FC Barcelona,finished,0.0,1.0
8966164,La Liga,2020,38,1621699200,Elche,Athletic Club,finished,2.0,0.0
8966162,La Liga,2020,38,1621699200,Huesca,Valencia,finished,0.0,0.0
8966158,La Liga,2020,38,1621699200,Osasuna,Real Sociedad,finished,0.0,1.0
8966161,La Liga,2020,38,1621699200,Real Madrid,Villarreal,finished,2.0,1.0
8966151,La Liga,2020,38,1621699200,Real Valladolid,Atlético Madrid,finished,1.0,2.0
8966160,La Liga,2020,38,1621787400,Granada,Getafe,finished,0.0,0.0
8966157,La Liga,2020,38,1621796400,Sevilla,Deportivo Alavés,finished,1.0,0.0
9602720,La Liga,2021,1,1628881200,Valencia,Getafe,finished,1.0,0.0
9602717,La Liga,2021,1,1628962200,Cádiz,Levante UD,finished,1.0,1.0
9602716,La Liga,2021,1,1628962200,Mallorca,Real Betis,finished,1.0,1.0
9602714,La Liga,2021,1,1628971200,Deportivo Alavés,Real Madrid,finished,1.0,4.0
9602723,La Liga,2021,1,1628971200,Osasuna,Espanyol,finished,0.0,0.0
9602715,La Liga,2021,1,1629041400,Celta Vigo,Atlético Madrid,finished,1.0,2.0
9602718,La Liga,2021,1,1629050400,FC Barcelona,Real Sociedad,finished,4.0,2.0
9602722,La Liga,2021,1,1629058500,Sevilla,Rayo Vallecano,finished,3.0,0.0
9602721,La Liga,2021,1,1629136800,Villarreal,Granada,finished,0.0,0.0
9602719,La Liga,2021,1,1629144000,Elche,Athletic Club,finished,0.0,0.0
9602810,La Liga,2021,2,1629486000,Real Betis,Cádiz,finished,1.0,1.0
9602809,La Liga,2021,2,1629558000,Deportivo Alavés,Mallorca,finished,0.0,1.0
9602802,La Liga,2021,2,1629567000,Espanyol,Villarreal,finished,0.0,0.0
9602804,La Liga,2021,2,1629567000,Granada,Valencia,finished,1.0,1.0
9602805,La Liga,2021,2,1629576000,Athletic Club,FC Barcelona,finished,1.0,1.0
9602803,La Liga,2021,2,1629644400,Real Sociedad,Rayo Vallecano,finished,1.0,0.0
9602806,La Liga,2021,2,1629653400,Atlético Madrid,Elche,finished,1.0,0.0
9602807,La Liga,2021,2,1629662400,Levante UD,Real Madrid,finished,3.0,3.0
9602808,La Liga,2021,2,1629741600,Getafe,Sevilla,finished,0.0,1.0
9602811,La Liga,2021,2,1629748800,Osasuna,Celta Vigo,finished,0.0,0.0
9602829,La Liga,2021,3,1630087200,Mallorca,Espanyol,finished,1.0,0.0
9602822,La Liga,2021,3,1630095300,Valencia,Deportivo Alavés,finished,3.0,0.0
9602830,La Liga,2021,3,1630162800,Celta Vigo,Athletic Club,finished,0.0,1.0
9602819,La Liga,2021,3,1630171800,Elche,Sevilla,finished,1.0,1.0
9602827,La Liga,2021,3,1630171800,Real Sociedad,Levante UD,finished,1.0,0.0
9602832,La Liga,2021,3,1630180800,Real Betis,Real Madrid,finished,0.0,1.0
9602828,La Liga,2021,3,1630249200,FC Barcelona,Getafe,finished,2.0,1.0
9602826,La Liga,2021,3,1630258200,Cádiz,Osasuna,finished,2.0,3.0
9602816,La Liga,2021,3,1630258200,Rayo Vallecano,Granada,finished,4.0,0.0
9602831,La Liga,2021,3,1630267200,Atlético Madrid,Villarreal,finished,2.0,2.0
9602818,La Liga,2021,4,1631377800,Levante UD,Rayo Vallecano,finished,1.0,1.0
9602823,La Liga,2021,4,1631377800,Villarreal,Deportivo Alavés,postponed,,
9602821,La Liga,2021,4,1631386800,Athletic Club,Mallorca,finished,2.0,0.0
9602817,La Liga,2021,4,1631386800,Sevilla,FC Barcelona,postponed,,
9602813,La Liga,2021,4,1631448000,Espanyol,Atlético Madrid,finished,1.0,2.0
9602824,La Liga,2021,4,1631456100,Osasuna,Valencia,finished,1.0,4.0
9602812,La Liga,2021,4,1631464200,Cádiz,Real Sociedad,finished,0.0,2.0
9602825,La Liga,2021,4,1631473200,Real Madrid,Celta Vigo,finished,5.0,2.0
9602815,La Liga,2021,4,1631556000,Getafe,Elche,finished,0.0,1.0
9602814,La Liga,2021,4,1631563200,Granada,Real Betis,finished,1.0,2.0
9602904,La Liga,2021,5,1631905200,Celta Vigo,Cádiz,finished,1.0,2.0
9602889,La Liga,2021,5,1631966400,Rayo Vallecano,Getafe,finished,3.0,0.0
9602841,La Liga,2021,5,1631974500,Atlético Madrid,Athletic Club,finished,0.0,0.0
9602898,La Liga,2021,5,1631982600,Elche,Levante UD,finished,1.0,1.0
9602848,La Liga,2021,5,1631991600,Deportivo Alavés,Osasuna,finished,0.0,2.0
9602906,La Liga,2021,5,1632052800,Mallorca,Villarreal,finished,0.0,0.0
9602899,La Liga,2021,5,1632060900,Real Sociedad,Sevilla,finished,0.0,0.0
9602902,La Liga,2021,5,1632069000,Real Betis,Espanyol,finished,2.0,2.0
9602895,La Liga,2021,5,1632078000,Valencia,Real Madrid,finished,1.0,2.0
9602845,La Liga,2021,5,1632164400,FC Barcelona,Granada,finished,1.0,1.0
9602917,La Liga,2021,6,1632245400,Getafe,Atlético Madrid,finished,1.0,2.0
9602894,La Liga,2021,6,1632254400,Athletic Club,Rayo Vallecano,finished,1.0,2.0
9602918,La Liga,2021,6,1632254400,Levante UD,Celta Vigo,finished,0.0,2.0
9602919,La Liga,2021,6,1632331800,Espanyol,Deportivo Alavés,finished,1.0,0.0
9602916,La Liga,2021,6,1632331800,Sevilla,Valencia,finished,3.0,1.0
9602910,La Liga,2021,6,1632340800,Real Madrid,Mallorca,finished,6.0,1.0
9602876,La Liga,2021,6,1632340800,Villarreal,Elche,finished,4.0,1.0
9602920,La Liga,2021,6,1632418200,Granada,Real Sociedad,finished,2.0,3.0
9602908,La Liga,2021,6,1632418200,Osasuna,Real Betis,finished,1.0,3.0
9602911,La Liga,2021,6,1632427200,Cádiz,FC Barcelona,finished,0.0,0.0
9602871,La Liga,2021,7,1632571200,Deportivo Alavés,Atlético Madrid,finished,1.0,0.0
9602888,La Liga,2021,7,1632579300,Valencia,Athletic Club,finished,1.0,1.0
9602883,La Liga,2021,7,1632587400,Sevilla,Espanyol,finished,2.0,0.0
9602870,La Liga,2021,7,1632596400,Real Madrid,Villarreal,finished,0.0,0.0
9602860,La Liga,2021,7,1632657600,Mallorca,Osasuna,finished,2.0,3.0
9602882,La Liga,2021,7,1632665700,FC Barcelona,Levante UD,finished,3.0,0.0
9602897,La Liga,2021,7,1632673800,Rayo Vallecano,Cádiz,finished,3.0,1.0
9602878,La Liga,2021,7,1632673800,Real Sociedad,Elche,finished,1.0,0.0
9602887,La Liga,2021,7,1632682800,Real Betis,Getafe,finished,2.0,0.0
9602874,La Liga,2021,7,1632769200,Celta Vigo,Granada,finished,1.0,0.0
9602892,La Liga,2021,8,1633114800,Athletic Club,Deportivo Alavés,finished,1.0,0.0
9602867,La Liga,2021,8,1633176000,Osasuna,Rayo Vallecano,finished,1.0,0.0
9602884,La Liga,2021,8,1633184100,Mallorca,Levante UD,finished,1.0,0.0
9602881,La Liga,2021,8,1633192200,Cádiz,Valencia,finished,0.0,0.0
9602880,La Liga,2021,8,1633201200,Atlético Madrid,FC Barcelona,finished,2.0,0.0
9602853,La Liga,2021,8,1633262400,Elche,Celta Vigo,finished,1.0,0.0
9602857,La Liga,2021,8,1633270500,Espanyol,Real Madrid,finished,2.0,1.0
9602879,La Liga,2021,8,1633278600,Getafe,Real Sociedad,finished,1.0,1.0
9602851,La Liga,2021,8,1633278600,Villarreal,Real Betis,finished,2.0,0.0
9602856,La Liga,2021,8,1633287600,Granada,Sevilla,finished,1.0,0.0
9602868,La Liga,2021,9,1634401800,Levante UD,Getafe,finished,0.0,0.0
9602863,La Liga,2021,9,1634410800,Real Sociedad,Mallorca,finished,1.0,0.0
9602866,La Liga,2021,9,1634472000,Rayo Vallecano,Elche,finished,2.0,1.0
9602850,La Liga,2021,9,1634480100,Celta Vigo,Sevilla,finished,0.0,1.0
9602859,La Liga,2021,9,1634488200,Villarreal,Osasuna,finished,1.0,2.0
9602855,La Liga,2021,9,1634497200,FC Barcelona,Valencia,finished,3.0,1.0
9602865,La Liga,2021,9,1634497200,Granada,Atlético Madrid,postponed,,
9602861,La Liga,2021,9,1634497200,Real Madrid,Athletic Club,postponed,,
9602852,La Liga,2021,9,1634576400,Deportivo Alavés,Real Betis,finished,0.0,1.0
9602862,La Liga,2021,9,1634583600,Espanyol,Cádiz,finished,2.0,0.0
9602837,La Liga,2021,10,1634929200,Osasuna,Granada,finished,1.0,1.0
9602836,La Liga,2021,10,1634990400,Valencia,Mallorca,finished,2.0,2.0
9602834,La Liga,2021,10,1634998500,Cádiz,Deportivo Alavés,finished,0.0,2.0
9602843,La Liga,2021,10,1635006600,Elche,Espanyol,finished,2.0,2.0
9602864,La Liga,2021,10,1635015600,Athletic Club,Villarreal,finished,2.0,1.0
9602838,La Liga,2021,10,1635076800,Sevilla,Levante UD,finished,5.0,3.0
9602833,La Liga,2021,10,1635084900,FC Barcelona,Real Madrid,finished,1.0,2.0
9602839,La Liga,2021,10,1635093000,Real Betis,Rayo Vallecano,finished,3.0,2.0
9602835,La Liga,2021,10,1635102000,Atlético Madrid,Real Sociedad,finished,2.0,2.0
9602840,La Liga,2021,10,1635188400,Getafe,Celta Vigo,finished,0.0,3.0
9602847,La Liga,2021,11,1635267600,Deportivo Alavés,Elche,finished,1.0,0.0
9602849,La Liga,2021,11,1635274800,Espanyol,Athletic Club,finished,1.0,1.0
9602907,La Liga,2021,11,1635276600,Villarreal,Cádiz,finished,3.0,3.0
9602842,La Liga,2021,11,1635354000,Mallorca,Sevilla,finished,1.0,1.0
9602901,La Liga,2021,11,1635354000,Rayo Vallecano,FC Barcelona,finished,1.0,0.0
9602854,La Liga,2021,11,1635357600,Real Betis,Valencia,finished,4.0,1.0
9602900,La Liga,2021,11,1635363000,Real Madrid,Osasuna,finished,0.0,0.0
9602858,La Liga,2021,11,1635440400,Celta Vigo,Real Sociedad,finished,0.0,2.0
9602844,La Liga,2021,11,1635444000,Granada,Getafe,finished,1.0,1.0
9602846,La Liga,2021,11,1635449400,Levante UD,Atlético Madrid,finished,2.0,2.0
9602912,La Liga,2021,12,1635595200,Elche,Real Madrid,finished,1.0,2.0
9602913,La Liga,2021,12,1635603300,Sevilla,Osasuna,finished,2.0,0.0
9602922,La Liga,2021,12,1635611400,Valencia,Villarreal,finished,2.0,0.0
9602893,La Liga,2021,12,1635620400,FC Barcelona,Deportivo Alavés,finished,1.0,1.0
9602890,La Liga,2021,12,1635685200,Cádiz,Mallorca,finished,1.0,1.0
9602903,La Liga,2021,12,1635693300,Atlético Madrid,Real Betis,finished,3.0,0.0
9602891,La Liga,2021,12,1635701400,Getafe,Espanyol,finished,2.0,1.0
9602914,La Liga,2021,12,1635710400,Real Sociedad,Athletic Club,finished,1.0,1.0
9602921,La Liga,2021,12,1635787800,Rayo Vallecano,Celta Vigo,finished,0.0,0.0
9602896,La Liga,2021,12,1635796800,Levante UD,Granada,finished,0.0,3.0
9602909,La Liga,2021,13,1636142400,Athletic Club,Cádiz,finished,0.0,1.0
9602885,La Liga,2021,13,1636203600,Espanyol,Granada,finished,2.0,0.0
9602873,La Liga,2021,13,1636211700,Celta Vigo,FC Barcelona,finished,3.0,3.0
9602905,La Liga,2021,13,1636219800,Deportivo Alavés,Levante UD,finished,2.0,1.0
9602869,La Liga,2021,13,1636228800,Real Madrid,Rayo Vallecano,finished,2.0,1.0
9602872,La Liga,2021,13,1636290000,Villarreal,Getafe,finished,1.0,0.0
9602877,La Liga,2021,13,1636298100,Valencia,Atlético Madrid,finished,3.0,3.0
9602875,La Liga,2021,13,1636306200,Mallorca,Elche,finished,2.0,2.0
9602886,La Liga,2021,13,1636306200,Osasuna,Real Sociedad,finished,0.0,2.0
9602915,La Liga,2021,13,1636315200,Real Betis,Sevilla,finished,0.0,2.0
9602955,La Liga,2021,14,1637352000,Levante UD,Athletic Club,finished,0.0,0.0
9602958,La Liga,2021,14,1637413200,Celta Vigo,Villarreal,finished,1.0,1.0
9602960,La Liga,2021,14,1637421300,Sevilla,Deportivo Alavés,finished,2.0,2.0
9602954,La Liga,2021,14,1637429400,Atlético Madrid,Osasuna,finished,1.0,0.0
9602959,La Liga,2021,14,1637438400,FC Barcelona,Espanyol,finished,1.0,0.0
9602965,La Liga,2021,14,1637499600,Getafe,Cádiz,finished,4.0,0.0
9602969,La Liga,2021,14,1637507700,Granada,Real Madrid,finished,1.0,4.0
9603007,La Liga,2021,14,1637515800,Elche,Real Betis,finished,0.0,3.0
9602952,La Liga,2021,14,1637524800,Real Sociedad,Valencia,finished,0.0,0.0
9602956,La Liga,2021,14,1637611200,Rayo Vallecano,Mallorca,finished,3.0,1.0
9603005,La Liga,2021,15,1637956800,Athletic Club,Granada,finished,2.0,2.0
9603004,La Liga,2021,15,1638018000,Deportivo Alavés,Celta Vigo,finished,1.0,2.0
9603006,La Liga,2021,15,1638026100,Valencia,Rayo Vallecano,finished,1.0,1.0
9602997,La Liga,2021,15,1638034200,Mallorca,Getafe,finished,0.0,0.0
9603010,La Liga,2021,15,1638043200,Villarreal,FC Barcelona,finished,1.0,3.0
9603000,La Liga,2021,15,1638104400,Real Betis,Levante UD,finished,3.0,1.0
9602996,La Liga,2021,15,1638112500,Espanyol,Real Sociedad,finished,1.0,0.0
9602998,La Liga,2021,15,1638120600,Cádiz,Atlético Madrid,finished,1.0,4.0
9603015,La Liga,2021,15,1638129600,Real Madrid,Sevilla,finished,2.0,1.0
9602995,La Liga,2021,15,1638216000,Osasuna,Elche,finished,1.0,1.0
9971194,La Liga,2021,9,1638388800,Real Madrid,Athletic Club,finished,1.0,0.0
9603002,La Liga,2021,16,1638561600,Granada,Deportivo Alavés,finished,2.0,1.0
9602988,La Liga,2021,16,1638622800,Sevilla,Villarreal,finished,1.0,0.0
9603008,La Liga,2021,16,1638630900,FC Barcelona,Real Betis,finished,0.0,1.0
9603018,La Liga,2021,16,1638639000,Atlético Madrid,Mallorca,finished,1.0,2.0
9602983,La Liga,2021,16,1638648000,Real Sociedad,Real Madrid,finished,0.0,2.0
9602982,La Liga,2021,16,1638709200,Rayo Vallecano,Espanyol,finished,1.0,0.0
9602978,La Liga,2021,16,1638717300,Elche,Cádiz,finished,3.0,1.0
9602987,La Liga,2021,16,1638725400,Levante UD,Osasuna,finished,0.0,0.0
9603001,La Liga,2021,16,1638734400,Celta Vigo,Valencia,finished,1.0,2.0
9603003,La Liga,2021,16,1638820800,Getafe,Athletic Club,finished,0.0,0.0
9602999,La Liga,2021,17,1639166400,Mallorca,Celta Vigo,finished,0.0,0.0
9602994,La Liga,2021,17,1639227600,Espanyol,Levante UD,finished,4.0,3.0
9602977,La Liga,2021,17,1639235700,Deportivo Alavés,Getafe,finished,1.0,1.0
9602986,La Liga,2021,17,1639243800,Valencia,Elche,finished,2.0,1.0
9602984,La Liga,2021,17,1639252800,Athletic Club,Sevilla,finished,0.0,1.0
9602991,La Liga,2021,17,1639314000,Villarreal,Rayo Vallecano,finished,2.0,0.0
9602992,La Liga,2021,17,1639322100,Osasuna,FC Barcelona,finished,2.0,2.0
9602989,La Liga,2021,17,1639330200,Real Betis,Real Sociedad,finished,4.0,0.0
9602990,La Liga,2021,17,1639339200,Real Madrid,Atlético Madrid,finished,2.0,0.0
9602993,La Liga,2021,17,1639425600,Cádiz,Granada,finished,1.0,1.0
9603031,La Liga,2021,18,1639771200,Celta Vigo,Espanyol,finished,3.0,1.0
9603044,La Liga,2021,18,1639832400,Rayo Vallecano,Deportivo Alavés,finished,2.0,0.0
9603032,La Liga,2021,18,1639840500,Real Sociedad,Villarreal,finished,1.0,3.0
9603037,La Liga,2021,18,1639848600,FC Barcelona,Elche,finished,3.0,2.0
9603036,La Liga,2021,18,1639857600,Sevilla,Atlético Madrid,finished,2.0,1.0
9603029,La Liga,2021,18,1639918800,Granada,Mallorca,finished,4.0,1.0
9602985,La Liga,2021,18,1639926900,Athletic Club,Real Betis,finished,3.0,2.0
9603033,La Liga,2021,18,1639935000,Getafe,Osasuna,finished,1.0,0.0
9603020,La Liga,2021,18,1639944000,Real Madrid,Cádiz,finished,0.0,0.0
9603027,La Liga,2021,18,1640030400,Levante UD,Valencia,finished,3.0,4.0
9979984,La Liga,2021,4,1640109600,Villarreal,Deportivo Alavés,finished,5.0,2.0
9979985,La Liga,2021,4,1640118600,Sevilla,FC Barcelona,finished,1.0,1.0
9979994,La Liga,2021,9,1640196000,Granada,Atlético Madrid,finished,2.0,1.0
9603025,La Liga,2021,21,1640205000,Athletic Club,Real Madrid,finished,1.0,2.0
9603014,La Liga,2021,19,1640963700,Valencia,Espanyol,finished,1.0,2.0
9603030,La Liga,2021,19,1641128400,Getafe,Real Madrid,finished,1.0,0.0
9603045,La Liga,2021,19,1641136500,Atlético Madrid,Rayo Vallecano,finished,2.0,0.0
9603021,La Liga,2021,19,1641136500,Elche,Granada,finished,0.0,0.0
9603046,La Liga,2021,19,1641144600,Deportivo Alavés,Real Sociedad,finished,1.0,1.0
9603043,La Liga,2021,19,1641144600,Real Betis,Celta Vigo,finished,0.0,2.0
9603034,La Liga,2021,19,1641153600,Mallorca,FC Barcelona,finished,0.0,1.0
9603013,La Liga,2021,19,1641232800,Villarreal,Levante UD,finished,5.0,0.0
9603035,La Liga,2021,19,1641240000,Osasuna,Athletic Club,finished,1.0,3.0
9603038,La Liga,2021,19,1641240900,Cádiz,Sevilla,finished,0.0,1.0
9603012,La Liga,2021,20,1641646800,Levante UD,Mallorca,finished,2.0,0.0
9603022,La Liga,2021,20,1641654900,Real Sociedad,Celta Vigo,finished,1.0,0.0
9603011,La Liga,2021,20,1641663000,Granada,FC Barcelona,finished,1.0,1.0
9603019,La Liga,2021,20,1641672000,Real Madrid,Valencia,finished,4.0,1.0
9603024,La Liga,2021,20,1641733200,Rayo Vallecano,Real Betis,finished,1.0,1.0
9603023,La Liga,2021,20,1641741300,Sevilla,Getafe,finished,1.0,0.0
9603017,La Liga,2021,20,1641749400,Deportivo Alavés,Athletic Club,finished,0.0,0.0
9603009,La Liga,2021,20,1641749400,Osasuna,Cádiz,finished,2.0,0.0
9603028,La Liga,2021,20,1641758400,Villarreal,Atlético Madrid,finished,2.0,2.0
9603016,La Liga,2021,20,1641844800,Espanyol,Elche,finished,1.0,2.0
9602941,La Liga,2021,21,1642338000,Elche,Villarreal,finished,1.0,0.0
9602951,La Liga,2021,21,1642532400,Real Betis,Deportivo Alavés,finished,4.0,0.0
9602940,La Liga,2021,21,1642537800,Cádiz,Espanyol,finished,2.0,2.0
9602942,La Liga,2021,21,1642615200,Celta Vigo,Osasuna,finished,2.0,0.0
9602946,La Liga,2021,21,1642624200,FC Barcelona,Rayo Vallecano,postponed,,
9602945,La Liga,2021,21,1642624200,Valencia,Sevilla,finished,1.0,1.0
9602936,La Liga,2021,21,1642701600,Getafe,Granada,finished,4.0,2.0
9602947,La Liga,2021,21,1642701600,Mallorca,Real Sociedad,postponed,,
9602957,La Liga,2021,22,1642795200,Espanyol,Real Betis,finished,1.0,4.0
9602944,La Liga,2021,22,1642856400,Levante UD,Cádiz,finished,0.0,2.0
9602927,La Liga,2021,22,1642864500,Villarreal,Mallorca,finished,3.0,0.0
9602950,La Liga,2021,22,1642872600,Sevilla,Celta Vigo,finished,2.0,2.0
9602948,La Liga,2021,22,1642881600,Atlético Madrid,Valencia,finished,3.0,2.0
9602953,La Liga,2021,22,1642942800,Granada,Osasuna,finished,0.0,2.0
9602943,La Liga,2021,22,1642950900,Real Madrid,Elche,finished,2.0,2.0
9602923,La Liga,2021,22,1642959000,Rayo Vallecano,Athletic Club,finished,0.0,1.0
9602949,La Liga,2021,22,1642959000,Real Sociedad,Getafe,finished,0.0,0.0
9602961,La Liga,2021,22,1642968000,Deportivo Alavés,FC Barcelona,finished,0.0,1.0
9602924,La Liga,2021,23,1644004800,Getafe,Levante UD,finished,3.0,0.0
9602938,La Liga,2021,23,1644066000,Elche,Deportivo Alavés,finished,3.0,1.0
9602928,La Liga,2021,23,1644074100,Mallorca,Cádiz,finished,2.0,1.0
9602925,La Liga,2021,23,1644082200,Celta Vigo,Rayo Vallecano,finished,2.0,0.0
9602933,La Liga,2021,23,1644091200,Osasuna,Sevilla,finished,0.0,0.0
9602937,La Liga,2021,23,1644152400,Valencia,Real Sociedad,finished,0.0,0.0
9602931,La Liga,2021,23,1644160500,FC Barcelona,Atlético Madrid,finished,4.0,2.0
9602926,La Liga,2021,23,1644168600,Real Betis,Villarreal,finished,0.0,2.0
9602934,La Liga,2021,23,1644177600,Real Madrid,Granada,finished,1.0,0.0
9602930,La Liga,2021,23,1644264000,Athletic Club,Espanyol,finished,2.0,1.0
9602968,La Liga,2021,24,1644609600,Sevilla,Elche,finished,2.0,0.0
9602935,La Liga,2021,24,1644670800,Cádiz,Celta Vigo,finished,0.0,0.0
9602964,La Liga,2021,24,1644678900,Villarreal,Real Madrid,finished,0.0,0.0
9602966,La Liga,2021,24,1644687000,Rayo Vallecano,Osasuna,finished,0.0,3.0
9602929,La Liga,2021,24,1644696000,Atlético Madrid,Getafe,finished,4.0,3.0
9602932,La Liga,2021,24,1644757200,Deportivo Alavés,Valencia,finished,2.0,1.0
9602967,La Liga,2021,24,1644765300,Levante UD,Real Betis,finished,2.0,4.0
9602971,La Liga,2021,24,1644773400,Real Sociedad,Granada,finished,2.0,0.0
9602970,La Liga,2021,24,1644782400,Espanyol,FC Barcelona,finished,2.0,2.0
9602939,La Liga,2021,24,1644868800,Mallorca,Athletic Club,finished,3.0,2.0
9603026,La Liga,2021,21,1645034400,Atlético Madrid,Levante UD,finished,0.0,1.0
9602975,La Liga,2021,25,1645214400,Elche,Rayo Vallecano,finished,2.0,1.0
9602981,La Liga,2021,25,1645275600,Granada,Villarreal,finished,1.0,4.0
9602980,La Liga,2021,25,1645283700,Osasuna,Atlético Madrid,finished,0.0,3.0
9602979,La Liga,2021,25,1645291800,Cádiz,Getafe,finished,1.0,1.0
9602973,La Liga,2021,25,1645300800,Real Madrid,Deportivo Alavés,finished,3.0,0.0
9602976,La Liga,2021,25,1645362000,Espanyol,Sevilla,finished,1.0,1.0
9602972,La Liga,2021,25,1645370100,Valencia,FC Barcelona,finished,1.0,4.0
9602963,La Liga,2021,25,1645378200,Real Betis,Mallorca,finished,2.0,1.0
9602962,La Liga,2021,25,1645387200,Athletic Club,Real Sociedad,finished,4.0,0.0
9602974,La Liga,2021,25,1645473600,Celta Vigo,Levante UD,finished,1.0,1.0
9603073,La Liga,2021,26,1645819200,Levante UD,Elche,finished,3.0,0.0
9603087,La Liga,2021,26,1645880400,Mallorca,Valencia,finished,0.0,1.0
9603088,La Liga,2021,26,1645888500,Getafe,Deportivo Alavés,finished,2.0,2.0
9603094,La Liga,2021,26,1645896600,Rayo Vallecano,Real Madrid,finished,0.0,1.0
9603082,La Liga,2021,26,1645905600,Atlético Madrid,Celta Vigo,finished,2.0,0.0
9603107,La Liga,2021,26,1645966800,Villarreal,Espanyol,finished,5.0,1.0
9603077,La Liga,2021,26,1645974900,Sevilla,Real Betis,finished,2.0,1.0
9603074,La Liga,2021,26,1645983000,Real Sociedad,Osasuna,finished,1.0,0.0
9603097,La Liga,2021,26,1645992000,FC Barcelona,Athletic Club,finished,4.0,0.0
9603075,La Liga,2021,26,1646078400,Granada,Cádiz,finished,0.0,0.0
10114814,La Liga,2021,21,1646251200,Mallorca,Real Sociedad,finished,0.0,2.0
9603095,La Liga,2021,27,1646424000,Deportivo Alavés,Sevilla,finished,0.0,0.0
9603131,La Liga,2021,27,1646485200,Osasuna,Villarreal,finished,1.0,0.0
9603085,La Liga,2021,27,1646493300,Espanyol,Getafe,finished,2.0,0.0
9603132,La Liga,2021,27,1646501400,Valencia,Granada,finished,3.0,1.0
9603135,La Liga,2021,27,1646510400,Real Madrid,Real Sociedad,finished,4.0,1.0
9603108,La Liga,2021,27,1646571600,Cádiz,Rayo Vallecano,finished,2.0,0.0
9603133,La Liga,2021,27,1646579700,Elche,FC Barcelona,finished,1.0,2.0
9603084,La Liga,2021,27,1646587800,Celta Vigo,Mallorca,finished,4.0,3.0
9603086,La Liga,2021,27,1646596800,Real Betis,Atlético Madrid,finished,1.0,3.0
9603093,La Liga,2021,27,1646683200,Athletic Club,Levante UD,finished,3.0,1.0
9603129,La Liga,2021,28,1647028800,Atlético Madrid,Cádiz,finished,2.0,1.0
9603142,La Liga,2021,28,1647090000,Levante UD,Espanyol,finished,1.0,1.0
9603138,La Liga,2021,28,1647098100,Granada,Elche,finished,0.0,1.0
9603130,La Liga,2021,28,1647106200,Villarreal,Celta Vigo,finished,1.0,0.0
9603157,La Liga,2021,28,1647115200,Getafe,Valencia,finished,0.0,0.0
9603152,La Liga,2021,28,1647176400,Rayo Vallecano,Sevilla,finished,1.0,1.0
9603134,La Liga,2021,28,1647184500,Real Betis,Athletic Club,finished,1.0,0.0
9603141,La Liga,2021,28,1647192600,Real Sociedad,Deportivo Alavés,finished,1.0,0.0
9603128,La Liga,2021,28,1647201600,FC Barcelona,Osasuna,finished,4.0,0.0
9603144,La Liga,2021,28,1647288000,Mallorca,Real Madrid,finished,0.0,3.0
9603137,La Liga,2021,29,1647633600,Athletic Club,Getafe,finished,1.0,1.0
9603136,La Liga,2021,29,1647694800,Deportivo Alavés,Granada,finished,2.0,3.0
9603122,La Liga,2021,29,1647702900,Elche,Valencia,finished,0.0,1.0
9603112,La Liga,2021,29,1647711000,Osasuna,Levante UD,finished,3.0,1.0
9603116,La Liga,2021,29,1647720000,Rayo Vallecano,Atlético Madrid,finished,0.0,1.0
9603119,La Liga,2021,29,1647781200,Espanyol,Mallorca,finished,1.0,0.0
9603111,La Liga,2021,29,1647789300,Celta Vigo,Real Betis,finished,0.0,0.0
9603114,La Liga,2021,29,1647789300,Cádiz,Villarreal,finished,1.0,0.0
9603117,La Liga,2021,29,1647797400,Sevilla,Real Sociedad,finished,0.0,0.0
9603118,La Liga,2021,29,1647806400,Real Madrid,FC Barcelona,finished,0.0,4.0
9603123,La Liga,2021,30,1648900800,Getafe,Mallorca,finished,1.0,0.0
9603163,La Liga,2021,30,1648908900,Levante UD,Villarreal,finished,2.0,0.0
9603139,La Liga,2021,30,1648917000,Celta Vigo,Real Madrid,finished,1.0,2.0
9603147,La Liga,2021,30,1648926000,Atlético Madrid,Deportivo Alavés,finished,4.0,1.0
9603125,La Liga,2021,30,1648987200,Athletic Club,Elche,finished,2.0,1.0
9603124,La Liga,2021,30,1648995300,Real Betis,Osasuna,finished,4.0,1.0
9603126,La Liga,2021,30,1649003400,Granada,Rayo Vallecano,finished,2.0,2.0
9603176,La Liga,2021,30,1649003400,Valencia,Cádiz,finished,0.0,0.0
9603121,La Liga,2021,30,1649012400,FC Barcelona,Sevilla,finished,1.0,0.0
9603177,La Liga,2021,30,1649098800,Real Sociedad,Espanyol,finished,1.0,0.0
9603168,La Liga,2021,31,1649444400,Sevilla,Granada,finished,4.0,2.0
9603161,La Liga,2021,31,1649505600,Cádiz,Real Betis,finished,1.0,2.0
9603164,La Liga,2021,31,1649513700,Mallorca,Atlético Madrid,finished,1.0,0.0
9603178,La Liga,2021,31,1649521800,Villarreal,Athletic Club,finished,1.0,1.0
9603167,La Liga,2021,31,1649530800,Real Madrid,Getafe,finished,2.0,0.0
9603160,La Liga,2021,31,1649592000,Osasuna,Deportivo Alavés,finished,1.0,0.0
9603159,La Liga,2021,31,1649600100,Espanyol,Celta Vigo,finished,1.0,0.0
9603173,La Liga,2021,31,1649608200,Elche,Real Sociedad,finished,1.0,2.0
9603158,La Liga,2021,31,1649617200,Levante UD,FC Barcelona,finished,2.0,3.0
9603172,La Liga,2021,31,1649703600,Rayo Vallecano,Valencia,finished,1.0,1.0
9603151,La Liga,2021,32,1650049200,Real Sociedad,Real Betis,finished,0.0,0.0
9603145,La Liga,2021,32,1650110400,Elche,Mallorca,finished,3.0,0.0
9603169,La Liga,2021,32,1650118500,Deportivo Alavés,Rayo Vallecano,finished,1.0,0.0
9603143,La Liga,2021,32,1650126600,Valencia,Osasuna,finished,1.0,2.0
9603146,La Liga,2021,32,1650135600,Getafe,Villarreal,finished,1.0,2.0
9603155,La Liga,2021,32,1650196800,Granada,Levante UD,finished,1.0,4.0
9603170,La Liga,2021,32,1650204900,Atlético Madrid,Espanyol,finished,2.0,1.0
9603171,La Liga,2021,32,1650213000,Athletic Club,Celta Vigo,finished,0.0,2.0
9603140,La Liga,2021,32,1650222000,Sevilla,Real Madrid,finished,2.0,3.0
9603165,La Liga,2021,32,1650308400,FC Barcelona,Cádiz,finished,0.0,1.0
9603162,La Liga,2021,33,1650387600,Mallorca,Deportivo Alavés,finished,2.0,1.0
9603156,La Liga,2021,33,1650394800,Real Betis,Elche,finished,0.0,1.0
9603068,La Liga,2021,33,1650396600,Villarreal,Valencia,finished,2.0,0.0
9603166,La Liga,2021,33,1650474000,Atlético Madrid,Granada,finished,0.0,0.0
9603154,La Liga,2021,33,1650477600,Celta Vigo,Getafe,finished,0.0,2.0
9603175,La Liga,2021,33,1650483000,Osasuna,Real Madrid,finished,1.0,3.0
9603149,La Liga,2021,33,1650560400,Espanyol,Rayo Vallecano,finished,0.0,1.0
9603153,La Liga,2021,33,1650560400,Levante UD,Sevilla,finished,2.0,3.0
9603174,La Liga,2021,33,1650564000,Cádiz,Athletic Club,finished,2.0,3.0
9603148,La Liga,2021,33,1650569400,Real Sociedad,FC Barcelona,finished,0.0,1.0
10196388,La Liga,2021,21,1650826800,FC Barcelona,Rayo Vallecano,finished,0.0,1.0
9603061,La Liga,2021,34,1651258800,Sevilla,Cádiz,finished,1.0,1.0
9603067,La Liga,2021,34,1651320000,Deportivo Alavés,Villarreal,finished,2.0,1.0
9603081,La Liga,2021,34,1651328100,Real Madrid,Espanyol,finished,4.0,0.0
9603089,La Liga,2021,34,1651336200,Valencia,Levante UD,finished,1.0,1.0
9603066,La Liga,2021,34,1651345200,Athletic Club,Atlético Madrid,finished,2.0,0.0
9603078,La Liga,2021,34,1651406400,Elche,Osasuna,finished,1.0,1.0
9603080,La Liga,2021,34,1651414500,Granada,Celta Vigo,finished,1.0,1.0
9603072,La Liga,2021,34,1651422600,Rayo Vallecano,Real Sociedad,finished,1.0,1.0
9603064,La Liga,2021,34,1651431600,FC Barcelona,Mallorca,finished,2.0,1.0
9603062,La Liga,2021,34,1651518000,Getafe,Real Betis,finished,0.0,0.0
9603069,La Liga,2021,35,1651863600,Levante UD,Real Sociedad,finished,2.0,1.0
9603090,La Liga,2021,35,1651924800,Mallorca,Granada,finished,2.0,6.0
9603076,La Liga,2021,35,1651932900,Athletic Club,Valencia,finished,0.0,0.0
9603071,La Liga,2021,35,1651941000,Celta Vigo,Deportivo Alavés,finished,4.0,0.0
9603051,La Liga,2021,35,1651941000,Cádiz,Elche,finished,3.0,0.0
9603065,La Liga,2021,35,1651950000,Real Betis,FC Barcelona,finished,1.0,2.0
9603047,La Liga,2021,35,1652011200,Getafe,Rayo Vallecano,finished,0.0,0.0
9603048,La Liga,2021,35,1652019300,Villarreal,Sevilla,finished,1.0,1.0
9603053,La Liga,2021,35,1652027400,Espanyol,Osasuna,finished,1.0,1.0
9603063,La Liga,2021,35,1652036400,Atlético Madrid,Real Madrid,finished,1.0,0.0
9603070,La Liga,2021,36,1652202000,Valencia,Real Betis,finished,0.0,3.0
9603049,La Liga,2021,36,1652205600,Granada,Athletic Club,finished,1.0,0.0
9603050,La Liga,2021,36,1652211000,FC Barcelona,Celta Vigo,finished,3.0,1.0
9603052,La Liga,2021,36,1652288400,Deportivo Alavés,Espanyol,finished,2.0,1.0
9603056,La Liga,2021,36,1652288400,Osasuna,Getafe,finished,1.0,1.0
9603057,La Liga,2021,36,1652293800,Sevilla,Mallorca,finished,0.0,0.0
9603060,La Liga,2021,36,1652297400,Elche,Atlético Madrid,finished,0.0,2.0
9603055,La Liga,2021,36,1652374800,Real Sociedad,Cádiz,finished,3.0,0.0
9603054,La Liga,2021,36,1652378400,Rayo Vallecano,Villarreal,finished,1.0,5.0
9603058,La Liga,2021,36,1652383800,Real Madrid,Levante UD,finished,6.0,0.0
9603113,La Liga,2021,37,1652545800,Espanyol,Valencia,finished,1.0,1.0
9603059,La Liga,2021,37,1652635800,Athletic Club,Osasuna,finished,2.0,0.0
9603099,La Liga,2021,37,1652635800,Atlético Madrid,Sevilla,finished,1.0,1.0
9603103,La Liga,2021,37,1652635800,Celta Vigo,Elche,finished,1.0,0.0
9603092,La Liga,2021,37,1652635800,Cádiz,Real Madrid,finished,1.0,1.0
9603096,La Liga,2021,37,1652635800,Getafe,FC Barcelona,finished,0.0,0.0
9603091,La Liga,2021,37,1652635800,Levante UD,Deportivo Alavés,finished,3.0,1.0
9603115,La Liga,2021,37,1652635800,Mallorca,Rayo Vallecano,finished,2.0,1.0
9603098,La Liga,2021,37,1652635800,Real Betis,Granada,finished,2.0,0.0
9603127,La Liga,2021,37,1652635800,Villarreal,Real Sociedad,finished,1.0,2.0
9603079,La Liga,2021,38,1653073200,Rayo Vallecano,Levante UD,finished,2.0,4.0
9603106,La Liga,2021,38,1653073200,Real Madrid,Real Betis,finished,0.0,0.0
9603100,La Liga,2021,38,1653147000,Valencia,Celta Vigo,finished,2.0,0.0
9603083,La Liga,2021,38,1653233400,Elche,Getafe,finished,3.0,1.0
9603104,La Liga,2021,38,1653242400,Deportivo Alavés,Cádiz,finished,0.0,1.0
9603109,La Liga,2021,38,1653242400,Granada,Espanyol,finished,0.0,0.0
9603102,La Liga,2021,38,1653242400,Osasuna,Mallorca,finished,0.0,2.0
9603110,La Liga,2021,38,1653249600,FC Barcelona,Villarreal,finished,0.0,2.0
9603101,La Liga,2021,38,1653249600,Real Sociedad,Atlético Madrid,finished,1.0,2.0
9603105,La Liga,2021,38,1653249600,Sevilla,Athletic Club,finished,1.0,0.0
10408559,La Liga,2022,1,1660330800,Osasuna,Sevilla,finished,2.0,1.0
10408645,La Liga,2022,1,1660402800,Celta Vigo,Espanyol,finished,2.0,2.0
10408563,La Liga,2022,1,1660410000,Real Valladolid,Villarreal,finished,0.0,3.0
10408557,La Liga,2022,1,1660417200,FC Barcelona,Rayo Vallecano,finished,0.0,0.0
10408561,La Liga,2022,1,1660491000,Cádiz,Real Sociedad,finished,0.0,1.0
10408623,La Liga,2022,1,1660498200,Valencia,Girona FC,finished,1.0,0.0
10408712,La Liga,2022,1,1660507200,Almería,Real Madrid,finished,1.0,2.0
10408560,La Liga,2022,1,1660577400,Athletic Club,Mallorca,finished,0.0,0.0
10408564,La Liga,2022,1,1660584600,Getafe,Atlético Madrid,finished,0.0,3.0
10408566,La Liga,2022,1,1660591800,Real Betis,Elche,finished,3.0,0.0
10408624,La Liga,2022,2,1660932000,Espanyol,Rayo Vallecano,finished,0.0,2.0
10408633,La Liga,2022,2,1660939200,Sevilla,Real Valladolid,finished,1.0,1.0
10408630,La Liga,2022,2,1661009400,Osasuna,Cádiz,finished,2.0,0.0
10408628,La Liga,2022,2,1661016600,Mallorca,Real Betis,finished,1.0,2.0
10408641,La Liga,2022,2,1661025600,Celta Vigo,Real Madrid,finished,1.0,4.0
10408640,La Liga,2022,2,1661095800,Athletic Club,Valencia,finished,1.0,0.0
10408639,La Liga,2022,2,1661103000,Atlético Madrid,Villarreal,finished,0.0,2.0
10408627,La Liga,2022,2,1661112000,Real Sociedad,FC Barcelona,finished,1.0,4.0
10408631,La Liga,2022,2,1661191200,Elche,Almería,finished,1.0,1.0
10408635,La Liga,2022,2,1661198400,Girona FC,Getafe,finished,3.0,1.0
10408601,La Liga,2022,3,1661536800,Girona FC,Celta Vigo,finished,0.0,1.0
10408626,La Liga,2022,3,1661544000,Real Betis,Osasuna,finished,1.0,0.0
10408634,La Liga,2022,3,1661614200,Elche,Real Sociedad,finished,0.0,1.0
10408597,La Liga,2022,3,1661621400,Rayo Vallecano,Mallorca,finished,0.0,2.0
10408602,La Liga,2022,3,1661630400,Almería,Sevilla,finished,2.0,1.0
10408632,La Liga,2022,3,1661700600,Getafe,Villarreal,finished,0.0,0.0
10408638,La Liga,2022,3,1661707800,FC Barcelona,Real Valladolid,finished,4.0,0.0
10408629,La Liga,2022,3,1661716800,Espanyol,Real Madrid,finished,1.0,3.0
10408598,La Liga,2022,3,1661796000,Cádiz,Athletic Club,finished,0.0,4.0
10408603,La Liga,2022,3,1661803200,Valencia,Atlético Madrid,finished,0.0,1.0
10408600,La Liga,2022,4,1662145200,Celta Vigo,Cádiz,finished,3.0,0.0
10408606,La Liga,2022,4,1662206400,Mallorca,Girona FC,finished,1.0,1.0
10408607,La Liga,2022,4,1662214500,Real Madrid,Real Betis,finished,2.0,1.0
10408596,La Liga,2022,4,1662222600,Real Sociedad,Atlético Madrid,finished,1.0,1.0
10408608,La Liga,2022,4,1662231600,Sevilla,FC Barcelona,finished,0.0,3.0
10408599,La Liga,2022,4,1662292800,Osasuna,Rayo Vallecano,finished,2.0,1.0
10408605,La Liga,2022,4,1662300900,Athletic Club,Espanyol,finished,0.0,1.0
10408609,La Liga,2022,4,1662309000,Villarreal,Elche,finished,4.0,0.0
10408610,La Liga,2022,4,1662318000,Valencia,Getafe,finished,5.0,1.0
10408604,La Liga,2022,4,1662404400,Real Valladolid,Almería,finished,1.0,0.0
10408615,La Liga,2022,5,1662750000,Girona FC,Real Valladolid,finished,2.0,1.0
10408620,La Liga,2022,5,1662811200,Rayo Vallecano,Valencia,finished,2.0,1.0
10408621,La Liga,2022,5,1662819300,Espanyol,Sevilla,finished,2.0,3.0
10408612,La Liga,2022,5,1662827400,Cádiz,FC Barcelona,finished,0.0,4.0
10408611,La Liga,2022,5,1662836400,Atlético Madrid,Celta Vigo,finished,4.0,1.0
10408637,La Liga,2022,5,1662897600,Real Madrid,Mallorca,finished,4.0,1.0
10408616,La Liga,2022,5,1662905700,Elche,Athletic Club,finished,1.0,4.0
10408613,La Liga,2022,5,1662913800,Getafe,Real Sociedad,finished,2.0,1.0
10408636,La Liga,2022,5,1662922800,Real Betis,Villarreal,finished,1.0,0.0
10408614,La Liga,2022,5,1663009200,Almería,Osasuna,finished,0.0,1.0
10408438,La Liga,2022,6,1663354800,Real Valladolid,Cádiz,finished,0.0,1.0
10408450,La Liga,2022,6,1663416000,Mallorca,Almería,finished,1.0,0.0
10408625,La Liga,2022,6,1663424100,FC Barcelona,Elche,finished,3.0,0.0
10408619,La Liga,2022,6,1663432200,Valencia,Celta Vigo,finished,3.0,0.0
10408617,La Liga,2022,6,1663441200,Athletic Club,Rayo Vallecano,finished,3.0,2.0
10408436,La Liga,2022,6,1663502400,Osasuna,Getafe,finished,0.0,2.0
10408447,La Liga,2022,6,1663510500,Villarreal,Sevilla,finished,1.0,1.0
10408618,La Liga,2022,6,1663518600,Real Betis,Girona FC,finished,2.0,1.0
10408460,La Liga,2022,6,1663518600,Real Sociedad,Espanyol,finished,2.0,1.0
10408622,La Liga,2022,6,1663527600,Atlético Madrid,Real Madrid,finished,1.0,2.0
10408453,La Liga,2022,7,1664564400,Athletic Club,Almería,finished,4.0,0.0
10408448,La Liga,2022,7,1664625600,Cádiz,Villarreal,finished,0.0,0.0
10408452,La Liga,2022,7,1664633700,Getafe,Real Valladolid,finished,2.0,3.0
10408439,La Liga,2022,7,1664641800,Sevilla,Atlético Madrid,finished,0.0,2.0
10408459,La Liga,2022,7,1664650800,Mallorca,FC Barcelona,finished,0.0,1.0
10408458,La Liga,2022,7,1664712000,Espanyol,Valencia,finished,2.0,2.0
10408454,La Liga,2022,7,1664720100,Celta Vigo,Real Betis,finished,1.0,0.0
10408449,La Liga,2022,7,1664728200,Girona FC,Real Sociedad,finished,3.0,5.0
10408465,La Liga,2022,7,1664737200,Real Madrid,Osasuna,finished,1.0,1.0
10408480,La Liga,2022,7,1664823600,Rayo Vallecano,Elche,finished,2.0,1.0
10408591,La Liga,2022,8,1665169200,Osasuna,Valencia,finished,1.0,2.0
10408584,La Liga,2022,8,1665230400,Almería,Rayo Vallecano,finished,3.0,1.0
10408451,La Liga,2022,8,1665238500,Atlético Madrid,Girona FC,finished,2.0,1.0
10408467,La Liga,2022,8,1665246600,Sevilla,Athletic Club,finished,1.0,1.0
10408475,La Liga,2022,8,1665255600,Getafe,Real Madrid,finished,0.0,1.0
10408586,La Liga,2022,8,1665316800,Real Valladolid,Real Betis,finished,0.0,0.0
10408469,La Liga,2022,8,1665324900,Cádiz,Espanyol,finished,2.0,2.0
10408589,La Liga,2022,8,1665333000,Real Sociedad,Villarreal,finished,1.0,0.0
10408457,La Liga,2022,8,1665342000,FC Barcelona,Celta Vigo,finished,1.0,0.0
10408471,La Liga,2022,8,1665428400,Elche,Mallorca,finished,1.0,1.0
10408594,La Liga,2022,9,1665774000,Rayo Vallecano,Getafe,finished,0.0,0.0
10408481,La Liga,2022,9,1665835200,Girona FC,Cádiz,finished,1.0,1.0
10408478,La Liga,2022,9,1665843300,Valencia,Elche,finished,2.0,2.0
10408484,La Liga,2022,9,1665851400,Mallorca,Sevilla,finished,0.0,1.0
10408581,La Liga,2022,9,1665860400,Athletic Club,Atlético Madrid,finished,0.0,1.0
10408491,La Liga,2022,9,1665921600,Celta Vigo,Real Sociedad,finished,1.0,2.0
10408490,La Liga,2022,9,1665929700,Real Madrid,FC Barcelona,finished,3.0,1.0
10408487,La Liga,2022,9,1665937800,Espanyol,Real Valladolid,finished,1.0,0.0
10408262,La Liga,2022,9,1665946800,Real Betis,Almería,finished,3.0,1.0
10408474,La Liga,2022,9,1666033200,Villarreal,Osasuna,finished,2.0,0.0
10408261,La Liga,2022,10,1666112400,Sevilla,Valencia,finished,1.0,1.0
10408485,La Liga,2022,10,1666116000,Getafe,Athletic Club,finished,2.0,2.0
10408482,La Liga,2022,10,1666119600,Atlético Madrid,Rayo Vallecano,finished,1.0,1.0
10408486,La Liga,2022,10,1666198800,Cádiz,Real Betis,finished,0.0,0.0
10408500,La Liga,2022,10,1666198800,Real Valladolid,Celta Vigo,finished,4.0,1.0
10408492,La Liga,2022,10,1666202400,Real Sociedad,Mallorca,finished,1.0,0.0
10408265,La Liga,2022,10,1666206000,Elche,Real Madrid,finished,0.0,3.0
10408259,La Liga,2022,10,1666285200,Almería,Girona FC,finished,3.0,2.0
10408275,La Liga,2022,10,1666288800,Osasuna,Espanyol,finished,1.0,0.0
10408489,La Liga,2022,10,1666292400,FC Barcelona,Villarreal,finished,3.0,0.0
10408499,La Liga,2022,11,1666440000,Rayo Vallecano,Cádiz,finished,5.0,1.0
10408502,La Liga,2022,11,1666448100,Real Valladolid,Real Sociedad,finished,1.0,0.0
10408284,La Liga,2022,11,1666456200,Valencia,Mallorca,finished,1.0,2.0
10408498,La Liga,2022,11,1666465200,Real Madrid,Sevilla,finished,3.0,1.0
10408287,La Liga,2022,11,1666526400,Espanyol,Elche,finished,2.0,2.0
10408269,La Liga,2022,11,1666534500,Real Betis,Atlético Madrid,finished,1.0,2.0
10408488,La Liga,2022,11,1666542600,Girona FC,Osasuna,finished,1.0,1.0
10408496,La Liga,2022,11,1666542600,Villarreal,Almería,finished,2.0,1.0
10408272,La Liga,2022,11,1666551600,FC Barcelona,Athletic Club,finished,4.0,0.0
10408494,La Liga,2022,11,1666638000,Celta Vigo,Getafe,finished,1.0,1.0
10408292,La Liga,2022,12,1666983600,Mallorca,Espanyol,finished,1.0,1.0
10408505,La Liga,2022,12,1667044800,Almería,Celta Vigo,finished,3.0,1.0
10408506,La Liga,2022,12,1667052900,Cádiz,Atlético Madrid,finished,3.0,2.0
10408504,La Liga,2022,12,1667061000,Sevilla,Rayo Vallecano,finished,0.0,1.0
10408298,La Liga,2022,12,1667070000,Valencia,FC Barcelona,finished,0.0,1.0
10408501,La Liga,2022,12,1667134800,Osasuna,Real Valladolid,finished,2.0,0.0
10408503,La Liga,2022,12,1667142900,Real Madrid,Girona FC,finished,1.0,1.0
10408276,La Liga,2022,12,1667151000,Athletic Club,Villarreal,finished,1.0,0.0
10408299,La Liga,2022,12,1667160000,Real Sociedad,Real Betis,finished,0.0,2.0
10408497,La Liga,2022,12,1667246400,Elche,Getafe,finished,0.0,1.0
10408301,La Liga,2022,13,1667592000,Girona FC,Athletic Club,finished,2.0,1.0
10408507,La Liga,2022,13,1667653200,Getafe,Cádiz,finished,0.0,0.0
10408509,La Liga,2022,13,1667661300,Real Valladolid,Elche,finished,2.0,1.0
10408508,La Liga,2022,13,1667669400,Celta Vigo,Osasuna,finished,1.0,2.0
10408311,La Liga,2022,13,1667678400,FC Barcelona,Almería,finished,2.0,0.0
10408289,La Liga,2022,13,1667739600,Atlético Madrid,Espanyol,finished,1.0,1.0
10408510,La Liga,2022,13,1667747700,Real Sociedad,Valencia,finished,1.0,1.0
10408302,La Liga,2022,13,1667755800,Villarreal,Mallorca,finished,0.0,2.0
10408306,La Liga,2022,13,1667764800,Real Betis,Sevilla,finished,1.0,1.0
10408305,La Liga,2022,13,1667851200,Rayo Vallecano,Real Madrid,finished,3.0,2.0
10408315,La Liga,2022,14,1667930400,Elche,Girona FC,finished,1.0,2.0
10408313,La Liga,2022,14,1667934000,Athletic Club,Real Valladolid,finished,3.0,0.0
10408324,La Liga,2022,14,1667939400,Osasuna,FC Barcelona,finished,1.0,2.0
10408310,La Liga,2022,14,1668016800,Almería,Getafe,finished,1.0,0.0
10408318,La Liga,2022,14,1668016800,Sevilla,Real Sociedad,finished,1.0,2.0
10408312,La Liga,2022,14,1668020400,Espanyol,Villarreal,finished,0.0,1.0
10408517,La Liga,2022,14,1668025800,Mallorca,Atlético Madrid,finished,1.0,0.0
10408322,La Liga,2022,14,1668103200,Rayo Vallecano,Celta Vigo,finished,0.0,0.0
10408512,La Liga,2022,14,1668106800,Valencia,Real Betis,finished,3.0,0.0
10408330,La Liga,2022,14,1668112200,Real Madrid,Cádiz,finished,2.0,1.0
10408516,La Liga,2022,15,1672329600,Girona FC,Rayo Vallecano,finished,2.0,2.0
10408518,La Liga,2022,15,1672337700,Real Betis,Athletic Club,finished,0.0,0.0
10408323,La Liga,2022,15,1672345800,Atlético Madrid,Elche,finished,2.0,0.0
10408314,La Liga,2022,15,1672416000,Getafe,Mallorca,finished,2.0,0.0
10408511,La Liga,2022,15,1672424100,Celta Vigo,Sevilla,finished,1.0,1.0
10408515,La Liga,2022,15,1672424100,Cádiz,Almería,finished,1.0,1.0
10408325,La Liga,2022,15,1672432200,Real Valladolid,Real Madrid,finished,0.0,2.0
10408316,La Liga,2022,15,1672491600,FC Barcelona,Espanyol,finished,1.0,1.0
10408321,La Liga,2022,15,1672499700,Real Sociedad,Osasuna,finished,2.0,0.0
10408337,La Liga,2022,15,1672499700,Villarreal,Valencia,finished,2.0,1.0
10408328,La Liga,2022,16,1673026200,Elche,Celta Vigo,finished,0.0,1.0
10408327,La Liga,2022,16,1673035200,Valencia,Cádiz,finished,0.0,1.0
10408522,La Liga,2022,16,1673104500,Villarreal,Real Madrid,finished,2.0,1.0
10408319,La Liga,2022,16,1673112600,Mallorca,Real Valladolid,finished,1.0,0.0
10408514,La Liga,2022,16,1673121600,Espanyol,Girona FC,finished,2.0,2.0
10408332,La Liga,2022,16,1673182800,Almería,Real Sociedad,finished,0.0,2.0
10408519,La Liga,2022,16,1673190900,Rayo Vallecano,Real Betis,finished,1.0,2.0
10408329,La Liga,2022,16,1673199000,Sevilla,Getafe,finished,2.0,1.0
10408513,La Liga,2022,16,1673208000,Atlético Madrid,FC Barcelona,finished,0.0,1.0
10408320,La Liga,2022,16,1673294400,Athletic Club,Osasuna,finished,0.0,0.0
10408326,La Liga,2022,17,1673640000,Celta Vigo,Villarreal,finished,1.0,1.0
10408529,La Liga,2022,17,1673701200,Real Valladolid,Rayo Vallecano,finished,0.0,1.0
10408520,La Liga,2022,17,1673709300,Girona FC,Sevilla,finished,2.0,1.0
10408335,La Liga,2022,17,1673717400,Osasuna,Mallorca,finished,1.0,0.0
10408331,La Liga,2022,17,1673726400,Real Sociedad,Athletic Club,finished,3.0,1.0
10408334,La Liga,2022,17,1673787600,Getafe,Espanyol,finished,1.0,2.0
10408336,La Liga,2022,17,1673795700,Almería,Atlético Madrid,finished,1.0,1.0
10408333,La Liga,2022,17,1673899200,Cádiz,Elche,finished,1.0,1.0
10408338,La Liga,2022,18,1674244800,Mallorca,Celta Vigo,finished,1.0,0.0
10408523,La Liga,2022,18,1674306000,Rayo Vallecano,Real Sociedad,finished,0.0,2.0
10408341,La Liga,2022,18,1674314100,Espanyol,Real Betis,finished,1.0,0.0
10408530,La Liga,2022,18,1674322200,Atlético Madrid,Real Valladolid,finished,3.0,0.0
10408346,La Liga,2022,18,1674331200,Sevilla,Cádiz,finished,1.0,0.0
10408532,La Liga,2022,18,1674392400,Villarreal,Girona FC,finished,1.0,0.0
10408350,La Liga,2022,18,1674400500,Elche,Osasuna,finished,1.0,1.0
10408342,La Liga,2022,18,1674408600,FC Barcelona,Getafe,finished,1.0,0.0
10408340,La Liga,2022,18,1674417600,Athletic Club,Real Madrid,finished,0.0,2.0
10408349,La Liga,2022,18,1674504000,Valencia,Almería,finished,2.0,2.0
10408339,La Liga,2022,19,1674849600,Almería,Espanyol,finished,3.0,1.0
10408347,La Liga,2022,19,1674910800,Cádiz,Mallorca,finished,2.0,0.0
10408358,La Liga,2022,19,1674918900,Girona FC,FC Barcelona,finished,0.0,1.0
10408355,La Liga,2022,19,1674927000,Sevilla,Elche,finished,3.0,0.0
10408367,La Liga,2022,19,1674936000,Getafe,Real Betis,finished,0.0,1.0
10408360,La Liga,2022,19,1674997200,Real Valladolid,Valencia,finished,1.0,0.0
10408361,La Liga,2022,19,1675005300,Osasuna,Atlético Madrid,finished,0.0,1.0
10408345,La Liga,2022,19,1675013400,Celta Vigo,Athletic Club,finished,1.0,0.0
10408525,La Liga,2022,19,1675022400,Real Madrid,Real Sociedad,finished,0.0,0.0
10408528,La Liga,2022,19,1675108800,Villarreal,Rayo Vallecano,finished,0.0,1.0
10408343,La Liga,2022,17,1675281600,Real Betis,FC Barcelona,finished,1.0,2.0
10408521,La Liga,2022,17,1675368000,Real Madrid,Valencia,finished,2.0,0.0
10408348,La Liga,2022,20,1675454400,Athletic Club,Cádiz,finished,4.0,1.0
10408368,La Liga,2022,20,1675515600,Espanyol,Osasuna,finished,1.0,1.0
10408533,La Liga,2022,20,1675523700,Elche,Villarreal,finished,3.0,1.0
10408524,La Liga,2022,20,1675531800,Atlético Madrid,Getafe,finished,1.0,1.0
10408377,La Liga,2022,20,1675540800,Real Betis,Celta Vigo,finished,3.0,4.0
10408365,La Liga,2022,20,1675602000,Mallorca,Real Madrid,finished,1.0,0.0
10408356,La Liga,2022,20,1675610100,Girona FC,Valencia,finished,1.0,0.0
10408526,La Liga,2022,20,1675618200,Real Sociedad,Real Valladolid,finished,0.0,1.0
10408344,La Liga,2022,20,1675627200,FC Barcelona,Sevilla,finished,3.0,0.0
10408359,La Liga,2022,20,1675713600,Rayo Vallecano,Almería,finished,2.0,0.0
10408364,La Liga,2022,21,1676059200,Cádiz,Girona FC,finished,2.0,0.0
10408383,La Liga,2022,21,1676128500,Almería,Real Betis,finished,2.0,3.0
10408536,La Liga,2022,21,1676136600,Sevilla,Mallorca,finished,2.0,0.0
10408535,La Liga,2022,21,1676145600,Valencia,Athletic Club,finished,1.0,2.0
10408357,La Liga,2022,21,1676206800,Getafe,Rayo Vallecano,finished,1.0,1.0
10408362,La Liga,2022,21,1676214900,Celta Vigo,Atlético Madrid,finished,0.0,1.0
10408371,La Liga,2022,21,1676223000,Real Valladolid,Osasuna,finished,0.0,0.0
10408363,La Liga,2022,21,1676232000,Villarreal,FC Barcelona,finished,0.0,1.0
10408531,La Liga,2022,21,1676318400,Espanyol,Real Sociedad,finished,2.0,3.0
10408366,La Liga,2022,21,1676491200,Real Madrid,Elche,finished,4.0,0.0
10408376,La Liga,2022,22,1676664000,Girona FC,Almería,finished,6.0,2.0
10408380,La Liga,2022,22,1676725200,Real Sociedad,Celta Vigo,finished,1.0,1.0
10408372,La Liga,2022,22,1676733300,Real Betis,Real Valladolid,finished,2.0,1.0
10408374,La Liga,2022,22,1676741400,Mallorca,Villarreal,finished,4.0,2.0
10408370,La Liga,2022,22,1676750400,Osasuna,Real Madrid,finished,0.0,2.0
10408539,La Liga,2022,22,1676811600,Elche,Espanyol,finished,0.0,1.0
10408373,La Liga,2022,22,1676819700,Rayo Vallecano,Sevilla,finished,1.0,1.0
10408375,La Liga,2022,22,1676827800,Atlético Madrid,Athletic Club,finished,1.0,0.0
10408537,La Liga,2022,22,1676836800,FC Barcelona,Cádiz,finished,2.0,0.0
10408369,La Liga,2022,22,1676923200,Getafe,Valencia,finished,1.0,0.0
10408388,La Liga,2022,23,1677268800,Elche,Real Betis,finished,2.0,3.0
10408382,La Liga,2022,23,1677330000,Espanyol,Mallorca,finished,2.0,1.0
10408540,La Liga,2022,23,1677338100,Cádiz,Rayo Vallecano,finished,1.0,0.0
10408384,La Liga,2022,23,1677346200,Real Madrid,Atlético Madrid,finished,1.0,1.0
10408378,La Liga,2022,23,1677355200,Valencia,Real Sociedad,finished,1.0,0.0
10408534,La Liga,2022,23,1677416400,Athletic Club,Girona FC,finished,2.0,3.0
10408389,La Liga,2022,23,1677424500,Celta Vigo,Real Valladolid,finished,3.0,0.0
10408379,La Liga,2022,23,1677432600,Almería,FC Barcelona,finished,1.0,0.0
10408381,La Liga,2022,23,1677441600,Sevilla,Osasuna,finished,2.0,3.0
10408543,La Liga,2022,23,1677528000,Villarreal,Getafe,finished,2.0,1.0
10408385,La Liga,2022,24,1677873600,Real Sociedad,Cádiz,finished,0.0,0.0
10408392,La Liga,2022,24,1677934800,Getafe,Girona FC,finished,3.0,2.0
10408403,La Liga,2022,24,1677942900,Almería,Villarreal,finished,0.0,2.0
10408541,La Liga,2022,24,1677951000,Mallorca,Elche,finished,0.0,1.0
10408538,La Liga,2022,24,1677960000,Atlético Madrid,Sevilla,finished,6.0,1.0
10408549,La Liga,2022,24,1678021200,Real Valladolid,Espanyol,finished,2.0,1.0
10408397,La Liga,2022,24,1678029300,FC Barcelona,Valencia,finished,1.0,0.0
10408387,La Liga,2022,24,1678037400,Rayo Vallecano,Athletic Club,finished,0.0,0.0
10408542,La Liga,2022,24,1678046400,Real Betis,Real Madrid,finished,0.0,0.0
10408390,La Liga,2022,24,1678132800,Osasuna,Celta Vigo,finished,0.0,0.0
10408410,La Liga,2022,25,1678478400,Cádiz,Getafe,finished,2.0,2.0
10408550,La Liga,2022,25,1678539600,Real Madrid,Espanyol,finished,3.0,1.0
10408393,La Liga,2022,25,1678547700,Elche,Real Valladolid,finished,1.0,1.0
10408544,La Liga,2022,25,1678555800,Celta Vigo,Rayo Vallecano,finished,3.0,0.0
10408394,La Liga,2022,25,1678564800,Valencia,Osasuna,finished,1.0,0.0
10408398,La Liga,2022,25,1678626000,Mallorca,Real Sociedad,finished,1.0,1.0
10408548,La Liga,2022,25,1678634100,Sevilla,Almería,finished,2.0,1.0
10408391,La Liga,2022,25,1678642200,Villarreal,Real Betis,finished,1.0,1.0
10408386,La Liga,2022,25,1678651200,Athletic Club,FC Barcelona,finished,0.0,1.0
10408546,La Liga,2022,25,1678737600,Girona FC,Atlético Madrid,finished,0.0,1.0
10408396,La Liga,2022,26,1679083200,Real Valladolid,Athletic Club,finished,1.0,3.0
10408551,La Liga,2022,26,1679144400,Almería,Cádiz,finished,1.0,1.0
10408555,La Liga,2022,26,1679152500,Rayo Vallecano,Girona FC,finished,2.0,2.0
10408553,La Liga,2022,26,1679160600,Espanyol,Celta Vigo,finished,1.0,3.0
10408395,La Liga,2022,26,1679169600,Atlético Madrid,Valencia,finished,3.0,0.0
10408400,La Liga,2022,26,1679230800,Real Betis,Mallorca,finished,1.0,0.0
10408401,La Liga,2022,26,1679238900,Osasuna,Villarreal,finished,0.0,3.0
10408407,La Liga,2022,26,1679238900,Real Sociedad,Elche,finished,2.0,0.0
10408399,La Liga,2022,26,1679247000,Getafe,Sevilla,finished,2.0,0.0
10408545,La Liga,2022,26,1679256000,FC Barcelona,Real Madrid,finished,2.0,1.0
10408417,La Liga,2022,27,1680289200,Mallorca,Osasuna,finished,0.0,0.0
10408416,La Liga,2022,27,1680350400,Girona FC,Espanyol,finished,2.0,1.0
10408402,La Liga,2022,27,1680358500,Athletic Club,Getafe,finished,0.0,0.0
10408408,La Liga,2022,27,1680366600,Cádiz,Sevilla,finished,0.0,2.0
10408411,La Liga,2022,27,1680375600,Elche,FC Barcelona,finished,0.0,4.0
10408554,La Liga,2022,27,1680436800,Celta Vigo,Almería,finished,2.0,2.0
10408405,La Liga,2022,27,1680444900,Real Madrid,Real Valladolid,finished,6.0,0.0
10408556,La Liga,2022,27,1680453000,Villarreal,Real Sociedad,finished,2.0,0.0
10408404,La Liga,2022,27,1680462000,Atlético Madrid,Real Betis,finished,1.0,0.0
10408409,La Liga,2022,27,1680548400,Valencia,Rayo Vallecano,finished,1.0,1.0
10408423,La Liga,2022,28,1680894000,Sevilla,Celta Vigo,finished,2.0,2.0
10408552,La Liga,2022,28,1680955200,Osasuna,Elche,finished,2.0,1.0
10408434,La Liga,2022,28,1680963300,Espanyol,Athletic Club,finished,1.0,2.0
10408558,La Liga,2022,28,1680971400,Real Sociedad,Getafe,finished,2.0,0.0
10408422,La Liga,2022,28,1680980400,Real Madrid,Villarreal,finished,2.0,3.0
10408412,La Liga,2022,28,1681041600,Real Valladolid,Mallorca,finished,3.0,3.0
10408413,La Liga,2022,28,1681049700,Real Betis,Cádiz,finished,0.0,2.0
10408420,La Liga,2022,28,1681057800,Almería,Valencia,finished,2.0,1.0
10408415,La Liga,2022,28,1681066800,Rayo Vallecano,Atlético Madrid,finished,1.0,2.0
10408406,La Liga,2022,28,1681153200,FC Barcelona,Girona FC,finished,0.0,0.0
10408419,La Liga,2022,29,1681498800,Rayo Vallecano,Osasuna,finished,2.0,1.0
10408424,La Liga,2022,29,1681560000,Villarreal,Real Valladolid,finished,1.0,2.0
10408414,La Liga,2022,29,1681568100,Athletic Club,Real Sociedad,finished,2.0,0.0
10408435,La Liga,2022,29,1681576200,Real Betis,Espanyol,finished,3.0,1.0
10408426,La Liga,2022,29,1681585200,Cádiz,Real Madrid,finished,0.0,2.0
10408567,La Liga,2022,29,1681646400,Girona FC,Elche,finished,2.0,0.0
10408418,La Liga,2022,29,1681654500,Getafe,FC Barcelona,finished,0.0,0.0
10408429,La Liga,2022,29,1681662600,Atlético Madrid,Almería,finished,2.0,1.0
10408562,La Liga,2022,29,1681671600,Valencia,Sevilla,finished,0.0,2.0
10408565,La Liga,2022,29,1681758000,Celta Vigo,Mallorca,finished,0.0,1.0
10408570,La Liga,2022,30,1682103600,Espanyol,Cádiz,finished,0.0,0.0
10408425,La Liga,2022,30,1682164800,Osasuna,Real Betis,finished,3.0,2.0
10408572,La Liga,2022,30,1682172900,Almería,Athletic Club,finished,1.0,2.0
10408571,La Liga,2022,30,1682181000,Real Sociedad,Rayo Vallecano,finished,2.0,1.0
10408568,La Liga,2022,30,1682181000,Real Valladolid,Girona FC,finished,1.0,0.0
10408427,La Liga,2022,30,1682190000,Real Madrid,Celta Vigo,finished,2.0,0.0
10408577,La Liga,2022,30,1682251200,Elche,Valencia,finished,0.0,2.0
10408421,La Liga,2022,30,1682259300,FC Barcelona,Atlético Madrid,finished,1.0,0.0
10408569,La Liga,2022,30,1682267400,Mallorca,Getafe,finished,3.0,1.0
10408441,La Liga,2022,30,1682276400,Sevilla,Villarreal,finished,2.0,1.0
10408431,La Liga,2022,31,1682443800,Cádiz,Osasuna,finished,0.0,1.0
10408437,La Liga,2022,31,1682443800,Girona FC,Real Madrid,finished,4.0,2.0
10408432,La Liga,2022,31,1682452800,Real Betis,Real Sociedad,finished,0.0,0.0
10408430,La Liga,2022,31,1682530200,Atlético Madrid,Mallorca,finished,3.0,1.0
10408443,La Liga,2022,31,1682530200,Getafe,Almería,finished,1.0,2.0
10408428,La Liga,2022,31,1682539200,Celta Vigo,Elche,finished,1.0,0.0
10408574,La Liga,2022,31,1682539200,Rayo Vallecano,FC Barcelona,finished,2.0,1.0
10408573,La Liga,2022,31,1682616600,Valencia,Real Valladolid,finished,2.0,1.0
10408444,La Liga,2022,31,1682616600,Villarreal,Espanyol,finished,4.0,2.0
10408433,La Liga,2022,31,1682625600,Athletic Club,Sevilla,finished,0.0,1.0
10408576,La Liga,2022,32,1682708400,Osasuna,Real Sociedad,finished,0.0,2.0
10408578,La Liga,2022,32,1682777700,Elche,Rayo Vallecano,finished,4.0,0.0
10408446,La Liga,2022,32,1682785800,Real Madrid,Almería,finished,4.0,2.0
10408445,La Liga,2022,32,1682794800,FC Barcelona,Real Betis,finished,4.0,0.0
10408440,La Liga,2022,32,1682856000,Cádiz,Valencia,finished,2.0,1.0
10408442,La Liga,2022,32,1682864100,Villarreal,Celta Vigo,finished,3.0,1.0
10408456,La Liga,2022,32,1682872200,Espanyol,Getafe,finished,1.0,0.0
10408455,La Liga,2022,32,1682881200,Real Valladolid,Atlético Madrid,finished,2.0,5.0
10408582,La Liga,2022,32,1682960400,Mallorca,Athletic Club,finished,1.0,1.0
10408583,La Liga,2022,32,1682967600,Sevilla,Girona FC,finished,0.0,2.0
10408587,La Liga,2022,33,1683048600,Almería,Elche,finished,2.0,1.0
10408580,La Liga,2022,33,1683048600,FC Barcelona,Osasuna,finished,1.0,0.0
10408473,La Liga,2022,33,1683057600,Real Sociedad,Real Madrid,finished,2.0,0.0
10408464,La Liga,2022,33,1683135000,Valencia,Villarreal,finished,1.0,1.0
10408592,La Liga,2022,33,1683144000,Atlético Madrid,Cádiz,finished,5.0,1.0
10408462,La Liga,2022,33,1683144000,Getafe,Celta Vigo,finished,1.0,0.0
10408579,La Liga,2022,33,1683221400,Girona FC,Mallorca,finished,2.0,1.0
10408461,La Liga,2022,33,1683221400,Sevilla,Espanyol,finished,3.0,2.0
10408575,La Liga,2022,33,1683230400,Athletic Club,Real Betis,finished,0.0,1.0
10408585,La Liga,2022,33,1683230400,Rayo Vallecano,Real Valladolid,finished,2.0,1.0
10408463,La Liga,2022,34,1683918000,Mallorca,Cádiz,finished,1.0,0.0
10408588,La Liga,2022,34,1683979200,Real Sociedad,Girona FC,finished,2.0,2.0
10408593,La Liga,2022,34,1683987300,Osasuna,Almería,finished,3.0,1.0
10408476,La Liga,2022,34,1683995400,Villarreal,Athletic Club,finished,5.0,1.0
10408479,La Liga,2022,34,1684004400,Real Madrid,Getafe,finished,1.0,0.0
10408470,La Liga,2022,34,1684065600,Celta Vigo,Valencia,finished,1.0,2.0
10408468,La Liga,2022,34,1684073700,Elche,Atlético Madrid,finished,1.0,0.0
10408493,La Liga,2022,34,1684081800,Real Valladolid,Sevilla,finished,0.0,3.0
10408466,La Liga,2022,34,1684090800,Espanyol,FC Barcelona,finished,2.0,4.0
10408472,La Liga,2022,34,1684177200,Real Betis,Rayo Vallecano,finished,3.0,1.0
10408595,La Liga,2022,35,1684522800,Cádiz,Real Valladolid,finished,2.0,0.0
10408266,La Liga,2022,35,1684584000,Girona FC,Villarreal,finished,1.0,2.0
10408483,La Liga,2022,35,1684592100,Athletic Club,Celta Vigo,finished,2.0,1.0
10408590,La Liga,2022,35,1684600200,Almería,Mallorca,finished,3.0,0.0
10408263,La Liga,2022,35,1684600200,Getafe,Elche,finished,1.0,1.0
10408495,La Liga,2022,35,1684609200,FC Barcelona,Real Sociedad,finished,1.0,2.0
10408264,La Liga,2022,35,1684670400,Rayo Vallecano,Espanyol,finished,1.0,2.0
10408477,La Liga,2022,35,1684678500,Atlético Madrid,Osasuna,finished,3.0,0.0
10408258,La Liga,2022,35,1684686600,Valencia,Real Madrid,finished,1.0,0.0
10408274,La Liga,2022,35,1684695600,Sevilla,Real Betis,finished,0.0,0.0
10408260,La Liga,2022,36,1684863000,Celta Vigo,Girona FC,finished,1.0,1.0
10408271,La Liga,2022,36,1684863000,Real Sociedad,Almería,finished,1.0,0.0
10408290,La Liga,2022,36,1684872000,Real Valladolid,FC Barcelona,finished,3.0,1.0
10408257,La Liga,2022,36,1684949400,Elche,Sevilla,finished,1.0,1.0
10408267,La Liga,2022,36,1684949400,Real Madrid,Rayo Vallecano,finished,2.0,1.0
10408281,La Liga,2022,36,1684949400,Villarreal,Cádiz,finished,2.0,0.0
10408279,La Liga,2022,36,1684958400,Espanyol,Atlético Madrid,finished,3.0,3.0
10408256,La Liga,2022,36,1684958400,Real Betis,Getafe,finished,0.0,1.0
10408273,La Liga,2022,36,1685035800,Mallorca,Valencia,finished,1.0,0.0
10408268,La Liga,2022,36,1685043000,Osasuna,Athletic Club,finished,2.0,0.0
10408309,La Liga,2022,37,1685206800,Sevilla,Real Madrid,finished,1.0,2.0
10408280,La Liga,2022,37,1685293200,Almería,Real Valladolid,finished,0.0,0.0
10408270,La Liga,2022,37,1685293200,Athletic Club,Elche,finished,0.0,1.0
10408283,La Liga,2022,37,1685293200,Atlético Madrid,Real Sociedad,finished,2.0,1.0
10408285,La Liga,2022,37,1685293200,Cádiz,Celta Vigo,finished,1.0,0.0
10408288,La Liga,2022,37,1685293200,FC Barcelona,Mallorca,finished,3.0,0.0
10408286,La Liga,2022,37,1685293200,Getafe,Osasuna,finished,2.0,1.0
10408296,La Liga,2022,37,1685293200,Girona FC,Real Betis,finished,1.0,2.0
10408277,La Liga,2022,37,1685293200,Rayo Vallecano,Villarreal,finished,2.0,1.0
10408278,La Liga,2022,37,1685293200,Valencia,Espanyol,finished,2.0,2.0
10408297,La Liga,2022,38,1685896200,Mallorca,Rayo Vallecano,finished,3.0,0.0
10408308,La Liga,2022,38,1685896200,Osasuna,Girona FC,finished,2.0,1.0
10408294,La Liga,2022,38,1685896200,Real Madrid,Athletic Club,finished,1.0,1.0
10408303,La Liga,2022,38,1685896200,Real Sociedad,Sevilla,finished,2.0,1.0
10408304,La Liga,2022,38,1685896200,Villarreal,Atlético Madrid,finished,2.0,2.0
10408291,La Liga,2022,38,1685905200,Celta Vigo,FC Barcelona,finished,2.0,1.0
10408307,La Liga,2022,38,1685905200,Elche,Cádiz,finished,1.0,1.0
10408317,La Liga,2022,38,1685905200,Espanyol,Almería,finished,3.0,3.0
10408293,La Liga,2022,38,1685905200,Real Betis,Valencia,finished,1.0,1.0
10408295,La Liga,2022,38,1685905200,Real Valladolid,Getafe,finished,0.0,0.0
11369285,La Liga,2023,1,1691775000,Almería,Rayo Vallecano,finished,0.0,2.0
11369289,La Liga,2023,1,1691784000,Sevilla,Valencia,finished,1.0,2.0
11369293,La Liga,2023,1,1691852400,Real Sociedad,Girona FC,finished,1.0,1.0
11369290,La Liga,2023,1,1691861400,UD Las Palmas,Mallorca,finished,1.0,1.0
11369286,La Liga,2023,1,1691868600,Athletic Club,Real Madrid,finished,0.0,2.0
11369288,La Liga,2023,1,1691938800,Celta Vigo,Osasuna,finished,0.0,2.0
11369292,La Liga,2023,1,1691947800,Villarreal,Real Betis,finished,1.0,2.0
11369291,La Liga,2023,1,1691955000,Getafe,FC Barcelona,finished,0.0,0.0
11369294,La Liga,2023,1,1692034200,Cádiz,Deportivo Alavés,finished,1.0,0.0
11369287,La Liga,2023,1,1692041400,Atlético Madrid,Granada,finished,3.0,1.0
11368598,La Liga,2023,2,1692379800,Mallorca,Villarreal,finished,0.0,1.0
11368600,La Liga,2023,2,1692387000,Valencia,UD Las Palmas,finished,1.0,0.0
11368605,La Liga,2023,2,1692457200,Real Sociedad,Celta Vigo,finished,1.0,1.0
11368609,La Liga,2023,2,1692466200,Almería,Real Madrid,finished,1.0,3.0
11368603,La Liga,2023,2,1692473400,Osasuna,Athletic Club,finished,0.0,2.0
11368594,La Liga,2023,2,1692550800,Girona FC,Getafe,finished,3.0,0.0
11368595,La Liga,2023,2,1692552600,FC Barcelona,Cádiz,finished,2.0,0.0
11368597,La Liga,2023,2,1692559800,Real Betis,Atlético Madrid,finished,0.0,0.0
11368601,La Liga,2023,2,1692637200,Deportivo Alavés,Sevilla,finished,4.0,3.0
11368606,La Liga,2023,2,1692646200,Granada,Rayo Vallecano,finished,0.0,2.0
11368608,La Liga,2023,3,1692984600,UD Las Palmas,Real Sociedad,finished,0.0,0.0
11368593,La Liga,2023,3,1692991800,Celta Vigo,Real Madrid,finished,0.0,1.0
11368612,La Liga,2023,3,1693069200,Cádiz,Almería,finished,1.0,1.0
11368602,La Liga,2023,3,1693071000,Granada,Mallorca,finished,3.0,2.0
11368596,La Liga,2023,3,1693078200,Sevilla,Girona FC,finished,1.0,2.0
11368592,La Liga,2023,3,1693150200,Villarreal,FC Barcelona,finished,3.0,4.0
11368604,La Liga,2023,3,1693157400,Valencia,Osasuna,finished,1.0,2.0
11368591,La Liga,2023,3,1693164600,Athletic Club,Real Betis,finished,4.0,2.0
11368599,La Liga,2023,3,1693243800,Getafe,Deportivo Alavés,finished,1.0,0.0
11368607,La Liga,2023,3,1693251000,Rayo Vallecano,Atlético Madrid,finished,0.0,7.0
11369298,La Liga,2023,4,1693589400,Cádiz,Villarreal,finished,3.0,1.0
11369295,La Liga,2023,4,1693598400,Almería,Celta Vigo,finished,2.0,3.0
11369304,La Liga,2023,4,1693656000,Real Sociedad,Granada,finished,5.0,3.0
11369303,La Liga,2023,4,1693664100,Real Madrid,Getafe,finished,2.0,1.0
11369300,La Liga,2023,4,1693672200,Deportivo Alavés,Valencia,finished,1.0,0.0
11369297,La Liga,2023,4,1693681200,Real Betis,Rayo Vallecano,finished,1.0,0.0
11369299,La Liga,2023,4,1693742400,Girona FC,UD Las Palmas,finished,1.0,0.0
11369301,La Liga,2023,4,1693750500,Mallorca,Athletic Club,finished,0.0,0.0
11369296,La Liga,2023,4,1693758600,Atlético Madrid,Sevilla,postponed,,
11369302,La Liga,2023,4,1693767600,Osasuna,FC Barcelona,finished,1.0,2.0
11369314,La Liga,2023,5,1694804400,Rayo Vallecano,Deportivo Alavés,finished,2.0,0.0
11369305,La Liga,2023,5,1694865600,Athletic Club,Cádiz,finished,3.0,0.0
11369311,La Liga,2023,5,1694873700,Valencia,Atlético Madrid,finished,3.0,0.0
11369307,La Liga,2023,5,1694881800,Celta Vigo,Mallorca,finished,0.0,1.0
11369306,La Liga,2023,5,1694890800,FC Barcelona,Real Betis,finished,5.0,0.0
11369308,La Liga,2023,5,1694952000,Getafe,Osasuna,finished,3.0,2.0
11369310,La Liga,2023,5,1694960100,Villarreal,Almería,finished,2.0,1.0
11369313,La Liga,2023,5,1694968200,Sevilla,UD Las Palmas,finished,1.0,0.0
11369309,La Liga,2023,5,1694977200,Real Madrid,Real Sociedad,finished,2.0,1.0
11369312,La Liga,2023,5,1695063600,Granada,Girona FC,finished,2.0,4.0
11369322,La Liga,2023,6,1695409200,Deportivo Alavés,Athletic Club,finished,0.0,2.0
11369319,La Liga,2023,6,1695470400,Girona FC,Mallorca,finished,5.0,3.0
11369320,La Liga,2023,6,1695478500,Osasuna,Sevilla,finished,0.0,0.0
11369317,La Liga,2023,6,1695486600,FC Barcelona,Celta Vigo,finished,3.0,2.0
11369315,La Liga,2023,6,1695495600,Almería,Valencia,finished,2.0,2.0
11369323,La Liga,2023,6,1695556800,Real Sociedad,Getafe,finished,4.0,3.0
11369321,La Liga,2023,6,1695564900,Rayo Vallecano,Villarreal,finished,1.0,1.0
11369318,La Liga,2023,6,1695573000,Real Betis,Cádiz,finished,1.0,1.0
11369324,La Liga,2023,6,1695573000,UD Las Palmas,Granada,finished,1.0,0.0
11369316,La Liga,2023,6,1695582000,Atlético Madrid,Real Madrid,finished,3.0,1.0
11369327,La Liga,2023,7,1695747600,Sevilla,Almería,finished,5.0,1.0
11369329,La Liga,2023,7,1695756600,Mallorca,FC Barcelona,finished,2.0,2.0
11369325,La Liga,2023,7,1695834000,Athletic Club,Getafe,finished,2.0,2.0
11369333,La Liga,2023,7,1695834000,Real Madrid,UD Las Palmas,finished,2.0,0.0
11369331,La Liga,2023,7,1695834000,Villarreal,Girona FC,finished,1.0,2.0
11369326,La Liga,2023,7,1695843000,Cádiz,Rayo Vallecano,finished,0.0,0.0
11369332,La Liga,2023,7,1695843000,Valencia,Real Sociedad,finished,0.0,1.0
11369334,La Liga,2023,7,1695920400,Celta Vigo,Deportivo Alavés,finished,1.0,1.0
11369330,La Liga,2023,7,1695920400,Granada,Real Betis,finished,1.0,1.0
11369328,La Liga,2023,7,1695929400,Osasuna,Atlético Madrid,finished,0.0,2.0
11369337,La Liga,2023,8,1696014000,FC Barcelona,Sevilla,finished,1.0,0.0
11369341,La Liga,2023,8,1696075200,Getafe,Villarreal,finished,0.0,0.0
11369346,La Liga,2023,8,1696083300,Rayo Vallecano,Mallorca,finished,2.0,2.0
11369342,La Liga,2023,8,1696091400,Girona FC,Real Madrid,finished,0.0,3.0
11369344,La Liga,2023,8,1696100400,Real Sociedad,Athletic Club,finished,3.0,0.0
11369335,La Liga,2023,8,1696161600,Almería,Granada,finished,3.0,3.0
11369343,La Liga,2023,8,1696169700,Deportivo Alavés,Osasuna,finished,0.0,2.0
11369336,La Liga,2023,8,1696186800,Atlético Madrid,Cádiz,finished,3.0,2.0
11369340,La Liga,2023,8,1696186800,Real Betis,Valencia,finished,3.0,0.0
11369345,La Liga,2023,8,1696273200,UD Las Palmas,Celta Vigo,finished,2.0,1.0
11369352,La Liga,2023,9,1696618800,Athletic Club,Almería,finished,3.0,0.0
11369348,La Liga,2023,9,1696680000,Cádiz,Girona FC,finished,0.0,1.0
11369354,La Liga,2023,9,1696688100,Real Madrid,Osasuna,finished,4.0,0.0
11369350,La Liga,2023,9,1696696200,Mallorca,Valencia,finished,1.0,1.0
11369355,La Liga,2023,9,1696705200,Sevilla,Rayo Vallecano,finished,2.0,2.0
11369356,La Liga,2023,9,1696766400,Villarreal,UD Las Palmas,finished,1.0,2.0
11369347,La Liga,2023,9,1696774500,Atlético Madrid,Real Sociedad,finished,2.0,1.0
11369349,La Liga,2023,9,1696782600,Celta Vigo,Getafe,finished,2.0,2.0
11369351,La Liga,2023,9,1696782600,Deportivo Alavés,Real Betis,finished,1.0,1.0
11369353,La Liga,2023,9,1696791600,Granada,FC Barcelona,finished,2.0,2.0
11369365,La Liga,2023,10,1697828400,Osasuna,Granada,finished,2.0,0.0
11369363,La Liga,2023,10,1697889600,Real Sociedad,Mallorca,finished,1.0,0.0
11369361,La Liga,2023,10,1697897700,Getafe,Real Betis,finished,1.0,1.0
11369364,La Liga,2023,10,1697905800,Sevilla,Real Madrid,finished,1.0,1.0
11369360,La Liga,2023,10,1697914800,Celta Vigo,Atlético Madrid,finished,0.0,3.0
11369357,La Liga,2023,10,1697976000,UD Las Palmas,Rayo Vallecano,finished,0.0,1.0
11369358,La Liga,2023,10,1697984100,Girona FC,Almería,finished,5.0,2.0
11369366,La Liga,2023,10,1697992200,Villarreal,Deportivo Alavés,finished,1.0,1.0
11369359,La Liga,2023,10,1698001200,FC Barcelona,Athletic Club,finished,1.0,0.0
11369362,La Liga,2023,10,1698087600,Valencia,Cádiz,finished,2.0,0.0
11369374,La Liga,2023,11,1698433200,Girona FC,Celta Vigo,finished,1.0,0.0
11369367,La Liga,2023,11,1698494400,Almería,UD Las Palmas,finished,1.0,2.0
11369369,La Liga,2023,11,1698502500,FC Barcelona,Real Madrid,finished,1.0,2.0
11369375,La Liga,2023,11,1698510600,Mallorca,Getafe,finished,0.0,0.0
11369371,La Liga,2023,11,1698519600,Cádiz,Sevilla,finished,2.0,2.0
11369370,La Liga,2023,11,1698584400,Real Betis,Osasuna,finished,2.0,1.0
11369372,La Liga,2023,11,1698592500,Rayo Vallecano,Real Sociedad,finished,2.0,2.0
11369368,La Liga,2023,11,1698600600,Athletic Club,Valencia,finished,2.0,2.0
11369376,La Liga,2023,11,1698609600,Atlético Madrid,Deportivo Alavés,finished,2.0,1.0
11369373,La Liga,2023,11,1698696000,Granada,Villarreal,finished,2.0,3.0
11369381,La Liga,2023,12,1699041600,UD Las Palmas,Atlético Madrid,finished,2.0,1.0
11369384,La Liga,2023,12,1699102800,Osasuna,Girona FC,finished,2.0,4.0
11369377,La Liga,2023,12,1699110900,Real Betis,Mallorca,finished,2.0,0.0
11369378,La Liga,2023,12,1699119000,Celta Vigo,Sevilla,finished,1.0,1.0
11369382,La Liga,2023,12,1699128000,Real Sociedad,FC Barcelona,finished,0.0,1.0
11369379,La Liga,2023,12,1699189200,Deportivo Alavés,Almería,finished,1.0,0.0
11369386,La Liga,2023,12,1699197300,Valencia,Granada,finished,1.0,0.0
11369380,La Liga,2023,12,1699205400,Villarreal,Athletic Club,finished,2.0,3.0
11369385,La Liga,2023,12,1699214400,Real Madrid,Rayo Vallecano,finished,0.0,0.0
11369383,La Liga,2023,12,1699300800,Getafe,Cádiz,finished,1.0,0.0
11369388,La Liga,2023,13,1699646400,Athletic Club,Celta Vigo,finished,4.0,3.0
11369394,La Liga,2023,13,1699707600,Rayo Vallecano,Girona FC,finished,1.0,2.0
11369387,La Liga,2023,13,1699715700,Almería,Real Sociedad,finished,1.0,3.0
11369393,La Liga,2023,13,1699723800,Granada,Getafe,finished,1.0,1.0
11369395,La Liga,2023,13,1699723800,Osasuna,UD Las Palmas,finished,1.0,1.0
11369390,La Liga,2023,13,1699732800,Real Madrid,Valencia,finished,5.0,1.0
11369392,La Liga,2023,13,1699794000,Mallorca,Cádiz,postponed,,
11369396,La Liga,2023,13,1699802100,FC Barcelona,Deportivo Alavés,finished,2.0,1.0
11369391,La Liga,2023,13,1699810200,Sevilla,Real Betis,finished,1.0,1.0
11369389,La Liga,2023,13,1699819200,Atlético Madrid,Villarreal,finished,3.0,1.0
11369401,La Liga,2023,14,1700856000,Deportivo Alavés,Granada,finished,3.0,1.0
11369404,La Liga,2023,14,1700917200,Rayo Vallecano,FC Barcelona,finished,1.0,1.0
11369405,La Liga,2023,14,1700925300,Valencia,Celta Vigo,finished,0.0,0.0
11369402,La Liga,2023,14,1700933400,Getafe,Almería,finished,2.0,1.0
11369397,La Liga,2023,14,1700942400,Atlético Madrid,Mallorca,finished,1.0,0.0
11369406,La Liga,2023,14,1701003600,Villarreal,Osasuna,finished,3.0,1.0
11369400,La Liga,2023,14,1701011700,Real Sociedad,Sevilla,finished,2.0,1.0
11369399,La Liga,2023,14,1701019800,Cádiz,Real Madrid,finished,0.0,3.0
11369398,La Liga,2023,14,1701028800,Real Betis,UD Las Palmas,finished,1.0,0.0
11369403,La Liga,2023,14,1701115200,Girona FC,Athletic Club,finished,1.0,1.0
11813986,La Liga,2023,13,1701288000,Mallorca,Cádiz,finished,1.0,1.0
11369414,La Liga,2023,15,1701460800,UD Las Palmas,Getafe,finished,2.0,0.0
11369409,La Liga,2023,15,1701522000,Girona FC,Valencia,finished,2.0,1.0
11369408,La Liga,2023,15,1701530100,Athletic Club,Rayo Vallecano,finished,4.0,0.0
11369415,La Liga,2023,15,1701538200,Real Madrid,Granada,finished,2.0,0.0
11369410,La Liga,2023,15,1701547200,Osasuna,Real Sociedad,finished,1.0,1.0
11369416,La Liga,2023,15,1701608400,Mallorca,Deportivo Alavés,finished,0.0,0.0
11369407,La Liga,2023,15,1701616500,Almería,Real Betis,finished,0.0,0.0
11369411,La Liga,2023,15,1701624600,Sevilla,Villarreal,finished,1.0,1.0
11369412,La Liga,2023,15,1701633600,FC Barcelona,Atlético Madrid,finished,1.0,0.0
11369413,La Liga,2023,15,1701720000,Celta Vigo,Cádiz,finished,1.0,1.0
11369423,La Liga,2023,16,1702065600,Getafe,Valencia,finished,1.0,0.0
11369425,La Liga,2023,16,1702126800,Deportivo Alavés,UD Las Palmas,finished,0.0,1.0
11369421,La Liga,2023,16,1702134900,Real Betis,Real Madrid,finished,1.0,1.0
11369419,La Liga,2023,16,1702143000,Villarreal,Real Sociedad,finished,0.0,3.0
11369424,La Liga,2023,16,1702152000,Mallorca,Sevilla,finished,1.0,0.0
11369426,La Liga,2023,16,1702213200,Atlético Madrid,Almería,finished,2.0,1.0
11369422,La Liga,2023,16,1702229400,Cádiz,Osasuna,finished,1.0,1.0
11369420,La Liga,2023,16,1702238400,FC Barcelona,Girona FC,finished,2.0,4.0
11369417,La Liga,2023,16,1702324800,Granada,Athletic Club,finished,1.0,1.0
11369418,La Liga,2023,16,1702324800,Rayo Vallecano,Celta Vigo,finished,0.0,0.0
11369430,La Liga,2023,17,1702670400,Osasuna,Rayo Vallecano,finished,1.0,0.0
11369429,La Liga,2023,17,1702731600,Celta Vigo,Granada,finished,1.0,0.0
11369428,La Liga,2023,17,1702739700,Athletic Club,Atlético Madrid,finished,2.0,0.0
11369435,La Liga,2023,17,1702747800,Sevilla,Getafe,finished,0.0,3.0
11369432,La Liga,2023,17,1702756800,Valencia,FC Barcelona,finished,1.0,1.0
11369427,La Liga,2023,17,1702818000,Almería,Mallorca,finished,0.0,0.0
11369433,La Liga,2023,17,1702826100,Real Sociedad,Real Betis,finished,0.0,0.0
11369434,La Liga,2023,17,1702834200,UD Las Palmas,Cádiz,finished,1.0,1.0
11369431,La Liga,2023,17,1702843200,Real Madrid,Villarreal,finished,4.0,1.0
11369436,La Liga,2023,17,1702929600,Girona FC,Deportivo Alavés,finished,3.0,0.0
11369442,La Liga,2023,18,1703008800,Rayo Vallecano,Valencia,finished,0.0,1.0
11369438,La Liga,2023,18,1703017800,Atlético Madrid,Getafe,finished,3.0,3.0
11369443,La Liga,2023,18,1703017800,Granada,Sevilla,finished,0.0,3.0
11369445,La Liga,2023,18,1703095200,FC Barcelona,Almería,finished,3.0,2.0
11369437,La Liga,2023,18,1703104200,Athletic Club,UD Las Palmas,finished,1.0,0.0
11369446,La Liga,2023,18,1703104200,Villarreal,Celta Vigo,finished,3.0,2.0
11369440,La Liga,2023,18,1703181600,Cádiz,Real Sociedad,finished,0.0,0.0
11369439,La Liga,2023,18,1703181600,Real Betis,Girona FC,finished,1.0,1.0
11369444,La Liga,2023,18,1703190600,Deportivo Alavés,Real Madrid,finished,0.0,1.0
11369441,La Liga,2023,18,1703190600,Mallorca,Osasuna,finished,3.0,2.0
11643594,La Liga,2023,4,1703344500,Atlético Madrid,Sevilla,finished,1.0,0.0
11369447,La Liga,2023,19,1704211200,Getafe,Rayo Vallecano,finished,0.0,2.0
11369456,La Liga,2023,19,1704219300,Real Sociedad,Deportivo Alavés,finished,1.0,1.0
11369448,La Liga,2023,19,1704227400,Valencia,Villarreal,finished,3.0,1.0
11369454,La Liga,2023,19,1704297600,Granada,Cádiz,finished,2.0,0.0
11369453,La Liga,2023,19,1704305700,Celta Vigo,Real Betis,finished,2.0,1.0
11369455,La Liga,2023,19,1704305700,Real Madrid,Mallorca,finished,1.0,0.0
11369451,La Liga,2023,19,1704313800,Girona FC,Atlético Madrid,finished,4.0,3.0
11369449,La Liga,2023,19,1704384000,Osasuna,Almería,finished,1.0,0.0
11369450,La Liga,2023,19,1704392100,Sevilla,Athletic Club,finished,0.0,2.0
11369452,La Liga,2023,19,1704400200,UD Las Palmas,FC Barcelona,finished,1.0,2.0
11369466,La Liga,2023,20,1705089600,Sevilla,Deportivo Alavés,finished,2.0,3.0
11369464,La Liga,2023,20,1705150800,UD Las Palmas,Villarreal,finished,3.0,0.0
11369465,La Liga,2023,20,1705158900,Mallorca,Celta Vigo,finished,1.0,1.0
11369458,La Liga,2023,20,1705167000,Athletic Club,Real Sociedad,finished,2.0,1.0
11369461,La Liga,2023,20,1705176000,Real Betis,Granada,finished,1.0,0.0
11369457,La Liga,2023,20,1705237200,Almería,Girona FC,finished,0.0,0.0
11369462,La Liga,2023,20,1705245300,Cádiz,Valencia,finished,1.0,4.0
11369469,La Liga,2023,21,1705694400,Deportivo Alavés,Cádiz,finished,1.0,0.0
11369476,La Liga,2023,21,1705755600,Rayo Vallecano,UD Las Palmas,finished,0.0,2.0
11369475,La Liga,2023,21,1705763700,Villarreal,Mallorca,finished,1.0,1.0
11369471,La Liga,2023,21,1705771800,Valencia,Athletic Club,finished,1.0,0.0
11369467,La Liga,2023,21,1705780800,Celta Vigo,Real Sociedad,finished,0.0,1.0
11369474,La Liga,2023,21,1705842000,Osasuna,Getafe,finished,3.0,2.0
11369470,La Liga,2023,21,1705850100,Real Madrid,Almería,finished,3.0,2.0
11369473,La Liga,2023,21,1705858200,Real Betis,FC Barcelona,finished,2.0,4.0
11369468,La Liga,2023,21,1705867200,Girona FC,Sevilla,finished,5.0,1.0
11369472,La Liga,2023,21,1705953600,Granada,Atlético Madrid,finished,0.0,1.0
11369486,La Liga,2023,22,1706299200,Almería,Deportivo Alavés,finished,0.0,3.0
11369485,La Liga,2023,22,1706360400,Real Sociedad,Rayo Vallecano,finished,0.0,0.0
11369481,La Liga,2023,22,1706368500,UD Las Palmas,Real Madrid,finished,1.0,2.0
11369478,La Liga,2023,22,1706376600,FC Barcelona,Villarreal,finished,3.0,5.0
11369483,La Liga,2023,22,1706385600,Mallorca,Real Betis,finished,0.0,1.0
11369479,La Liga,2023,22,1706446800,Celta Vigo,Girona FC,finished,0.0,1.0
11369482,La Liga,2023,22,1706454900,Cádiz,Athletic Club,finished,0.0,0.0
11369484,La Liga,2023,22,1706463000,Sevilla,Osasuna,finished,1.0,1.0
11369477,La Liga,2023,22,1706472000,Atlético Madrid,Valencia,finished,2.0,0.0
11369480,La Liga,2023,22,1706558400,Getafe,Granada,finished,2.0,0.0
11369460,La Liga,2023,20,1706724000,FC Barcelona,Osasuna,finished,1.0,0.0
11369459,La Liga,2023,20,1706731200,Atlético Madrid,Rayo Vallecano,finished,2.0,1.0
11369463,La Liga,2023,20,1706817600,Getafe,Real Madrid,finished,0.0,2.0
11369487,La Liga,2023,23,1706904000,Athletic Club,Mallorca,finished,4.0,0.0
11368766,La Liga,2023,23,1706965200,Valencia,Almería,finished,2.0,1.0
11368764,La Liga,2023,23,1706973300,Granada,UD Las Palmas,finished,1.0,1.0
11368765,La Liga,2023,23,1706981400,Deportivo Alavés,FC Barcelona,finished,1.0,3.0
11369489,La Liga,2023,23,1706990400,Girona FC,Real Sociedad,finished,0.0,0.0
11369491,La Liga,2023,23,1707051600,Villarreal,Cádiz,finished,0.0,0.0
11369492,La Liga,2023,23,1707059700,Osasuna,Celta Vigo,finished,0.0,3.0
11369488,La Liga,2023,23,1707067800,Real Betis,Getafe,finished,1.0,1.0
11368767,La Liga,2023,23,1707076800,Real Madrid,Atlético Madrid,finished,1.0,1.0
11369490,La Liga,2023,23,1707163200,Rayo Vallecano,Sevilla,finished,1.0,2.0
11368761,La Liga,2023,24,1707508800,Cádiz,Real Betis,finished,0.0,2.0
11368758,La Liga,2023,24,1707570000,Deportivo Alavés,Villarreal,finished,1.0,1.0
11368763,La Liga,2023,24,1707578100,Real Sociedad,Osasuna,finished,0.0,1.0
11368762,La Liga,2023,24,1707586200,Real Madrid,Girona FC,finished,4.0,0.0
11368757,La Liga,2023,24,1707595200,UD Las Palmas,Valencia,finished,2.0,0.0
11368760,La Liga,2023,24,1707656400,Getafe,Celta Vigo,finished,3.0,2.0
11368756,La Liga,2023,24,1707664500,Mallorca,Rayo Vallecano,finished,2.0,1.0
11368759,La Liga,2023,24,1707672600,Sevilla,Atlético Madrid,finished,1.0,0.0
11368755,La Liga,2023,24,1707681600,FC Barcelona,Granada,finished,3.0,3.0
11368754,La Liga,2023,24,1707768000,Almería,Athletic Club,finished,0.0,0.0
11368749,La Liga,2023,25,1708113600,Villarreal,Getafe,finished,1.0,1.0
11368752,La Liga,2023,25,1708174800,Atlético Madrid,UD Las Palmas,finished,5.0,0.0
11368747,La Liga,2023,25,1708182900,Osasuna,Cádiz,finished,2.0,0.0
11368746,La Liga,2023,25,1708191000,Celta Vigo,FC Barcelona,finished,1.0,2.0
11368748,La Liga,2023,25,1708200000,Valencia,Sevilla,finished,0.0,0.0
11368743,La Liga,2023,25,1708261200,Rayo Vallecano,Real Madrid,finished,1.0,1.0
11368745,La Liga,2023,25,1708269300,Granada,Almería,finished,1.0,1.0
11368753,La Liga,2023,25,1708277400,Mallorca,Real Sociedad,finished,1.0,2.0
11368750,La Liga,2023,25,1708286400,Real Betis,Deportivo Alavés,finished,0.0,0.0
11368751,La Liga,2023,25,1708372800,Athletic Club,Girona FC,finished,3.0,2.0
11368737,La Liga,2023,26,1708718400,Real Sociedad,Villarreal,finished,1.0,3.0
11368735,La Liga,2023,26,1708787700,FC Barcelona,Getafe,finished,4.0,0.0
11368741,La Liga,2023,26,1708795800,Deportivo Alavés,Mallorca,finished,1.0,1.0
11368734,La Liga,2023,26,1708804800,Almería,Atlético Madrid,finished,2.0,2.0
11368739,La Liga,2023,26,1708866000,Cádiz,Celta Vigo,finished,2.0,2.0
11368744,La Liga,2023,26,1708874100,Real Betis,Athletic Club,finished,3.0,1.0
11368742,La Liga,2023,26,1708882200,UD Las Palmas,Osasuna,finished,1.0,1.0
11368736,La Liga,2023,26,1708891200,Real Madrid,Sevilla,finished,1.0,0.0
11368740,La Liga,2023,26,1708977600,Girona FC,Rayo Vallecano,finished,3.0,0.0
11368724,La Liga,2023,27,1709323200,Celta Vigo,Almería,finished,1.0,0.0
11368726,La Liga,2023,27,1709384400,Sevilla,Real Sociedad,finished,3.0,2.0
11368725,La Liga,2023,27,1709392500,Rayo Vallecano,Cádiz,finished,1.0,1.0
11368728,La Liga,2023,27,1709400600,Getafe,UD Las Palmas,finished,3.0,3.0
11368730,La Liga,2023,27,1709409600,Valencia,Real Madrid,finished,2.0,2.0
11368729,La Liga,2023,27,1709470800,Villarreal,Granada,finished,5.0,1.0
11368733,La Liga,2023,27,1709478900,Atlético Madrid,Real Betis,finished,2.0,1.0
11368727,La Liga,2023,27,1709487000,Mallorca,Girona FC,finished,1.0,0.0
11368732,La Liga,2023,27,1709496000,Athletic Club,FC Barcelona,finished,0.0,0.0
11368731,La Liga,2023,27,1709582400,Osasuna,Deportivo Alavés,finished,1.0,0.0
11368714,La Liga,2023,28,1709928000,FC Barcelona,Mallorca,finished,1.0,0.0
11368723,La Liga,2023,28,1709989200,Valencia,Getafe,finished,1.0,0.0
11368721,La Liga,2023,28,1709997300,Cádiz,Atlético Madrid,finished,2.0,0.0
11368717,La Liga,2023,28,1710005400,Granada,Real Sociedad,finished,2.0,3.0
11368719,La Liga,2023,28,1710014400,Girona FC,Osasuna,finished,2.0,0.0
11368720,La Liga,2023,28,1710075600,Deportivo Alavés,Rayo Vallecano,finished,1.0,0.0
11368718,La Liga,2023,28,1710083700,UD Las Palmas,Athletic Club,finished,0.0,2.0
11368722,La Liga,2023,28,1710091800,Real Madrid,Celta Vigo,finished,4.0,0.0
11368716,La Liga,2023,28,1710100800,Real Betis,Villarreal,finished,2.0,3.0
11368715,La Liga,2023,28,1710187200,Almería,Sevilla,finished,2.0,2.0
11368710,La Liga,2023,29,1710532800,Real Sociedad,Cádiz,finished,2.0,0.0
11368698,La Liga,2023,29,1710594000,Mallorca,Granada,finished,1.0,0.0
11368711,La Liga,2023,29,1710602100,Osasuna,Real Madrid,finished,2.0,4.0
11368699,La Liga,2023,29,1710610200,Getafe,Girona FC,finished,1.0,0.0
11368712,La Liga,2023,29,1710619200,Athletic Club,Deportivo Alavés,finished,2.0,0.0
11368713,La Liga,2023,29,1710680400,Sevilla,Celta Vigo,finished,1.0,2.0
11368705,La Liga,2023,29,1710688500,UD Las Palmas,Almería,finished,0.0,1.0
11368708,La Liga,2023,29,1710688500,Villarreal,Valencia,finished,1.0,0.0
11368700,La Liga,2023,29,1710696600,Rayo Vallecano,Real Betis,finished,2.0,0.0
11368701,La Liga,2023,29,1710705600,Atlético Madrid,FC Barcelona,finished,0.0,3.0
11368703,La Liga,2023,30,1711742400,Cádiz,Granada,finished,1.0,0.0
11368691,La Liga,2023,30,1711803600,Getafe,Sevilla,finished,0.0,1.0
11368706,La Liga,2023,30,1711811700,Almería,Osasuna,finished,0.0,3.0
11368697,La Liga,2023,30,1711819800,Valencia,Mallorca,finished,0.0,0.0
11368704,La Liga,2023,30,1711828800,FC Barcelona,UD Las Palmas,finished,1.0,0.0
11368692,La Liga,2023,30,1711886400,Celta Vigo,Rayo Vallecano,finished,0.0,0.0
11368693,La Liga,2023,30,1711894500,Girona FC,Real Betis,finished,3.0,2.0
11368694,La Liga,2023,30,1711902600,Deportivo Alavés,Real Sociedad,finished,0.0,1.0
11368707,La Liga,2023,30,1711911600,Real Madrid,Athletic Club,finished,2.0,0.0
11368695,La Liga,2023,30,1711998000,Villarreal,Atlético Madrid,finished,1.0,2.0
12114515,La Liga,2023,26,1712253600,Granada,Valencia,finished,0.0,1.0
11368709,La Liga,2023,31,1712948400,Real Betis,Celta Vigo,finished,2.0,1.0
11368696,La Liga,2023,31,1713009600,Atlético Madrid,Girona FC,finished,3.0,1.0
11368684,La Liga,2023,31,1713017700,Rayo Vallecano,Getafe,finished,0.0,0.0
11368681,La Liga,2023,31,1713025800,Mallorca,Real Madrid,finished,0.0,1.0
11368685,La Liga,2023,31,1713034800,Cádiz,FC Barcelona,finished,0.0,1.0
11368682,La Liga,2023,31,1713096000,UD Las Palmas,Sevilla,finished,0.0,2.0
11368686,La Liga,2023,31,1713104100,Granada,Deportivo Alavés,finished,2.0,0.0
11368702,La Liga,2023,31,1713112200,Athletic Club,Villarreal,finished,1.0,1.0
11368683,La Liga,2023,31,1713121200,Real Sociedad,Almería,finished,2.0,2.0
11368687,La Liga,2023,31,1713207600,Osasuna,Valencia,finished,0.0,1.0
11368690,La Liga,2023,32,1713553200,Athletic Club,Granada,finished,1.0,1.0
11368689,La Liga,2023,32,1713614400,Celta Vigo,UD Las Palmas,finished,4.0,1.0
11368669,La Liga,2023,32,1713622500,Rayo Vallecano,Osasuna,finished,2.0,1.0
11368671,La Liga,2023,32,1713630600,Valencia,Real Betis,finished,1.0,2.0
11368676,La Liga,2023,32,1713639600,Girona FC,Cádiz,finished,4.0,1.0
11368662,La Liga,2023,32,1713700800,Getafe,Real Sociedad,finished,1.0,1.0
11368688,La Liga,2023,32,1713708900,Almería,Villarreal,finished,1.0,2.0
11368666,La Liga,2023,32,1713717000,Deportivo Alavés,Atlético Madrid,finished,2.0,0.0
11368670,La Liga,2023,32,1713726000,Real Madrid,FC Barcelona,finished,3.0,2.0
11368680,La Liga,2023,32,1713812400,Sevilla,Mallorca,finished,2.0,1.0
11368653,La Liga,2023,33,1714158000,Real Sociedad,Real Madrid,finished,0.0,1.0
11368651,La Liga,2023,33,1714219200,UD Las Palmas,Girona FC,finished,0.0,2.0
11368673,La Liga,2023,33,1714227300,Almería,Getafe,finished,1.0,3.0
11368678,La Liga,2023,33,1714235400,Deportivo Alavés,Celta Vigo,finished,3.0,0.0
11368679,La Liga,2023,33,1714244400,Atlético Madrid,Athletic Club,finished,3.0,1.0
11368675,La Liga,2023,33,1714305600,Cádiz,Mallorca,finished,1.0,1.0
11368674,La Liga,2023,33,1714313700,Granada,Osasuna,finished,3.0,0.0
11368652,La Liga,2023,33,1714321800,Villarreal,Rayo Vallecano,finished,3.0,0.0
11368677,La Liga,2023,33,1714330800,Real Betis,Sevilla,finished,1.0,1.0
12264377,La Liga,2023,33,1714417200,FC Barcelona,Valencia,finished,4.0,2.0
11368656,La Liga,2023,34,1714762800,Getafe,Athletic Club,finished,0.0,2.0
11368668,La Liga,2023,34,1714824000,Real Sociedad,UD Las Palmas,finished,2.0,0.0
11368659,La Liga,2023,34,1714832100,Real Madrid,Cádiz,finished,3.0,0.0
11368667,La Liga,2023,34,1714840200,Girona FC,FC Barcelona,finished,4.0,2.0
11368664,La Liga,2023,34,1714849200,Mallorca,Atlético Madrid,finished,0.0,1.0
11368663,La Liga,2023,34,1714910400,Osasuna,Real Betis,finished,0.0,2.0
11368654,La Liga,2023,34,1714918500,Celta Vigo,Villarreal,finished,3.0,2.0
11368660,La Liga,2023,34,1714926600,Valencia,Deportivo Alavés,finished,0.0,1.0
11368658,La Liga,2023,34,1714935600,Rayo Vallecano,Almería,finished,0.0,1.0
11368661,La Liga,2023,34,1714935600,Sevilla,Granada,finished,3.0,0.0
11368633,La Liga,2023,35,1715367600,Deportivo Alavés,Girona FC,finished,2.0,2.0
11368643,La Liga,2023,35,1715428800,Mallorca,UD Las Palmas,finished,1.0,0.0
11368644,La Liga,2023,35,1715436900,Villarreal,Sevilla,finished,3.0,2.0
11368634,La Liga,2023,35,1715445000,Granada,Real Madrid,finished,0.0,4.0
11368657,La Liga,2023,35,1715454000,Athletic Club,Osasuna,finished,2.0,2.0
11368636,La Liga,2023,35,1715515200,Cádiz,Getafe,finished,1.0,0.0
11368665,La Liga,2023,35,1715523300,Atlético Madrid,Celta Vigo,finished,1.0,0.0
11368641,La Liga,2023,35,1715531400,Valencia,Rayo Vallecano,finished,0.0,0.0
11368629,La Liga,2023,35,1715540400,Real Betis,Almería,finished,3.0,2.0
11368630,La Liga,2023,35,1715626800,FC Barcelona,Real Sociedad,finished,2.0,0.0
11368626,La Liga,2023,36,1715707800,Osasuna,Mallorca,finished,1.0,1.0
11368616,La Liga,2023,36,1715715000,Real Madrid,Deportivo Alavés,finished,5.0,0.0
11368647,La Liga,2023,36,1715716800,Girona FC,Villarreal,finished,0.0,1.0
11368631,La Liga,2023,36,1715794200,Rayo Vallecano,Granada,finished,2.0,1.0
11368655,La Liga,2023,36,1715794200,Sevilla,Cádiz,finished,0.0,1.0
11368650,La Liga,2023,36,1715803200,Celta Vigo,Athletic Club,finished,2.0,1.0
11368646,La Liga,2023,36,1715803200,Getafe,Atlético Madrid,finished,0.0,3.0
11368649,La Liga,2023,36,1715880600,UD Las Palmas,Real Betis,finished,2.0,2.0
11368645,La Liga,2023,36,1715887800,Almería,FC Barcelona,finished,0.0,2.0
11368648,La Liga,2023,36,1715889600,Real Sociedad,Valencia,finished,1.0,0.0
11368628,La Liga,2023,37,1716058800,Deportivo Alavés,Getafe,finished,1.0,0.0
11368624,La Liga,2023,37,1716138000,Athletic Club,Sevilla,finished,2.0,0.0
11368640,La Liga,2023,37,1716138000,Atlético Madrid,Osasuna,finished,1.0,4.0
11368621,La Liga,2023,37,1716138000,Cádiz,UD Las Palmas,finished,0.0,0.0
11368642,La Liga,2023,37,1716138000,FC Barcelona,Rayo Vallecano,finished,3.0,0.0
11368627,La Liga,2023,37,1716138000,Granada,Celta Vigo,finished,1.0,2.0
11368635,La Liga,2023,37,1716138000,Mallorca,Almería,finished,2.0,2.0
11368637,La Liga,2023,37,1716138000,Real Betis,Real Sociedad,finished,0.0,2.0
11368638,La Liga,2023,37,1716138000,Valencia,Girona FC,finished,1.0,3.0
11368619,La Liga,2023,37,1716138000,Villarreal,Real Madrid,finished,4.0,4.0
11368614,La Liga,2023,38,1716577200,Girona FC,Granada,finished,7.0,0.0
11368625,La Liga,2023,38,1716638400,Osasuna,Villarreal,finished,1.0,1.0
11368623,La Liga,2023,38,1716646500,Real Sociedad,Atlético Madrid,finished,0.0,2.0
11368639,La Liga,2023,38,1716654600,Almería,Cádiz,finished,6.0,1.0
11368622,La Liga,2023,38,1716654600,Rayo Vallecano,Athletic Club,finished,0.0,1.0
11368620,La Liga,2023,38,1716663600,Real Madrid,Real Betis,finished,0.0,0.0
11368618,La Liga,2023,38,1716724800,Getafe,Mallorca,finished,1.0,2.0
11368615,La Liga,2023,38,1716732900,Celta Vigo,Valencia,finished,2.0,2.0
11368632,La Liga,2023,38,1716732900,UD Las Palmas,Deportivo Alavés,finished,1.0,1.0
11368617,La Liga,2023,38,1716750000,Sevilla,FC Barcelona,finished,1.0,2.0
12437604,La Liga,2024,1,1723741200,Athletic Club,Getafe,finished,1.0,1.0
12437605,La Liga,2024,1,1723750200,Real Betis,Girona FC,finished,1.0,1.0
12437617,La Liga,2024,1,1723827600,Celta Vigo,Deportivo Alavés,finished,2.0,1.0
12437608,La Liga,2024,1,1723836600,UD Las Palmas,Sevilla,finished,2.0,2.0
12437619,La Liga,2024,1,1723914000,Osasuna,Leganés,finished,1.0,1.0
12437612,La Liga,2024,1,1723923000,Valencia,FC Barcelona,finished,1.0,2.0
12437615,La Liga,2024,1,1724000400,Real Sociedad,Rayo Vallecano,finished,1.0,2.0
12437606,La Liga,2024,1,1724009400,Mallorca,Real Madrid,finished,1.0,1.0
12437624,La Liga,2024,1,1724086800,Real Valladolid,Espanyol,finished,1.0,0.0
12437610,La Liga,2024,1,1724095800,Villarreal,Atlético Madrid,finished,2.0,2.0
12437631,La Liga,2024,2,1724432400,Celta Vigo,Valencia,finished,3.0,1.0
12437642,La Liga,2024,2,1724441400,Sevilla,Villarreal,finished,1.0,2.0
12437656,La Liga,2024,2,1724511600,Osasuna,Mallorca,finished,1.0,0.0
12437652,La Liga,2024,2,1724518800,FC Barcelona,Athletic Club,finished,2.0,1.0
12437650,La Liga,2024,2,1724527800,Espanyol,Real Sociedad,finished,0.0,1.0
12437636,La Liga,2024,2,1724527800,Getafe,Rayo Vallecano,finished,0.0,0.0
12437638,La Liga,2024,2,1724598000,Real Madrid,Real Valladolid,finished,3.0,0.0
12437647,La Liga,2024,2,1724605200,Leganés,UD Las Palmas,finished,2.0,1.0
12437645,La Liga,2024,2,1724606100,Deportivo Alavés,Real Betis,finished,0.0,0.0
12437628,La Liga,2024,2,1724614200,Atlético Madrid,Girona FC,finished,3.0,0.0
12437674,La Liga,2024,3,1724700600,Villarreal,Celta Vigo,finished,4.0,3.0
12437667,La Liga,2024,3,1724778000,Mallorca,Sevilla,finished,0.0,0.0
12437672,La Liga,2024,3,1724787000,Rayo Vallecano,FC Barcelona,finished,1.0,2.0
12437659,La Liga,2024,3,1724864400,Athletic Club,Valencia,finished,1.0,0.0
12437679,La Liga,2024,3,1724864400,Real Valladolid,Leganés,finished,0.0,0.0
12437681,La Liga,2024,3,1724873400,Atlético Madrid,Espanyol,finished,0.0,0.0
12437676,La Liga,2024,3,1724873400,Real Sociedad,Deportivo Alavés,finished,1.0,2.0
12437664,La Liga,2024,3,1724950800,Girona FC,Osasuna,finished,4.0,0.0
12437669,La Liga,2024,3,1724959800,UD Las Palmas,Real Madrid,finished,1.0,1.0
12437687,La Liga,2024,4,1725116400,FC Barcelona,Real Valladolid,finished,7.0,0.0
12437684,La Liga,2024,4,1725123600,Athletic Club,Atlético Madrid,finished,0.0,1.0
12437699,La Liga,2024,4,1725124500,Espanyol,Rayo Vallecano,finished,2.0,1.0
12437697,La Liga,2024,4,1725132600,Leganés,Mallorca,finished,0.0,1.0
12437692,La Liga,2024,4,1725132600,Valencia,Villarreal,finished,1.0,1.0
12437694,La Liga,2024,4,1725202800,Deportivo Alavés,UD Las Palmas,finished,2.0,0.0
12437704,La Liga,2024,4,1725202800,Osasuna,Celta Vigo,finished,3.0,2.0
12437706,La Liga,2024,4,1725210000,Sevilla,Girona FC,finished,0.0,2.0
12437690,La Liga,2024,4,1725210900,Getafe,Real Sociedad,finished,0.0,0.0
12437702,La Liga,2024,4,1725219000,Real Madrid,Real Betis,finished,2.0,0.0
12437711,La Liga,2024,5,1726254000,Real Betis,Leganés,finished,2.0,0.0
12437716,La Liga,2024,5,1726315200,Mallorca,Villarreal,finished,1.0,2.0
12437730,La Liga,2024,5,1726323300,Espanyol,Deportivo Alavés,finished,3.0,2.0
12437723,La Liga,2024,5,1726331400,Sevilla,Getafe,finished,1.0,0.0
12437728,La Liga,2024,5,1726340400,Real Sociedad,Real Madrid,finished,0.0,2.0
12437714,La Liga,2024,5,1726401600,Celta Vigo,Real Valladolid,finished,3.0,1.0
12437721,La Liga,2024,5,1726409700,Girona FC,FC Barcelona,finished,1.0,4.0
12437718,La Liga,2024,5,1726417800,UD Las Palmas,Athletic Club,finished,2.0,3.0
12437709,La Liga,2024,5,1726426800,Atlético Madrid,Valencia,finished,3.0,0.0
12437726,La Liga,2024,5,1726513200,Rayo Vallecano,Osasuna,finished,3.0,1.0
12437763,La Liga,2024,7,1726592400,Mallorca,Real Sociedad,finished,1.0,0.0
12778688,La Liga,2024,3,1726678800,Real Betis,Getafe,finished,2.0,1.0
12437772,La Liga,2024,7,1726765200,Leganés,Athletic Club,finished,0.0,2.0
12437741,La Liga,2024,6,1726858800,Deportivo Alavés,Sevilla,finished,2.0,1.0
12437751,La Liga,2024,6,1726920000,Real Valladolid,Real Sociedad,finished,0.0,0.0
12437753,La Liga,2024,6,1726928100,Osasuna,UD Las Palmas,finished,2.0,1.0
12437748,La Liga,2024,6,1726936200,Valencia,Girona FC,finished,2.0,0.0
12437756,La Liga,2024,6,1726945200,Real Madrid,Espanyol,finished,4.0,1.0
12437739,La Liga,2024,6,1727006400,Getafe,Leganés,finished,1.0,1.0
12437734,La Liga,2024,6,1727014500,Athletic Club,Celta Vigo,finished,3.0,1.0
12437746,La Liga,2024,6,1727022600,Villarreal,FC Barcelona,finished,1.0,5.0
12437744,La Liga,2024,6,1727031600,Rayo Vallecano,Atlético Madrid,finished,1.0,1.0
12437736,La Liga,2024,6,1727118000,Real Betis,Mallorca,finished,1.0,2.0
12437766,La Liga,2024,7,1727197200,Sevilla,Real Valladolid,finished,2.0,1.0
12437779,La Liga,2024,7,1727197200,Valencia,Osasuna,finished,0.0,0.0
12437782,La Liga,2024,7,1727204400,Real Madrid,Deportivo Alavés,finished,3.0,2.0
12437761,La Liga,2024,7,1727283600,Girona FC,Rayo Vallecano,finished,0.0,0.0
12437758,La Liga,2024,7,1727290800,FC Barcelona,Getafe,finished,1.0,0.0
12437768,La Liga,2024,7,1727370000,Espanyol,Villarreal,finished,1.0,2.0
12437777,La Liga,2024,7,1727370000,UD Las Palmas,Real Betis,finished,1.0,1.0
12437774,La Liga,2024,7,1727377200,Celta Vigo,Atlético Madrid,finished,0.0,1.0
12437798,La Liga,2024,8,1727463600,Real Valladolid,Mallorca,finished,1.0,2.0
12437803,La Liga,2024,8,1727524800,Getafe,Deportivo Alavés,finished,2.0,0.0
12437805,La Liga,2024,8,1727532900,Rayo Vallecano,Leganés,finished,1.0,1.0
12437792,La Liga,2024,8,1727541000,Real Sociedad,Valencia,finished,3.0,0.0
12437795,La Liga,2024,8,1727550000,Osasuna,FC Barcelona,finished,4.0,2.0
12437789,La Liga,2024,8,1727611200,Celta Vigo,Girona FC,finished,1.0,1.0
12437784,La Liga,2024,8,1727619300,Athletic Club,Sevilla,finished,1.0,1.0
12437808,La Liga,2024,8,1727627400,Real Betis,Espanyol,finished,1.0,0.0
12437787,La Liga,2024,8,1727636400,Atlético Madrid,Real Madrid,finished,1.0,1.0
12437800,La Liga,2024,8,1727722800,Villarreal,UD Las Palmas,finished,3.0,1.0
12437818,La Liga,2024,9,1728068400,Leganés,Valencia,finished,0.0,0.0
12437820,La Liga,2024,9,1728129600,Espanyol,Mallorca,finished,2.0,1.0
12437810,La Liga,2024,9,1728137700,Getafe,Osasuna,finished,1.0,1.0
12437833,La Liga,2024,9,1728145800,Real Valladolid,Rayo Vallecano,finished,1.0,2.0
12437832,La Liga,2024,9,1728145800,UD Las Palmas,Celta Vigo,finished,0.0,1.0
12437813,La Liga,2024,9,1728154800,Real Madrid,Villarreal,finished,2.0,0.0
12437824,La Liga,2024,9,1728216000,Girona FC,Athletic Club,finished,2.0,1.0
12437815,La Liga,2024,9,1728224100,Deportivo Alavés,FC Barcelona,finished,0.0,3.0
12437828,La Liga,2024,9,1728232200,Sevilla,Real Betis,finished,1.0,0.0
12437826,La Liga,2024,9,1728241200,Real Sociedad,Atlético Madrid,finished,1.0,1.0
12437849,La Liga,2024,10,1729278000,Deportivo Alavés,Real Valladolid,finished,2.0,3.0
12437855,La Liga,2024,10,1729339200,Athletic Club,Espanyol,finished,4.0,1.0
12437851,La Liga,2024,10,1729347300,Osasuna,Real Betis,finished,1.0,2.0
12437843,La Liga,2024,10,1729355400,Girona FC,Real Sociedad,finished,0.0,1.0
12437842,La Liga,2024,10,1729364400,Celta Vigo,Real Madrid,finished,1.0,2.0
12437847,La Liga,2024,10,1729425600,Mallorca,Rayo Vallecano,finished,1.0,0.0
12437835,La Liga,2024,10,1729433700,Atlético Madrid,Leganés,finished,3.0,1.0
12437852,La Liga,2024,10,1729441800,Villarreal,Getafe,finished,1.0,1.0
12437839,La Liga,2024,10,1729450800,FC Barcelona,Sevilla,finished,5.0,1.0
12437854,La Liga,2024,10,1729537200,Valencia,UD Las Palmas,finished,2.0,3.0
12437609,La Liga,2024,11,1729882800,Espanyol,Sevilla,finished,0.0,2.0
12437627,La Liga,2024,11,1729944000,Real Valladolid,Villarreal,finished,1.0,2.0
12437630,La Liga,2024,11,1729952100,Rayo Vallecano,Deportivo Alavés,finished,1.0,0.0
12437620,La Liga,2024,11,1729960200,UD Las Palmas,Girona FC,finished,1.0,0.0
12437616,La Liga,2024,11,1729969200,Real Madrid,FC Barcelona,finished,0.0,4.0
12437618,La Liga,2024,11,1730034000,Leganés,Celta Vigo,finished,3.0,0.0
12437607,La Liga,2024,11,1730042100,Getafe,Valencia,finished,1.0,1.0
12437613,La Liga,2024,11,1730050200,Real Betis,Atlético Madrid,finished,1.0,0.0
12437625,La Liga,2024,11,1730059200,Real Sociedad,Osasuna,finished,0.0,2.0
12437611,La Liga,2024,11,1730145600,Mallorca,Athletic Club,finished,0.0,0.0
12437646,La Liga,2024,12,1730491200,Deportivo Alavés,Mallorca,finished,1.0,0.0
12437644,La Liga,2024,12,1730552400,Osasuna,Real Valladolid,finished,1.0,0.0
12437641,La Liga,2024,12,1730560500,Girona FC,Leganés,finished,4.0,3.0
12437651,La Liga,2024,12,1730568600,Villarreal,Rayo Vallecano,postponed,,
12437653,La Liga,2024,12,1730577600,Valencia,Real Madrid,postponed,,
12437637,La Liga,2024,12,1730638800,Atlético Madrid,UD Las Palmas,finished,2.0,0.0
12437658,La Liga,2024,12,1730646900,FC Barcelona,Espanyol,finished,3.0,1.0
12437655,La Liga,2024,12,1730655000,Sevilla,Real Sociedad,finished,0.0,2.0
12437634,La Liga,2024,12,1730664000,Athletic Club,Real Betis,finished,1.0,1.0
12437639,La Liga,2024,12,1730750400,Celta Vigo,Getafe,finished,1.0,0.0
12437680,La Liga,2024,13,1731096000,Rayo Vallecano,UD Las Palmas,finished,1.0,3.0
12437678,La Liga,2024,13,1731157200,Real Madrid,Osasuna,finished,4.0,0.0
12437682,La Liga,2024,13,1731165300,Villarreal,Deportivo Alavés,finished,3.0,0.0
12437668,La Liga,2024,13,1731173400,Espanyol,Valencia,postponed,,
12437666,La Liga,2024,13,1731182400,Leganés,Sevilla,finished,1.0,0.0
12437660,La Liga,2024,13,1731243600,Real Betis,Celta Vigo,finished,2.0,2.0
12437673,La Liga,2024,13,1731251700,Mallorca,Atlético Madrid,finished,0.0,1.0
12437662,La Liga,2024,13,1731259800,Getafe,Girona FC,finished,0.0,1.0
12437670,La Liga,2024,13,1731259800,Real Valladolid,Athletic Club,finished,1.0,1.0
12437675,La Liga,2024,13,1731268800,Real Sociedad,FC Barcelona,finished,1.0,0.0
12437686,La Liga,2024,14,1732305600,Getafe,Real Valladolid,finished,2.0,0.0
12437698,La Liga,2024,14,1732366800,Valencia,Real Betis,finished,4.0,2.0
12437703,La Liga,2024,14,1732374900,Atlético Madrid,Deportivo Alavés,finished,2.0,1.0
12437705,La Liga,2024,14,1732383000,Girona FC,Espanyol,finished,4.0,1.0
12437691,La Liga,2024,14,1732383000,UD Las Palmas,Mallorca,finished,2.0,3.0
12437696,La Liga,2024,14,1732392000,Celta Vigo,FC Barcelona,finished,2.0,2.0
12437688,La Liga,2024,14,1732453200,Osasuna,Villarreal,finished,2.0,2.0
12437700,La Liga,2024,14,1732461300,Sevilla,Rayo Vallecano,finished,1.0,0.0
12437693,La Liga,2024,14,1732469400,Leganés,Real Madrid,finished,0.0,3.0
12437685,La Liga,2024,14,1732478400,Athletic Club,Real Sociedad,finished,1.0,0.0
12437710,La Liga,2024,15,1732910400,Mallorca,Valencia,finished,2.0,1.0
12437708,La Liga,2024,15,1732971600,FC Barcelona,UD Las Palmas,finished,1.0,2.0
12437712,La Liga,2024,15,1732979700,Deportivo Alavés,Leganés,finished,1.0,1.0
12437715,La Liga,2024,15,1732987800,Espanyol,Celta Vigo,finished,3.0,1.0
12437720,La Liga,2024,15,1732996800,Real Valladolid,Atlético Madrid,finished,0.0,5.0
12437727,La Liga,2024,15,1733058000,Villarreal,Girona FC,finished,2.0,2.0
12437724,La Liga,2024,15,1733066100,Real Madrid,Getafe,finished,2.0,0.0
12437717,La Liga,2024,15,1733074200,Rayo Vallecano,Athletic Club,finished,1.0,2.0
12437722,La Liga,2024,15,1733083200,Real Sociedad,Real Betis,finished,2.0,0.0
12437729,La Liga,2024,15,1733169600,Sevilla,Osasuna,finished,1.0,1.0
12437816,La Liga,2024,19,1733248800,Mallorca,FC Barcelona,finished,1.0,5.0
12437801,La Liga,2024,19,1733342400,Athletic Club,Real Madrid,finished,2.0,1.0
12437735,La Liga,2024,16,1733515200,Celta Vigo,Mallorca,finished,2.0,0.0
12437740,La Liga,2024,16,1733576400,UD Las Palmas,Real Valladolid,finished,2.0,1.0
12437745,La Liga,2024,16,1733584500,Real Betis,FC Barcelona,finished,2.0,2.0
12437747,La Liga,2024,16,1733592600,Valencia,Rayo Vallecano,finished,0.0,1.0
12437738,La Liga,2024,16,1733601600,Girona FC,Real Madrid,finished,0.0,3.0
12437742,La Liga,2024,16,1733662800,Leganés,Real Sociedad,finished,0.0,3.0
12437731,La Liga,2024,16,1733670900,Athletic Club,Villarreal,finished,2.0,0.0
12437750,La Liga,2024,16,1733679000,Osasuna,Deportivo Alavés,finished,2.0,2.0
12437733,La Liga,2024,16,1733688000,Atlético Madrid,Sevilla,finished,4.0,3.0
12437752,La Liga,2024,16,1733774400,Getafe,Espanyol,finished,1.0,0.0
12437773,La Liga,2024,17,1734120000,Real Valladolid,Valencia,finished,1.0,0.0
12437764,La Liga,2024,17,1734181200,Espanyol,Osasuna,finished,0.0,0.0
12437771,La Liga,2024,17,1734189300,Mallorca,Girona FC,finished,2.0,1.0
12437769,La Liga,2024,17,1734197400,Sevilla,Celta Vigo,finished,1.0,0.0
12437759,La Liga,2024,17,1734206400,Rayo Vallecano,Real Madrid,finished,3.0,3.0
12437755,La Liga,2024,17,1734267600,Atlético Madrid,Getafe,finished,1.0,0.0
12437762,La Liga,2024,17,1734275700,Deportivo Alavés,Athletic Club,finished,1.0,1.0
12437776,La Liga,2024,17,1734283800,Real Sociedad,UD Las Palmas,finished,0.0,0.0
12437767,La Liga,2024,17,1734283800,Villarreal,Real Betis,finished,1.0,2.0
12437757,La Liga,2024,17,1734292800,FC Barcelona,Leganés,finished,0.0,1.0
13096804,La Liga,2024,12,1734553800,Villarreal,Rayo Vallecano,finished,1.0,1.0
13128822,La Liga,2024,13,1734553800,Espanyol,Valencia,finished,1.0,1.0
12437785,La Liga,2024,18,1734724800,Girona FC,Real Valladolid,finished,3.0,0.0
12437783,La Liga,2024,18,1734786000,Getafe,Mallorca,finished,0.0,1.0
12437780,La Liga,2024,18,1734794100,Celta Vigo,Real Sociedad,finished,2.0,0.0
12437793,La Liga,2024,18,1734802200,Osasuna,Athletic Club,finished,1.0,2.0
12437794,La Liga,2024,18,1734811200,FC Barcelona,Atlético Madrid,finished,1.0,2.0
12437797,La Liga,2024,18,1734872400,Valencia,Deportivo Alavés,finished,2.0,2.0
12437788,La Liga,2024,18,1734880500,Real Madrid,Sevilla,finished,4.0,2.0
12437790,La Liga,2024,18,1734888600,Leganés,Villarreal,finished,2.0,5.0
12437799,La Liga,2024,18,1734888600,UD Las Palmas,Espanyol,finished,1.0,0.0
12437778,La Liga,2024,18,1734897600,Real Betis,Rayo Vallecano,finished,1.0,1.0
13199638,La Liga,2024,12,1735934400,Valencia,Real Madrid,finished,1.0,2.0
12437822,La Liga,2024,19,1736539200,Rayo Vallecano,Celta Vigo,finished,2.0,1.0
12437812,La Liga,2024,19,1736600400,Deportivo Alavés,Girona FC,finished,0.0,1.0
12437819,La Liga,2024,19,1736608500,Real Valladolid,Real Betis,finished,1.0,0.0
12437814,La Liga,2024,19,1736616600,Espanyol,Leganés,finished,1.0,1.0
12437809,La Liga,2024,19,1736625600,Sevilla,Valencia,finished,1.0,1.0
12437823,La Liga,2024,19,1736686800,UD Las Palmas,Getafe,finished,1.0,2.0
12437804,La Liga,2024,19,1736694900,Atlético Madrid,Osasuna,finished,1.0,0.0
12437807,La Liga,2024,19,1736798400,Real Sociedad,Villarreal,finished,1.0,0.0
12437831,La Liga,2024,20,1737144000,Espanyol,Real Valladolid,finished,2.0,1.0
12437827,La Liga,2024,20,1737205200,Girona FC,Sevilla,finished,1.0,2.0
12437837,La Liga,2024,20,1737213300,Leganés,Atlético Madrid,finished,1.0,0.0
12437848,La Liga,2024,20,1737221400,Real Betis,Deportivo Alavés,finished,1.0,3.0
12437838,La Liga,2024,20,1737230400,Getafe,FC Barcelona,finished,1.0,1.0
12437834,La Liga,2024,20,1737291600,Celta Vigo,Athletic Club,finished,1.0,2.0
12437845,La Liga,2024,20,1737299700,Real Madrid,UD Las Palmas,finished,4.0,1.0
12437829,La Liga,2024,20,1737307800,Osasuna,Rayo Vallecano,finished,1.0,1.0
12437844,La Liga,2024,20,1737316800,Valencia,Real Sociedad,finished,1.0,0.0
12437840,La Liga,2024,20,1737403200,Villarreal,Mallorca,finished,4.0,0.0
12437643,La Liga,2024,21,1737748800,UD Las Palmas,Osasuna,finished,1.0,1.0
12437657,La Liga,2024,21,1737810000,Mallorca,Real Betis,finished,0.0,1.0
12437622,La Liga,2024,21,1737818100,Atlético Madrid,Villarreal,finished,1.0,1.0
12437683,La Liga,2024,21,1737826200,Sevilla,Espanyol,finished,1.0,1.0
12437677,La Liga,2024,21,1737835200,Real Valladolid,Real Madrid,finished,0.0,3.0
12437671,La Liga,2024,21,1737896400,Rayo Vallecano,Girona FC,finished,2.0,1.0
12437665,La Liga,2024,21,1737904500,Real Sociedad,Getafe,finished,0.0,3.0
12437614,La Liga,2024,21,1737912600,Athletic Club,Leganés,finished,0.0,0.0
12437633,La Liga,2024,21,1737921600,FC Barcelona,Valencia,finished,7.0,1.0
12437649,La Liga,2024,21,1738008000,Deportivo Alavés,Celta Vigo,finished,1.0,1.0
12437719,La Liga,2024,22,1738353600,Leganés,Rayo Vallecano,finished,0.0,1.0
12437695,La Liga,2024,22,1738414800,Getafe,Sevilla,finished,0.0,0.0
12437713,La Liga,2024,22,1738422900,Villarreal,Real Valladolid,finished,5.0,1.0
12437689,La Liga,2024,22,1738431000,Atlético Madrid,Mallorca,finished,2.0,0.0
12437725,La Liga,2024,22,1738440000,Espanyol,Real Madrid,finished,1.0,0.0
12437743,La Liga,2024,22,1738501200,FC Barcelona,Deportivo Alavés,finished,1.0,0.0
12437737,La Liga,2024,22,1738509300,Valencia,Celta Vigo,finished,2.0,1.0
12437707,La Liga,2024,22,1738517400,Osasuna,Real Sociedad,finished,2.0,1.0
12437732,La Liga,2024,22,1738526400,Real Betis,Athletic Club,finished,2.0,2.0
12437701,La Liga,2024,22,1738612800,Girona FC,UD Las Palmas,finished,2.0,1.0
12437760,La Liga,2024,23,1738958400,Rayo Vallecano,Real Valladolid,finished,1.0,0.0
12437786,La Liga,2024,23,1739019600,Celta Vigo,Real Betis,finished,3.0,2.0
12437749,La Liga,2024,23,1739027700,Athletic Club,Girona FC,finished,3.0,0.0
12437765,La Liga,2024,23,1739035800,UD Las Palmas,Villarreal,finished,1.0,2.0
12437775,La Liga,2024,23,1739044800,Real Madrid,Atlético Madrid,finished,1.0,1.0
12437770,La Liga,2024,23,1739106000,Deportivo Alavés,Getafe,finished,0.0,1.0
12437791,La Liga,2024,23,1739114100,Valencia,Leganés,finished,2.0,0.0
12437796,La Liga,2024,23,1739122200,Real Sociedad,Espanyol,finished,2.0,1.0
12437781,La Liga,2024,23,1739131200,Sevilla,FC Barcelona,finished,1.0,4.0
12437754,La Liga,2024,23,1739217600,Mallorca,Osasuna,finished,1.0,1.0
12437825,La Liga,2024,24,1739563200,Girona FC,Getafe,finished,1.0,2.0
12437846,La Liga,2024,24,1739624400,Leganés,Deportivo Alavés,finished,3.0,3.0
12437817,La Liga,2024,24,1739632500,Osasuna,Real Madrid,finished,1.0,1.0
12437802,La Liga,2024,24,1739640600,Atlético Madrid,Celta Vigo,finished,1.0,1.0
12437836,La Liga,2024,24,1739649600,Villarreal,Valencia,finished,1.0,1.0
12437821,La Liga,2024,24,1739710800,Espanyol,Athletic Club,finished,1.0,1.0
12437830,La Liga,2024,24,1739718900,Real Valladolid,Sevilla,finished,0.0,4.0
12437841,La Liga,2024,24,1739727000,Mallorca,UD Las Palmas,finished,3.0,1.0
12437811,La Liga,2024,24,1739736000,Real Betis,Real Sociedad,finished,3.0,0.0
12437806,La Liga,2024,24,1739822400,FC Barcelona,Rayo Vallecano,finished,1.0,0.0
12437853,La Liga,2024,25,1740168000,Celta Vigo,Osasuna,finished,1.0,0.0
12437857,La Liga,2024,25,1740229200,Deportivo Alavés,Espanyol,finished,0.0,1.0
12437856,La Liga,2024,25,1740237300,Rayo Vallecano,Villarreal,finished,0.0,1.0
12437858,La Liga,2024,25,1740245400,Valencia,Atlético Madrid,finished,0.0,3.0
12437859,La Liga,2024,25,1740254400,UD Las Palmas,FC Barcelona,finished,0.0,2.0
12437850,La Liga,2024,25,1740315600,Athletic Club,Real Valladolid,finished,7.0,1.0
12437861,La Liga,2024,25,1740323700,Real Madrid,Girona FC,finished,2.0,0.0
12437860,La Liga,2024,25,1740331800,Getafe,Real Betis,finished,1.0,2.0
12437863,La Liga,2024,25,1740340800,Real Sociedad,Leganés,finished,3.0,0.0
12437862,La Liga,2024,25,1740427200,Sevilla,Mallorca,finished,1.0,1.0
12437871,La Liga,2024,26,1740772800,Real Valladolid,UD Las Palmas,finished,1.0,1.0
12437869,La Liga,2024,26,1740834000,Girona FC,Celta Vigo,finished,2.0,2.0
12437867,La Liga,2024,26,1740842100,Rayo Vallecano,Sevilla,finished,1.0,1.0
12437865,La Liga,2024,26,1740850200,Real Betis,Real Madrid,finished,2.0,1.0
12437868,La Liga,2024,26,1740859200,Atlético Madrid,Athletic Club,finished,1.0,0.0
12437870,La Liga,2024,26,1740920400,Leganés,Getafe,finished,1.0,0.0
12437864,La Liga,2024,26,1740928500,FC Barcelona,Real Sociedad,finished,4.0,0.0
12437872,La Liga,2024,26,1740936600,Mallorca,Deportivo Alavés,finished,1.0,1.0
12437866,La Liga,2024,26,1740945600,Osasuna,Valencia,finished,3.0,3.0
12437877,La Liga,2024,27,1741438800,Celta Vigo,Leganés,finished,2.0,1.0
12437552,La Liga,2024,27,1741446900,Deportivo Alavés,Villarreal,finished,1.0,0.0
12437879,La Liga,2024,27,1741455000,Valencia,Real Valladolid,finished,2.0,1.0
12437558,La Liga,2024,27,1741525200,Getafe,Atlético Madrid,finished,2.0,1.0
12437549,La Liga,2024,27,1741533300,Real Madrid,Rayo Vallecano,finished,2.0,1.0
12437874,La Liga,2024,27,1741541400,Athletic Club,Mallorca,finished,1.0,1.0
12437876,La Liga,2024,27,1741541400,Real Betis,UD Las Palmas,finished,1.0,0.0
12437878,La Liga,2024,27,1741550400,Real Sociedad,Sevilla,finished,0.0,1.0
12437880,La Liga,2024,27,1741636800,Espanyol,Girona FC,finished,1.0,1.0
12437566,La Liga,2024,28,1741982400,UD Las Palmas,Deportivo Alavés,finished,2.0,2.0
12437557,La Liga,2024,28,1742043600,Real Valladolid,Celta Vigo,finished,0.0,1.0
12437565,La Liga,2024,28,1742051700,Mallorca,Espanyol,finished,2.0,1.0
12437562,La Liga,2024,28,1742059800,Villarreal,Real Madrid,finished,1.0,2.0
12437556,La Liga,2024,28,1742068800,Girona FC,Valencia,finished,1.0,1.0
12437560,La Liga,2024,28,1742130000,Leganés,Real Betis,finished,2.0,3.0
12437559,La Liga,2024,28,1742138100,Sevilla,Athletic Club,finished,0.0,1.0
12437563,La Liga,2024,28,1742146200,Osasuna,Getafe,finished,1.0,2.0
12437553,La Liga,2024,28,1742146200,Rayo Vallecano,Real Sociedad,finished,2.0,2.0
12437550,La Liga,2024,28,1742155200,Atlético Madrid,FC Barcelona,finished,2.0,4.0
13637082,La Liga,2024,27,1743105600,FC Barcelona,Osasuna,finished,3.0,0.0
12437571,La Liga,2024,29,1743253200,Real Sociedad,Real Valladolid,finished,2.0,1.0
12437881,La Liga,2024,29,1743261300,Espanyol,Atlético Madrid,finished,1.0,1.0
12437572,La Liga,2024,29,1743269400,Deportivo Alavés,Rayo Vallecano,finished,0.0,2.0
12437573,La Liga,2024,29,1743278400,Real Madrid,Leganés,finished,3.0,2.0
12437568,La Liga,2024,29,1743336000,Getafe,Villarreal,finished,1.0,2.0
12437570,La Liga,2024,29,1743344100,FC Barcelona,Girona FC,finished,4.0,1.0
12437564,La Liga,2024,29,1743352200,Athletic Club,Osasuna,finished,0.0,0.0
12437576,La Liga,2024,29,1743352200,Valencia,Mallorca,finished,1.0,0.0
12437567,La Liga,2024,29,1743361200,Real Betis,Sevilla,finished,2.0,1.0
12437569,La Liga,2024,29,1743447600,Celta Vigo,UD Las Palmas,finished,1.0,1.0
12437888,La Liga,2024,30,1743793200,Rayo Vallecano,Espanyol,finished,0.0,4.0
12437887,La Liga,2024,30,1743854400,Girona FC,Deportivo Alavés,finished,0.0,1.0
12437577,La Liga,2024,30,1743862500,Real Madrid,Valencia,finished,1.0,2.0
12437885,La Liga,2024,30,1743870600,Mallorca,Celta Vigo,finished,1.0,2.0
12437575,La Liga,2024,30,1743879600,FC Barcelona,Real Betis,finished,1.0,1.0
12437574,La Liga,2024,30,1743940800,UD Las Palmas,Real Sociedad,finished,1.0,3.0
12437884,La Liga,2024,30,1743948900,Sevilla,Atlético Madrid,finished,1.0,2.0
12437886,La Liga,2024,30,1743957000,Real Valladolid,Getafe,finished,0.0,4.0
12437883,La Liga,2024,30,1743966000,Villarreal,Athletic Club,finished,0.0,0.0
12437882,La Liga,2024,30,1744052400,Leganés,Osasuna,finished,1.0,1.0
12437517,La Liga,2024,31,1744398000,Valencia,Sevilla,finished,1.0,0.0
12437513,La Liga,2024,31,1744459200,Real Sociedad,Mallorca,finished,0.0,2.0
12437629,La Liga,2024,31,1744467300,Getafe,UD Las Palmas,finished,1.0,3.0
12437515,La Liga,2024,31,1744475400,Celta Vigo,Espanyol,finished,0.0,2.0
12437635,La Liga,2024,31,1744484400,Leganés,FC Barcelona,finished,0.0,1.0
12437514,La Liga,2024,31,1744545600,Osasuna,Girona FC,finished,2.0,1.0
12437632,La Liga,2024,31,1744553700,Deportivo Alavés,Real Madrid,finished,0.0,1.0
12437626,La Liga,2024,31,1744561800,Real Betis,Villarreal,finished,1.0,2.0
12437621,La Liga,2024,31,1744570800,Athletic Club,Rayo Vallecano,finished,3.0,1.0
12437623,La Liga,2024,31,1744657200,Atlético Madrid,Real Valladolid,finished,4.0,2.0
12437640,La Liga,2024,32,1745002800,Espanyol,Getafe,finished,1.0,0.0
12437518,La Liga,2024,32,1745064000,Rayo Vallecano,Valencia,finished,1.0,1.0
12437521,La Liga,2024,32,1745072100,FC Barcelona,Celta Vigo,finished,4.0,3.0
12437525,La Liga,2024,32,1745080200,Mallorca,Leganés,finished,0.0,0.0
12437519,La Liga,2024,32,1745089200,UD Las Palmas,Atlético Madrid,finished,1.0,0.0
12437522,La Liga,2024,32,1745150400,Real Valladolid,Osasuna,finished,2.0,3.0
12437524,La Liga,2024,32,1745158500,Villarreal,Real Sociedad,finished,2.0,2.0
12437528,La Liga,2024,32,1745166600,Sevilla,Deportivo Alavés,finished,1.0,1.0
12437523,La Liga,2024,32,1745175600,Real Madrid,Athletic Club,finished,1.0,0.0
12437520,La Liga,2024,32,1745262000,Girona FC,Real Betis,finished,1.0,3.0
12437531,La Liga,2024,33,1745341200,Valencia,Espanyol,finished,1.0,1.0
12437529,La Liga,2024,33,1745350200,FC Barcelona,Mallorca,finished,1.0,0.0
12437527,La Liga,2024,33,1745427600,Athletic Club,UD Las Palmas,finished,1.0,0.0
12437543,La Liga,2024,33,1745427600,Celta Vigo,Villarreal,finished,3.0,0.0
12437561,La Liga,2024,33,1745436600,Deportivo Alavés,Real Sociedad,finished,1.0,0.0
12437530,La Liga,2024,33,1745436600,Getafe,Real Madrid,finished,0.0,1.0
12437535,La Liga,2024,33,1745514000,Leganés,Girona FC,finished,1.0,1.0
12437539,La Liga,2024,33,1745514000,Osasuna,Sevilla,finished,1.0,0.0
12437533,La Liga,2024,33,1745523000,Atlético Madrid,Rayo Vallecano,finished,3.0,0.0
12437526,La Liga,2024,33,1745523000,Real Betis,Real Valladolid,finished,5.0,1.0
13607777,La Liga,2024,26,1745763300,Villarreal,Espanyol,finished,1.0,0.0
12437542,La Liga,2024,34,1746212400,Rayo Vallecano,Getafe,finished,1.0,0.0
12437536,La Liga,2024,34,1746273600,Deportivo Alavés,Atlético Madrid,finished,0.0,0.0
12437541,La Liga,2024,34,1746281700,Villarreal,Osasuna,finished,4.0,2.0
12437540,La Liga,2024,34,1746289800,UD Las Palmas,Valencia,finished,2.0,3.0
12437534,La Liga,2024,34,1746298800,Real Valladolid,FC Barcelona,finished,1.0,2.0
12437532,La Liga,2024,34,1746360000,Real Madrid,Celta Vigo,finished,3.0,2.0
12437546,La Liga,2024,34,1746368100,Sevilla,Leganés,finished,2.0,2.0
12437648,La Liga,2024,34,1746376200,Espanyol,Real Betis,finished,1.0,2.0
12437538,La Liga,2024,34,1746385200,Real Sociedad,Athletic Club,finished,0.0,0.0
12437537,La Liga,2024,34,1746471600,Girona FC,Mallorca,finished,1.0,0.0
12437555,La Liga,2024,35,1746817200,UD Las Palmas,Rayo Vallecano,finished,0.0,1.0
12437494,La Liga,2024,35,1746878400,Valencia,Getafe,finished,3.0,0.0
12437548,La Liga,2024,35,1746886500,Celta Vigo,Sevilla,finished,3.0,2.0
12437551,La Liga,2024,35,1746894600,Girona FC,Villarreal,finished,0.0,1.0
12437554,La Liga,2024,35,1746894600,Mallorca,Real Valladolid,finished,2.0,1.0
12437544,La Liga,2024,35,1746903600,Atlético Madrid,Real Sociedad,finished,4.0,0.0
12437579,La Liga,2024,35,1746964800,Leganés,Espanyol,finished,3.0,2.0
12437545,La Liga,2024,35,1746972900,FC Barcelona,Real Madrid,finished,4.0,3.0
12437501,La Liga,2024,35,1746981000,Athletic Club,Deportivo Alavés,finished,1.0,0.0
12437547,La Liga,2024,35,1746990000,Real Betis,Osasuna,finished,1.0,1.0
12437485,La Liga,2024,36,1747155600,Real Valladolid,Girona FC,finished,0.0,1.0
12437498,La Liga,2024,36,1747159200,Real Sociedad,Celta Vigo,finished,0.0,1.0
12437495,La Liga,2024,36,1747164600,Sevilla,UD Las Palmas,finished,1.0,0.0
12437484,La Liga,2024,36,1747242000,Deportivo Alavés,Valencia,finished,1.0,0.0
12437500,La Liga,2024,36,1747242000,Villarreal,Leganés,finished,3.0,0.0
12437491,La Liga,2024,36,1747251000,Real Madrid,Mallorca,finished,2.0,1.0
12437502,La Liga,2024,36,1747328400,Osasuna,Atlético Madrid,finished,2.0,0.0
12437504,La Liga,2024,36,1747328400,Rayo Vallecano,Real Betis,finished,2.0,2.0
12437654,La Liga,2024,36,1747337400,Espanyol,FC Barcelona,finished,0.0,2.0
12437492,La Liga,2024,36,1747337400,Getafe,Athletic Club,finished,0.0,2.0
12437493,La Liga,2024,37,1747587600,Atlético Madrid,Real Betis,finished,4.0,1.0
12437483,La Liga,2024,37,1747587600,Celta Vigo,Rayo Vallecano,finished,1.0,2.0
12437489,La Liga,2024,37,1747587600,FC Barcelona,Villarreal,finished,2.0,3.0
12437490,La Liga,2024,37,1747587600,Mallorca,Getafe,finished,1.0,2.0
12437505,La Liga,2024,37,1747587600,Osasuna,Espanyol,finished,2.0,0.0
12437578,La Liga,2024,37,1747587600,Real Sociedad,Girona FC,finished,3.0,2.0
12437486,La Liga,2024,37,1747587600,Real Valladolid,Deportivo Alavés,finished,0.0,1.0
12437499,La Liga,2024,37,1747587600,Sevilla,Real Madrid,finished,0.0,2.0
12437497,La Liga,2024,37,1747587600,UD Las Palmas,Leganés,finished,0.0,1.0
12437496,La Liga,2024,37,1747587600,Valencia,Athletic Club,finished,0.0,1.0
12437510,La Liga,2024,38,1748026800,Real Betis,Valencia,finished,1.0,1.0
12437506,La Liga,2024,38,1748096100,Real Madrid,Real Sociedad,finished,2.0,0.0
12437663,La Liga,2024,38,1748104200,Espanyol,UD Las Palmas,finished,2.0,0.0
12437511,La Liga,2024,38,1748104200,Leganés,Real Valladolid,finished,3.0,0.0
12437507,La Liga,2024,38,1748113200,Deportivo Alavés,Osasuna,finished,1.0,1.0
12437516,La Liga,2024,38,1748113200,Getafe,Celta Vigo,finished,1.0,2.0
12437508,La Liga,2024,38,1748113200,Rayo Vallecano,Mallorca,finished,0.0,0.0
12437509,La Liga,2024,38,1748174400,Girona FC,Atlético Madrid,finished,0.0,4.0
12437512,La Liga,2024,38,1748182500,Villarreal,Sevilla,finished,4.0,2.0
12437503,La Liga,2024,38,1748199600,Athletic Club,FC Barcelona,finished,0.0,3.0
14082854,La Liga,2025,1,1755277200,Girona FC,Rayo Vallecano,finished,1.0,3.0
14082858,La Liga,2025,1,1755286200,Villarreal,Real Oviedo,finished,2.0,0.0
14082855,La Liga,2025,1,1755365400,Mallorca,FC Barcelona,finished,0.0,3.0
14082849,La Liga,2025,1,1755372600,Deportivo Alavés,Levante UD,finished,2.0,1.0
14082857,La Liga,2025,1,1755372600,Valencia,Real Sociedad,finished,1.0,1.0
14082851,La Liga,2025,1,1755442800,Celta Vigo,Getafe,finished,0.0,2.0
14082850,La Liga,2025,1,1755451800,Athletic Club,Sevilla,finished,3.0,2.0
14082853,La Liga,2025,1,1755459000,Espanyol,Atlético Madrid,finished,2.0,1.0
14082852,La Liga,2025,1,1755543600,Elche,Real Betis,finished,1.0,1.0
14082856,La Liga,2025,1,1755630000,Real Madrid,Osasuna,finished,1.0,0.0
14082864,La Liga,2025,2,1755891000,Real Betis,Deportivo Alavés,finished,1.0,0.0
14082866,La Liga,2025,2,1755961200,Mallorca,Celta Vigo,finished,1.0,1.0
14082860,La Liga,2025,2,1755970200,Atlético Madrid,Elche,finished,1.0,1.0
14082865,La Liga,2025,2,1755977400,Levante UD,FC Barcelona,finished,2.0,3.0
14082861,La Liga,2025,2,1756047600,Osasuna,Valencia,finished,1.0,0.0
14082867,La Liga,2025,2,1756056600,Real Sociedad,Espanyol,finished,2.0,2.0
14083100,La Liga,2025,2,1756056600,Villarreal,Girona FC,finished,5.0,0.0
14082862,La Liga,2025,2,1756063800,Real Oviedo,Real Madrid,finished,0.0,3.0
14082859,La Liga,2025,2,1756143000,Athletic Club,Rayo Vallecano,finished,1.0,0.0
14083092,La Liga,2025,2,1756150200,Sevilla,Getafe,finished,1.0,2.0
14083498,La Liga,2025,6,1756321200,Celta Vigo,Real Betis,finished,1.0,1.0
14083129,La Liga,2025,3,1756488600,Elche,Levante UD,finished,2.0,0.0
14083187,La Liga,2025,3,1756495800,Valencia,Getafe,finished,3.0,0.0
14083109,La Liga,2025,3,1756566000,Deportivo Alavés,Atlético Madrid,finished,1.0,1.0
14083157,La Liga,2025,3,1756573200,Real Oviedo,Real Sociedad,finished,1.0,0.0
14083148,La Liga,2025,3,1756575000,Girona FC,Sevilla,finished,0.0,2.0
14083197,La Liga,2025,3,1756582200,Real Madrid,Mallorca,finished,2.0,1.0
14083119,La Liga,2025,3,1756652400,Celta Vigo,Villarreal,finished,1.0,1.0
14083167,La Liga,2025,3,1756659600,Real Betis,Athletic Club,finished,1.0,2.0
14083138,La Liga,2025,3,1756661400,Espanyol,Osasuna,finished,1.0,0.0
14083178,La Liga,2025,3,1756668600,Rayo Vallecano,FC Barcelona,finished,1.0,1.0
14083640,La Liga,2025,8,1756926000,Osasuna,Getafe,postponed,,
14083253,La Liga,2025,4,1757703600,Sevilla,Elche,finished,2.0,2.0
14083240,La Liga,2025,4,1757764800,Getafe,Real Oviedo,finished,2.0,0.0
14083256,La Liga,2025,4,1757772900,Real Sociedad,Real Madrid,finished,1.0,2.0
14083246,La Liga,2025,4,1757781000,Athletic Club,Deportivo Alavés,finished,0.0,1.0
14083206,La Liga,2025,4,1757790000,Atlético Madrid,Villarreal,finished,2.0,0.0
14083225,La Liga,2025,4,1757851200,Celta Vigo,Girona FC,finished,1.0,1.0
14083249,La Liga,2025,4,1757859300,Levante UD,Real Betis,finished,2.0,2.0
14083243,La Liga,2025,4,1757867400,Osasuna,Rayo Vallecano,finished,2.0,0.0
14083216,La Liga,2025,4,1757876400,FC Barcelona,Valencia,finished,6.0,0.0
14083234,La Liga,2025,4,1757962800,Espanyol,Mallorca,finished,3.0,2.0
14083266,La Liga,2025,5,1758308400,Real Betis,Real Sociedad,finished,3.0,1.0
14083285,La Liga,2025,5,1758369600,Girona FC,Levante UD,finished,0.0,4.0
14083333,La Liga,2025,5,1758377700,Real Madrid,Espanyol,finished,2.0,0.0
14083259,La Liga,2025,5,1758385800,Deportivo Alavés,Sevilla,finished,1.0,2.0
14083351,La Liga,2025,5,1758385800,Villarreal,Osasuna,finished,2.0,1.0
14083298,La Liga,2025,5,1758394800,Valencia,Athletic Club,finished,2.0,0.0
14083322,La Liga,2025,5,1758456000,Rayo Vallecano,Celta Vigo,finished,1.0,1.0
14083310,La Liga,2025,5,1758464100,Mallorca,Atlético Madrid,finished,1.0,1.0
14083275,La Liga,2025,5,1758472200,Elche,Real Oviedo,finished,1.0,0.0
14083262,La Liga,2025,5,1758481200,FC Barcelona,Getafe,finished,3.0,0.0
14083369,La Liga,2025,6,1758646800,Athletic Club,Girona FC,finished,1.0,1.0
14083407,La Liga,2025,6,1758646800,Espanyol,Valencia,finished,2.0,2.0
14083426,La Liga,2025,6,1758655800,Levante UD,Real Madrid,finished,1.0,4.0
14083443,La Liga,2025,6,1758655800,Sevilla,Villarreal,finished,1.0,2.0
14083462,La Liga,2025,6,1758733200,Getafe,Deportivo Alavés,finished,1.0,1.0
14083386,La Liga,2025,6,1758742200,Atlético Madrid,Rayo Vallecano,finished,3.0,2.0
14083528,La Liga,2025,6,1758742200,Real Sociedad,Mallorca,finished,1.0,0.0
14083516,La Liga,2025,6,1758821400,Osasuna,Elche,finished,1.0,1.0
14083481,La Liga,2025,6,1758828600,Real Oviedo,FC Barcelona,finished,1.0,3.0
14083595,La Liga,2025,7,1758913200,Girona FC,Espanyol,finished,0.0,0.0
14083569,La Liga,2025,7,1758974400,Getafe,Levante UD,finished,1.0,1.0
14083541,La Liga,2025,7,1758982500,Atlético Madrid,Real Madrid,finished,5.0,2.0
14083580,La Liga,2025,7,1758990600,Mallorca,Deportivo Alavés,finished,1.0,0.0
14083586,La Liga,2025,7,1758999600,Villarreal,Athletic Club,finished,1.0,0.0
14083574,La Liga,2025,7,1759060800,Rayo Vallecano,Sevilla,finished,0.0,1.0
14083589,La Liga,2025,7,1759068900,Elche,Celta Vigo,finished,2.0,1.0
14083553,La Liga,2025,7,1759077000,FC Barcelona,Real Sociedad,finished,2.0,1.0
14083564,La Liga,2025,7,1759086000,Real Betis,Osasuna,finished,2.0,0.0
14083601,La Liga,2025,7,1759255200,Valencia,Real Oviedo,finished,1.0,2.0
14652471,La Liga,2025,8,1759518000,Osasuna,Getafe,finished,2.0,1.0
14083645,La Liga,2025,8,1759579200,Real Oviedo,Levante UD,finished,0.0,2.0
14083615,La Liga,2025,8,1759587300,Girona FC,Valencia,finished,2.0,1.0
14083610,La Liga,2025,8,1759595400,Athletic Club,Mallorca,finished,2.0,1.0
14083620,La Liga,2025,8,1759604400,Real Madrid,Villarreal,finished,3.0,1.0
14083605,La Liga,2025,8,1759665600,Deportivo Alavés,Elche,finished,3.0,1.0
14083630,La Liga,2025,8,1759673700,Sevilla,FC Barcelona,finished,4.0,1.0
14083635,La Liga,2025,8,1759681800,Espanyol,Real Betis,finished,1.0,2.0
14083650,La Liga,2025,8,1759681800,Real Sociedad,Rayo Vallecano,finished,0.0,1.0
14083625,La Liga,2025,8,1759690800,Celta Vigo,Atlético Madrid,finished,1.0,1.0
14083694,La Liga,2025,9,1760727600,Real Oviedo,Espanyol,finished,0.0,2.0
14083699,La Liga,2025,9,1760788800,Sevilla,Mallorca,finished,1.0,3.0
14083664,La Liga,2025,9,1760796900,FC Barcelona,Girona FC,finished,2.0,1.0
14083690,La Liga,2025,9,1760805000,Villarreal,Real Betis,finished,2.0,2.0
14083659,La Liga,2025,9,1760814000,Atlético Madrid,Osasuna,finished,1.0,0.0
14083685,La Liga,2025,9,1760875200,Elche,Athletic Club,finished,0.0,0.0
14083670,La Liga,2025,9,1760883300,Celta Vigo,Real Sociedad,finished,1.0,1.0
14083680,La Liga,2025,9,1760891400,Levante UD,Rayo Vallecano,finished,0.0,3.0
14083675,La Liga,2025,9,1760900400,Getafe,Real Madrid,finished,0.0,1.0
14083655,La Liga,2025,9,1760986800,Deportivo Alavés,Valencia,finished,0.0,0.0
14083712,La Liga,2025,10,1761332400,Real Sociedad,Sevilla,finished,2.0,1.0
14083708,La Liga,2025,10,1761393600,Girona FC,Real Oviedo,finished,3.0,3.0
14083737,La Liga,2025,10,1761401700,Espanyol,Elche,finished,1.0,0.0
14083704,La Liga,2025,10,1761409800,Athletic Club,Getafe,finished,0.0,1.0
14083717,La Liga,2025,10,1761418800,Valencia,Villarreal,finished,0.0,2.0
14083742,La Liga,2025,10,1761483600,Mallorca,Levante UD,finished,1.0,1.0
14083729,La Liga,2025,10,1761491700,Real Madrid,FC Barcelona,finished,2.0,1.0
14083733,La Liga,2025,10,1761499800,Osasuna,Celta Vigo,finished,2.0,3.0
14083721,La Liga,2025,10,1761508800,Rayo Vallecano,Deportivo Alavés,finished,1.0,0.0
14083725,La Liga,2025,10,1761595200,Real Betis,Atlético Madrid,finished,0.0,2.0
14083098,La Liga,2025,11,1761940800,Getafe,Girona FC,finished,2.0,1.0
14083105,La Liga,2025,11,1762002000,Villarreal,Rayo Vallecano,finished,4.0,0.0
14083094,La Liga,2025,11,1762010100,Atlético Madrid,Sevilla,finished,3.0,0.0
14083101,La Liga,2025,11,1762018200,Real Sociedad,Athletic Club,finished,3.0,2.0
14083099,La Liga,2025,11,1762027200,Real Madrid,Valencia,finished,4.0,0.0
14083103,La Liga,2025,11,1762088400,Levante UD,Celta Vigo,finished,1.0,2.0
14083093,La Liga,2025,11,1762096500,Deportivo Alavés,Espanyol,finished,2.0,1.0
14083095,La Liga,2025,11,1762104600,FC Barcelona,Elche,finished,3.0,1.0
14083097,La Liga,2025,11,1762113600,Real Betis,Mallorca,finished,3.0,0.0
14083104,La Liga,2025,11,1762200000,Real Oviedo,Osasuna,finished,0.0,0.0
14083110,La Liga,2025,12,1762545600,Elche,Real Sociedad,finished,1.0,1.0
14083114,La Liga,2025,12,1762606800,Girona FC,Deportivo Alavés,finished,1.0,0.0
14083120,La Liga,2025,12,1762614900,Sevilla,Osasuna,finished,1.0,0.0
14083108,La Liga,2025,12,1762623000,Atlético Madrid,Levante UD,finished,3.0,1.0
14083111,La Liga,2025,12,1762632000,Espanyol,Villarreal,finished,0.0,2.0
14083106,La Liga,2025,12,1762693200,Athletic Club,Real Oviedo,finished,1.0,0.0
14083112,La Liga,2025,12,1762701300,Rayo Vallecano,Real Madrid,finished,0.0,0.0
14083118,La Liga,2025,12,1762709400,Mallorca,Getafe,finished,1.0,0.0
14083116,La Liga,2025,12,1762709400,Valencia,Real Betis,finished,1.0,1.0
14083115,La Liga,2025,12,1762718400,Celta Vigo,FC Barcelona,finished,2.0,4.0
14083133,La Liga,2025,13,1763755200,Valencia,Levante UD,finished,1.0,0.0
14083121,La Liga,2025,13,1763816400,Deportivo Alavés,Celta Vigo,finished,0.0,1.0
14083130,La Liga,2025,13,1763824500,FC Barcelona,Athletic Club,finished,4.0,0.0
14083126,La Liga,2025,13,1763832600,Osasuna,Real Sociedad,finished,1.0,3.0
14083134,La Liga,2025,13,1763841600,Villarreal,Mallorca,finished,2.0,1.0
14083128,La Liga,2025,13,1763902800,Real Oviedo,Rayo Vallecano,finished,0.0,0.0
14083122,La Liga,2025,13,1763910900,Real Betis,Girona FC,finished,1.0,1.0
14083131,La Liga,2025,13,1763919000,Getafe,Atlético Madrid,finished,0.0,1.0
14083124,La Liga,2025,13,1763928000,Elche,Real Madrid,finished,2.0,2.0
14083125,La Liga,2025,13,1764014400,Espanyol,Sevilla,finished,2.0,1.0
14083149,La Liga,2025,14,1764360000,Getafe,Elche,finished,1.0,0.0
14083140,La Liga,2025,14,1764421200,Mallorca,Osasuna,finished,2.0,2.0
14083144,La Liga,2025,14,1764429300,FC Barcelona,Deportivo Alavés,finished,3.0,1.0
14083145,La Liga,2025,14,1764437400,Levante UD,Athletic Club,finished,0.0,2.0
14083135,La Liga,2025,14,1764446400,Atlético Madrid,Real Oviedo,finished,2.0,0.0
14083143,La Liga,2025,14,1764507600,Real Sociedad,Villarreal,finished,2.0,3.0
14083147,La Liga,2025,14,1764515700,Sevilla,Real Betis,finished,0.0,2.0
14083137,La Liga,2025,14,1764523800,Celta Vigo,Espanyol,finished,0.0,1.0
14083139,La Liga,2025,14,1764532800,Girona FC,Real Madrid,finished,1.0,1.0
14083141,La Liga,2025,14,1764619200,Rayo Vallecano,Valencia,finished,1.0,1.0
14083215,La Liga,2025,19,1764705600,FC Barcelona,Atlético Madrid,finished,3.0,1.0
14083210,La Liga,2025,19,1764784800,Athletic Club,Real Madrid,finished,0.0,3.0
14083162,La Liga,2025,15,1764964800,Real Oviedo,Mallorca,finished,0.0,0.0
14083159,La Liga,2025,15,1765026000,Villarreal,Getafe,finished,2.0,0.0
14083150,La Liga,2025,15,1765034100,Deportivo Alavés,Real Sociedad,finished,1.0,0.0
14083155,La Liga,2025,15,1765042200,Real Betis,FC Barcelona,finished,3.0,5.0
14083151,La Liga,2025,15,1765051200,Athletic Club,Atlético Madrid,finished,1.0,0.0
14083153,La Liga,2025,15,1765112400,Elche,Girona FC,finished,3.0,0.0
14083163,La Liga,2025,15,1765120500,Valencia,Sevilla,finished,1.0,1.0
14083154,La Liga,2025,15,1765128600,Espanyol,Rayo Vallecano,finished,1.0,0.0
14083158,La Liga,2025,15,1765137600,Real Madrid,Celta Vigo,finished,0.0,2.0
14083160,La Liga,2025,15,1765224000,Osasuna,Levante UD,finished,2.0,0.0
14083177,La Liga,2025,16,1765569600,Real Sociedad,Girona FC,finished,1.0,2.0
14083165,La Liga,2025,16,1765630800,Atlético Madrid,Valencia,finished,2.0,1.0
14083174,La Liga,2025,16,1765638900,Mallorca,Elche,finished,3.0,1.0
14083168,La Liga,2025,16,1765647000,FC Barcelona,Osasuna,finished,2.0,0.0
14083175,La Liga,2025,16,1765656000,Getafe,Espanyol,finished,0.0,1.0
14083179,La Liga,2025,16,1765717200,Sevilla,Real Oviedo,finished,4.0,0.0
14083171,La Liga,2025,16,1765725300,Celta Vigo,Athletic Club,finished,2.0,0.0
14083169,La Liga,2025,16,1765733400,Levante UD,Villarreal,postponed,,
14083164,La Liga,2025,16,1765742400,Deportivo Alavés,Real Madrid,finished,1.0,2.0
14083173,La Liga,2025,16,1765828800,Rayo Vallecano,Real Betis,finished,0.0,0.0
14083193,La Liga,2025,17,1766174400,Valencia,Mallorca,finished,1.0,1.0
14083192,La Liga,2025,17,1766235600,Real Oviedo,Celta Vigo,finished,0.0,0.0
14083184,La Liga,2025,17,1766243700,Levante UD,Real Sociedad,finished,1.0,1.0
14083188,La Liga,2025,17,1766251800,Osasuna,Deportivo Alavés,finished,3.0,0.0
14083185,La Liga,2025,17,1766260800,Real Madrid,Sevilla,finished,2.0,0.0
14083189,La Liga,2025,17,1766322000,Girona FC,Atlético Madrid,finished,0.0,3.0
14083190,La Liga,2025,17,1766330100,Villarreal,FC Barcelona,finished,0.0,2.0
14083183,La Liga,2025,17,1766338200,Elche,Rayo Vallecano,finished,4.0,0.0
14083181,La Liga,2025,17,1766347200,Real Betis,Getafe,finished,4.0,0.0
14083180,La Liga,2025,17,1766433600,Athletic Club,Espanyol,finished,1.0,2.0
14083205,La Liga,2025,18,1767384000,Rayo Vallecano,Getafe,finished,1.0,1.0
14083196,La Liga,2025,18,1767445200,Celta Vigo,Valencia,finished,4.0,1.0
14083200,La Liga,2025,18,1767453300,Osasuna,Athletic Club,finished,1.0,1.0
14083198,La Liga,2025,18,1767461400,Elche,Villarreal,finished,1.0,3.0
14083203,La Liga,2025,18,1767470400,Espanyol,FC Barcelona,finished,0.0,2.0
14083209,La Liga,2025,18,1767531600,Sevilla,Levante UD,finished,0.0,3.0
14083204,La Liga,2025,18,1767539700,Real Madrid,Real Betis,finished,5.0,1.0
14083194,La Liga,2025,18,1767547800,Deportivo Alavés,Real Oviedo,finished,1.0,1.0
14083208,La Liga,2025,18,1767547800,Mallorca,Girona FC,finished,1.0,2.0
14083201,La Liga,2025,18,1767556800,Real Sociedad,Atlético Madrid,finished,1.0,1.0
14083212,La Liga,2025,19,1767988800,Getafe,Real Sociedad,finished,1.0,2.0
14083218,La Liga,2025,19,1768050000,Real Oviedo,Real Betis,finished,1.0,1.0
14083214,La Liga,2025,19,1768058100,Villarreal,Deportivo Alavés,finished,3.0,1.0
14083213,La Liga,2025,19,1768066200,Girona FC,Osasuna,finished,1.0,0.0
14083220,La Liga,2025,19,1768075200,Valencia,Elche,finished,1.0,1.0
14083223,La Liga,2025,19,1768136400,Rayo Vallecano,Mallorca,finished,2.0,1.0
14083222,La Liga,2025,19,1768144500,Levante UD,Espanyol,finished,1.0,1.0
14083219,La Liga,2025,19,1768248000,Sevilla,Celta Vigo,finished,0.0,1.0
14083229,La Liga,2025,20,1768593600,Espanyol,Girona FC,finished,0.0,2.0
14083238,La Liga,2025,20,1768654800,Real Madrid,Levante UD,finished,2.0,0.0
14083235,La Liga,2025,20,1768662900,Mallorca,Athletic Club,finished,3.0,2.0
14083232,La Liga,2025,20,1768671000,Osasuna,Real Oviedo,finished,3.0,2.0
14083224,La Liga,2025,20,1768680000,Real Betis,Villarreal,finished,2.0,0.0
14083230,La Liga,2025,20,1768741200,Getafe,Valencia,finished,0.0,1.0
14083233,La Liga,2025,20,1768749300,Atlético Madrid,Deportivo Alavés,finished,1.0,0.0
14083226,La Liga,2025,20,1768757400,Celta Vigo,Rayo Vallecano,finished,3.0,0.0
14083237,La Liga,2025,20,1768766400,Real Sociedad,FC Barcelona,finished,2.0,1.0
14083228,La Liga,2025,20,1768852800,Elche,Sevilla,finished,2.0,2.0
14083146,La Liga,2025,21,1769198400,Levante UD,Elche,finished,3.0,2.0
14083176,La Liga,2025,21,1769259600,Rayo Vallecano,Osasuna,finished,1.0,3.0
14083156,La Liga,2025,21,1769267700,Valencia,Espanyol,finished,3.0,2.0
14083127,La Liga,2025,21,1769275800,Sevilla,Athletic Club,finished,2.0,1.0
14083186,La Liga,2025,21,1769284800,Villarreal,Real Madrid,finished,0.0,2.0
14083107,La Liga,2025,21,1769346000,Atlético Madrid,Mallorca,finished,3.0,0.0
14083117,La Liga,2025,21,1769354100,FC Barcelona,Real Oviedo,finished,3.0,0.0
14083136,La Liga,2025,21,1769362200,Real Sociedad,Celta Vigo,finished,3.0,1.0
14083096,La Liga,2025,21,1769371200,Deportivo Alavés,Real Betis,finished,2.0,1.0
14083166,La Liga,2025,21,1769457600,Girona FC,Getafe,finished,1.0,1.0
14083236,La Liga,2025,22,1769803200,Espanyol,Deportivo Alavés,finished,1.0,2.0
14083251,La Liga,2025,22,1769864400,Real Oviedo,Girona FC,finished,1.0,0.0
14083227,La Liga,2025,22,1769872500,Osasuna,Villarreal,finished,2.0,2.0
14083241,La Liga,2025,22,1769880600,Levante UD,Atlético Madrid,finished,0.0,0.0
14083244,La Liga,2025,22,1769889600,Elche,FC Barcelona,finished,1.0,3.0
14083254,La Liga,2025,22,1769950800,Real Madrid,Rayo Vallecano,finished,2.0,1.0
14083207,La Liga,2025,22,1769958900,Real Betis,Valencia,finished,2.0,1.0
14083247,La Liga,2025,22,1769967000,Getafe,Celta Vigo,finished,0.0,0.0
14083195,La Liga,2025,22,1769976000,Athletic Club,Real Sociedad,finished,1.0,1.0
14083217,La Liga,2025,22,1770062400,Mallorca,Sevilla,finished,4.0,1.0
14083279,La Liga,2025,23,1770408000,Celta Vigo,Osasuna,finished,1.0,2.0
14083341,La Liga,2025,23,1770469200,Rayo Vallecano,Real Oviedo,postponed,,
14083269,La Liga,2025,23,1770477300,FC Barcelona,Mallorca,finished,3.0,0.0
14083292,La Liga,2025,23,1770494400,Real Sociedad,Elche,finished,3.0,1.0
14083257,La Liga,2025,23,1770555600,Deportivo Alavés,Getafe,finished,0.0,2.0
14083260,La Liga,2025,23,1770563700,Athletic Club,Levante UD,finished,4.0,2.0
14083315,La Liga,2025,23,1770563700,Sevilla,Girona FC,finished,1.0,1.0
14083263,La Liga,2025,23,1770571800,Atlético Madrid,Real Betis,finished,0.0,1.0
14083327,La Liga,2025,23,1770580800,Valencia,Real Madrid,finished,0.0,2.0
14083303,La Liga,2025,23,1770667200,Villarreal,Espanyol,finished,4.0,1.0
14083360,La Liga,2025,24,1771012800,Elche,Osasuna,finished,0.0,0.0
14083524,La Liga,2025,24,1771074000,Espanyol,Celta Vigo,finished,2.0,2.0
14083378,La Liga,2025,24,1771082100,Getafe,Villarreal,finished,2.0,1.0
14083436,La Liga,2025,24,1771090200,Sevilla,Deportivo Alavés,finished,1.0,1.0
14083418,La Liga,2025,24,1771099200,Real Madrid,Real Sociedad,finished,4.0,1.0
14083454,La Liga,2025,24,1771160400,Real Oviedo,Athletic Club,finished,1.0,2.0
14083472,La Liga,2025,24,1771168500,Rayo Vallecano,Atlético Madrid,finished,3.0,0.0
14083396,La Liga,2025,24,1771176600,Levante UD,Valencia,finished,0.0,2.0
14083509,La Liga,2025,24,1771185600,Mallorca,Real Betis,finished,1.0,2.0
14083491,La Liga,2025,24,1771272000,Girona FC,FC Barcelona,finished,2.0,1.0
15398993,La Liga,2025,16,1771441200,Levante UD,Villarreal,finished,0.0,1.0
14083549,La Liga,2025,25,1771617600,Athletic Club,Elche,finished,2.0,1.0
14081792,La Liga,2025,25,1771678800,Real Sociedad,Real Oviedo,finished,3.0,3.0
14083572,La Liga,2025,25,1771686900,Real Betis,Rayo Vallecano,finished,1.0,1.0
14081794,La Liga,2025,25,1771695000,Osasuna,Real Madrid,finished,2.0,1.0
14083561,La Liga,2025,25,1771704000,Atlético Madrid,Espanyol,finished,4.0,2.0
14083582,La Liga,2025,25,1771765200,Getafe,Sevilla,finished,0.0,1.0
14083567,La Liga,2025,25,1771773300,FC Barcelona,Levante UD,finished,3.0,0.0
14083577,La Liga,2025,25,1771781400,Celta Vigo,Mallorca,finished,2.0,0.0
14081796,La Liga,2025,25,1771790400,Villarreal,Valencia,finished,2.0,1.0
14083537,La Liga,2025,25,1771876800,Deportivo Alavés,Girona FC,finished,2.0,2.0
14081793,La Liga,2025,26,1772222400,Levante UD,Deportivo Alavés,finished,2.0,0.0
14081790,La Liga,2025,26,1772283600,Rayo Vallecano,Athletic Club,finished,1.0,1.0
14081789,La Liga,2025,26,1772291700,FC Barcelona,Villarreal,finished,4.0,1.0
14081818,La Liga,2025,26,1772299800,Mallorca,Real Sociedad,finished,0.0,1.0
14081795,La Liga,2025,26,1772308800,Real Oviedo,Atlético Madrid,finished,0.0,1.0
14081819,La Liga,2025,26,1772370000,Elche,Espanyol,finished,2.0,2.0
14083591,La Liga,2025,26,1772378100,Valencia,Osasuna,finished,1.0,0.0
14081791,La Liga,2025,26,1772386200,Real Betis,Sevilla,finished,2.0,2.0
14081797,La Liga,2025,26,1772395200,Girona FC,Celta Vigo,finished,1.0,2.0
14081798,La Liga,2025,26,1772481600,Real Madrid,Getafe,finished,0.0,1.0
15534915,La Liga,2025,23,1772647200,Rayo Vallecano,Real Oviedo,finished,3.0,0.0
14083607,La Liga,2025,27,1772827200,Celta Vigo,Real Madrid,finished,1.0,2.0
14081805,La Liga,2025,27,1772888400,Osasuna,Mallorca,finished,2.0,2.0
14081802,La Liga,2025,27,1772896500,Levante UD,Girona FC,finished,1.0,1.0
14083602,La Liga,2025,27,1772904600,Atlético Madrid,Real Sociedad,finished,3.0,2.0
14083597,La Liga,2025,27,1772913600,Athletic Club,FC Barcelona,finished,0.0,1.0
14081803,La Liga,2025,27,1772974800,Villarreal,Elche,finished,2.0,1.0
14081801,La Liga,2025,27,1772982900,Getafe,Real Betis,finished,2.0,0.0
14081804,La Liga,2025,27,1772991000,Sevilla,Rayo Vallecano,finished,1.0,1.0
14081799,La Liga,2025,27,1773000000,Valencia,Deportivo Alavés,finished,3.0,2.0
14081800,La Liga,2025,27,1773086400,Espanyol,Real Oviedo,finished,1.0,1.0
14081806,La Liga,2025,28,1773432000,Deportivo Alavés,Villarreal,finished,1.0,1.0
14083632,La Liga,2025,28,1773493200,Girona FC,Athletic Club,finished,3.0,0.0
14083612,La Liga,2025,28,1773501300,Atlético Madrid,Getafe,finished,1.0,0.0
14083627,La Liga,2025,28,1773509400,Real Oviedo,Valencia,finished,1.0,0.0
14083637,La Liga,2025,28,1773518400,Real Madrid,Elche,finished,4.0,1.0
14083642,La Liga,2025,28,1773579600,Mallorca,Espanyol,finished,2.0,1.0
14083617,La Liga,2025,28,1773587700,FC Barcelona,Sevilla,finished,5.0,2.0
14083622,La Liga,2025,28,1773595800,Real Betis,Celta Vigo,finished,1.0,1.0
14083652,La Liga,2025,28,1773604800,Real Sociedad,Osasuna,finished,3.0,1.0
14083647,La Liga,2025,28,1773691200,Rayo Vallecano,Levante UD,finished,1.0,1.0
14081808,La Liga,2025,29,1774036800,Villarreal,Real Sociedad,finished,3.0,1.0
14083668,La Liga,2025,29,1774098000,Elche,Mallorca,finished,2.0,1.0
14083673,La Liga,2025,29,1774106100,Espanyol,Getafe,finished,1.0,2.0
14083678,La Liga,2025,29,1774114200,Levante UD,Real Oviedo,finished,4.0,2.0
14081815,La Liga,2025,29,1774114200,Osasuna,Girona FC,finished,1.0,0.0
14083684,La Liga,2025,29,1774123200,Sevilla,Valencia,finished,0.0,2.0
14083662,La Liga,2025,29,1774184400,FC Barcelona,Rayo Vallecano,finished,1.0,0.0
14083689,La Liga,2025,29,1774192500,Celta Vigo,Deportivo Alavés,finished,3.0,4.0
14083657,La Liga,2025,29,1774200600,Athletic Club,Real Betis,finished,2.0,1.0
14081807,La Liga,2025,29,1774209600,Real Madrid,Atlético Madrid,finished,3.0,2.0
14083697,La Liga,2025,30,1775242800,Rayo Vallecano,Elche,finished,1.0,0.0
14083701,La Liga,2025,30,1775304000,Real Sociedad,Levante UD,finished,2.0,0.0
14081816,La Liga,2025,30,1775312100,Mallorca,Real Madrid,finished,2.0,1.0
14081811,La Liga,2025,30,1775320200,Real Betis,Espanyol,finished,0.0,0.0
14081810,La Liga,2025,30,1775329200,Atlético Madrid,FC Barcelona,finished,1.0,2.0
14081813,La Liga,2025,30,1775390400,Getafe,Athletic Club,finished,2.0,0.0
14081817,La Liga,2025,30,1775398500,Valencia,Celta Vigo,finished,2.0,3.0
14081814,La Liga,2025,30,1775406600,Real Oviedo,Sevilla,finished,1.0,0.0
14081809,La Liga,2025,30,1775415600,Deportivo Alavés,Osasuna,finished,2.0,2.0
14081812,La Liga,2025,30,1775502000,Girona FC,Villarreal,finished,1.0,0.0
14083191,La Liga,2025,31,1775847600,Real Madrid,Girona FC,finished,1.0,1.0
14083152,La Liga,2025,31,1775908800,Real Sociedad,Deportivo Alavés,finished,3.0,3.0
14083132,La Liga,2025,31,1775916900,Elche,Valencia,finished,1.0,0.0
14083113,La Liga,2025,31,1775925000,FC Barcelona,Espanyol,finished,4.0,1.0
14083161,La Liga,2025,31,1775934000,Sevilla,Atlético Madrid,finished,2.0,1.0
14083172,La Liga,2025,31,1775995200,Osasuna,Real Betis,finished,1.0,1.0
14083142,La Liga,2025,31,1776003300,Mallorca,Rayo Vallecano,finished,3.0,0.0
14083123,La Liga,2025,31,1776011400,Celta Vigo,Real Oviedo,finished,0.0,3.0
14083102,La Liga,2025,31,1776020400,Athletic Club,Villarreal,finished,1.0,2.0
14083182,La Liga,2025,31,1776106800,Levante UD,Getafe,finished,1.0,0.0
14083258,La Liga,2025,33,1776790800,Athletic Club,Osasuna,finished,1.0,0.0
14083270,La Liga,2025,33,1776790800,Mallorca,Valencia,finished,1.0,1.0
14083318,La Liga,2025,33,1776799800,Girona FC,Real Betis,finished,2.0,3.0
14083295,La Liga,2025,33,1776799800,Real Madrid,Deportivo Alavés,finished,2.0,1.0
14083306,La Liga,2025,33,1776877200,Elche,Atlético Madrid,finished,3.0,2.0
14083346,La Liga,2025,33,1776880800,Real Sociedad,Getafe,finished,0.0,1.0
14083261,La Liga,2025,33,1776886200,FC Barcelona,Celta Vigo,finished,1.0,0.0
14083265,La Liga,2025,33,1776963600,Levante UD,Sevilla,finished,2.0,0.0
14083330,La Liga,2025,33,1776967200,Rayo Vallecano,Espanyol,finished,1.0,0.0
14083282,La Liga,2025,33,1776972600,Real Oviedo,Villarreal,finished,1.0,1.0
14083211,La Liga,2025,32,1777057200,Real Betis,Real Madrid,finished,1.0,1.0
14083202,La Liga,2025,32,1777118400,Deportivo Alavés,Mallorca,finished,2.0,1.0
14083245,La Liga,2025,32,1777126500,Getafe,FC Barcelona,finished,0.0,2.0
14083255,La Liga,2025,32,1777134600,Valencia,Girona FC,finished,2.0,1.0
14083242,La Liga,2025,32,1777143600,Atlético Madrid,Athletic Club,finished,3.0,2.0
14083239,La Liga,2025,32,1777204800,Rayo Vallecano,Real Sociedad,finished,3.0,3.0
14083252,La Liga,2025,32,1777212900,Real Oviedo,Elche,finished,1.0,2.0
14083231,La Liga,2025,32,1777221000,Osasuna,Sevilla,finished,2.0,1.0
14083248,La Liga,2025,32,1777230000,Villarreal,Celta Vigo,finished,2.0,1.0
14083221,La Liga,2025,32,1777316400,Espanyol,Levante UD,finished,0.0,0.0
14083457,La Liga,2025,34,1777662000,Girona FC,Mallorca,finished,0.0,1.0
14083512,La Liga,2025,34,1777723200,Villarreal,Levante UD,finished,5.0,1.0
14083476,La Liga,2025,34,1777731300,Valencia,Atlético Madrid,finished,0.0,2.0
14083364,La Liga,2025,34,1777739400,Deportivo Alavés,Athletic Club,finished,2.0,4.0
14083495,La Liga,2025,34,1777748400,Osasuna,FC Barcelona,finished,1.0,2.0
14083401,La Liga,2025,34,1777809600,Celta Vigo,Elche,finished,3.0,1.0
14083440,La Liga,2025,34,1777817700,Getafe,Rayo Vallecano,finished,0.0,2.0
14083381,La Liga,2025,34,1777825800,Real Betis,Real Oviedo,finished,3.0,0.0
14083422,La Liga,2025,34,1777834800,Espanyol,Real Madrid,finished,0.0,2.0
14083526,La Liga,2025,34,1777921200,Sevilla,Real Sociedad,finished,1.0,0.0
14083568,La Liga,2025,35,1778266800,Levante UD,Osasuna,finished,3.0,2.0
14083578,La Liga,2025,35,1778328000,Elche,Deportivo Alavés,finished,1.0,1.0
14083587,La Liga,2025,35,1778336100,Sevilla,Espanyol,finished,2.0,1.0
14083551,La Liga,2025,35,1778344200,Atlético Madrid,Celta Vigo,finished,0.0,1.0
14083583,La Liga,2025,35,1778353200,Real Sociedad,Real Betis,finished,2.0,2.0
14083573,La Liga,2025,35,1778414400,Mallorca,Villarreal,finished,1.0,1.0
14083539,La Liga,2025,35,1778422500,Athletic Club,Valencia,finished,0.0,1.0
14083592,La Liga,2025,35,1778430600,Real Oviedo,Getafe,finished,0.0,0.0
14083562,La Liga,2025,35,1778439600,FC Barcelona,Real Madrid,finished,2.0,0.0
14083598,La Liga,2025,35,1778526000,Rayo Vallecano,Girona FC,finished,1.0,1.0
14083613,La Liga,2025,36,1778605200,Celta Vigo,Levante UD,finished,2.0,3.0
14083608,La Liga,2025,36,1778608800,Real Betis,Elche,finished,2.0,1.0
14083634,La Liga,2025,36,1778614200,Osasuna,Atlético Madrid,finished,1.0,2.0
14083629,La Liga,2025,36,1778691600,Espanyol,Athletic Club,finished,2.0,0.0
14083644,La Liga,2025,36,1778691600,Villarreal,Sevilla,finished,2.0,3.0
14083603,La Liga,2025,36,1778700600,Deportivo Alavés,FC Barcelona,finished,1.0,0.0
14083618,La Liga,2025,36,1778700600,Getafe,Mallorca,finished,3.0,1.0
14083639,La Liga,2025,36,1778778000,Valencia,Rayo Vallecano,finished,1.0,1.0
14083624,La Liga,2025,36,1778781600,Girona FC,Real Sociedad,finished,1.0,1.0
14083649,La Liga,2025,36,1778787000,Real Madrid,Real Oviedo,finished,2.0,0.0
14083656,La Liga,2025,37,1779037200,Athletic Club,Celta Vigo,finished,1.0,1.0
14083661,La Liga,2025,37,1779037200,Atlético Madrid,Girona FC,finished,1.0,0.0
14083671,La Liga,2025,37,1779037200,Elche,Getafe,finished,1.0,0.0
14083676,La Liga,2025,37,1779037200,Levante UD,Mallorca,finished,2.0,0.0
14083696,La Liga,2025,37,1779037200,Osasuna,Espanyol,finished,1.0,2.0
14083682,La Liga,2025,37,1779037200,Rayo Vallecano,Villarreal,finished,2.0,0.0
14083692,La Liga,2025,37,1779037200,Real Oviedo,Deportivo Alavés,finished,0.0,1.0
14083687,La Liga,2025,37,1779037200,Real Sociedad,Valencia,finished,3.0,4.0
14083702,La Liga,2025,37,1779037200,Sevilla,Real Madrid,finished,0.0,1.0
14083666,La Liga,2025,37,1779045300,FC Barcelona,Real Betis,finished,3.0,1.0
14083715,La Liga,2025,38,1779562800,Celta Vigo,Sevilla,finished,1.0,0.0
14083706,La Liga,2025,38,1779562800,Deportivo Alavés,Rayo Vallecano,finished,1.0,2.0
14083719,La Liga,2025,38,1779562800,Espanyol,Real Sociedad,finished,1.0,1.0
14083723,La Liga,2025,38,1779562800,Getafe,Osasuna,finished,1.0,0.0
14083743,La Liga,2025,38,1779562800,Girona FC,Elche,finished,1.0,1.0
14083727,La Liga,2025,38,1779562800,Mallorca,Real Oviedo,finished,3.0,0.0
14083710,La Liga,2025,38,1779562800,Real Betis,Levante UD,finished,2.0,1.0
14083731,La Liga,2025,38,1779562800,Real Madrid,Athletic Club,finished,4.0,2.0
14083739,La Liga,2025,38,1779562800,Valencia,FC Barcelona,finished,3.0,1.0
14083735,La Liga,2025,38,1779649200,Villarreal,Atlético Madrid,finished,5.0,1.0
16421047,La Liga,2026,1,1786815000,Deportivo Alavés,Getafe,finished,3.0,0.0
16421052,La Liga,2026,1,1786822200,Sevilla,Rayo Vallecano,finished,2.0,1.0
16421061,La Liga,2026,1,1786892400,Real Racing Club,Villarreal,finished,2.0,2.0
16421053,La Liga,2026,1,1786899600,Espanyol,Levante UD,finished,3.0,0.0
16421050,La Liga,2026,1,1786993200,Deportivo de A Coruña,Elche,finished,1.0,1.0
16421055,La Liga,2026,1,1787166000,Atlético Madrid,Málaga CF,finished,2.0,0.0
16416292,La Liga,2026,2,1787252400,Rayo Vallecano,Deportivo Alavés,finished,1.0,1.0
16416293,La Liga,2026,2,1787338800,Real Betis,Real Sociedad,finished,1.0,0.0
16416301,La Liga,2026,2,1787410800,Athletic Club,Sevilla,finished,1.0,3.0
16416298,La Liga,2026,2,1787419800,Valencia,Celta Vigo,finished,0.0,0.0
16416306,La Liga,2026,2,1787427000,Espanyol,Real Madrid,finished,1.0,2.0
16416302,La Liga,2026,2,1787497200,Atlético Madrid,Villarreal,finished,2.0,2.0
16416300,La Liga,2026,2,1787506200,Getafe,Real Racing Club,finished,1.0,0.0
16416311,La Liga,2026,2,1787513400,Elche,FC Barcelona,finished,0.0,5.0
16416296,La Liga,2026,2,1787592600,Osasuna,Levante UD,finished,0.0,0.0
16416307,La Liga,2026,2,1787599800,Málaga CF,Deportivo de A Coruña,finished,1.0,1.0
16421049,La Liga,2026,1,1787684400,Valencia,Real Betis,finished,0.0,1.0
16421051,La Liga,2026,1,1787770800,Real Madrid,Real Sociedad,finished,4.0,1.0
16815992,La Liga,2026,1,1787855400,Celta Vigo,Osasuna,finished,1.0,2.0
16421059,La Liga,2026,1,1787857200,FC Barcelona,Athletic Club,finished,2.0,0.0
16416304,La Liga,2026,3,1787936400,Real Racing Club,Elche,finished,3.0,2.0
16416290,La Liga,2026,3,1787945400,Deportivo Alavés,Villarreal,finished,1.0,0.0
16416309,La Liga,2026,3,1788015600,Levante UD,Real Betis,finished,5.0,2.0
16416310,La Liga,2026,3,1788022800,Real Sociedad,Espanyol,finished,2.0,1.0
16416316,La Liga,2026,3,1788031800,Sevilla,Atlético Madrid,finished,1.0,3.0
16416312,La Liga,2026,3,1788102000,Real Madrid,Málaga CF,finished,4.0,0.0
16416291,La Liga,2026,3,1788111000,Deportivo de A Coruña,Valencia,finished,3.0,1.0
16416308,La Liga,2026,3,1788118200,Celta Vigo,Athletic Club,finished,0.0,2.0
16416314,La Liga,2026,3,1788197400,Osasuna,Getafe,finished,1.0,0.0
16416295,La Liga,2026,3,1788204600,FC Barcelona,Rayo Vallecano,finished,5.0,2.0
16416340,La Liga,2026,6,1788462000,Real Sociedad,Celta Vigo,finished,0.0,0.0
16416315,La Liga,2026,4,1788548400,Real Betis,Real Madrid,finished,1.0,0.0
16416317,La Liga,2026,4,1788617700,Athletic Club,Atlético Madrid,finished,3.0,0.0
16416321,La Liga,2026,4,1788625800,Rayo Vallecano,Real Racing Club,finished,3.0,2.0
16416324,La Liga,2026,4,1788634800,Villarreal,Deportivo de A Coruña,finished,2.0,3.0
16416325,La Liga,2026,4,1788704100,Valencia,FC Barcelona,finished,0.0,5.0
16416318,La Liga,2026,4,1788712200,Deportivo Alavés,Osasuna,finished,5.0,2.0
16416320,La Liga,2026,4,1788712200,Málaga CF,Levante UD,finished,0.0,0.0
16416323,La Liga,2026,4,1788721200,Espanyol,Sevilla,finished,1.0,1.0
16416348,La Liga,2026,4,1788800400,Getafe,Celta Vigo,finished,1.0,1.0
16416319,La Liga,2026,4,1788809400,Elche,Real Sociedad,finished,2.0,3.0
16416330,La Liga,2026,5,1789153200,Sevilla,Valencia,finished,1.0,0.0
16416328,La Liga,2026,5,1789214400,Real Racing Club,Deportivo Alavés,finished,2.0,1.0
16416327,La Liga,2026,5,1789222500,Osasuna,Espanyol,finished,0.0,2.0
16416322,La Liga,2026,5,1789230600,Athletic Club,Elche,finished,1.0,1.0
16416331,La Liga,2026,5,1789239600,Real Madrid,Rayo Vallecano,finished,4.0,1.0
16416347,La Liga,2026,5,1789300800,Celta Vigo,Málaga CF,finished,1.0,1.0
16416329,La Liga,2026,5,1789308900,Levante UD,FC Barcelona,finished,2.0,4.0
16416326,La Liga,2026,5,1789317000,Getafe,Deportivo de A Coruña,finished,1.0,1.0
16416332,La Liga,2026,5,1789326000,Real Sociedad,Atlético Madrid,finished,0.0,3.0
16416333,La Liga,2026,5,1789412400,Villarreal,Real Betis,finished,1.0,2.0
16416345,La Liga,2026,6,1789491600,Rayo Vallecano,Espanyol,finished,2.0,1.0
16416334,La Liga,2026,6,1789495200,Deportivo Alavés,Valencia,finished,0.0,1.0
16416342,La Liga,2026,6,1789500600,Elche,Real Madrid,finished,2.0,3.0
16416335,La Liga,2026,6,1789578000,Atlético Madrid,Osasuna,finished,4.0,0.0
16416343,La Liga,2026,6,1789578000,Deportivo de A Coruña,Sevilla,finished,0.0,1.0
16416346,La Liga,2026,6,1789587000,FC Barcelona,Real Racing Club,finished,7.0,2.0
16416341,La Liga,2026,6,1789587000,Levante UD,Athletic Club,postponed,,
16416336,La Liga,2026,6,1789664400,Real Betis,Getafe,finished,1.0,0.0
16416338,La Liga,2026,6,1789673400,Málaga CF,Villarreal,finished,1.0,3.0
16416299,La Liga,2026,7,1789758000,Espanyol,Elche,finished,1.0,3.0
16416305,La Liga,2026,7,1789819200,Osasuna,Rayo Vallecano,finished,1.0,1.0
16416337,La Liga,2026,7,1789827300,Athletic Club,Deportivo Alavés,finished,0.0,0.0
16416344,La Liga,2026,7,1789835400,Celta Vigo,Real Racing Club,finished,5.0,0.0
16416349,La Liga,2026,7,1789844400,Sevilla,FC Barcelona,finished,1.0,3.0
16416303,La Liga,2026,7,1789905600,Getafe,Málaga CF,finished,1.0,0.0
16416339,La Liga,2026,7,1789913700,Atlético Madrid,Real Madrid,finished,2.0,1.0
16416313,La Liga,2026,7,1789921800,Deportivo de A Coruña,Real Betis,finished,1.0,1.0
16416294,La Liga,2026,7,1789921800,Villarreal,Levante UD,finished,3.0,1.0
16416297,La Liga,2026,7,1789930800,Valencia,Real Sociedad,finished,2.0,3.0
16421062,La Liga,2026,8,1791572400,Málaga CF,Espanyol,notstarted,,
16421065,La Liga,2026,8,1791633600,Rayo Vallecano,Athletic Club,notstarted,,
16421056,La Liga,2026,8,1791641700,Deportivo Alavés,Atlético Madrid,notstarted,,
16421060,La Liga,2026,8,1791649800,FC Barcelona,Getafe,notstarted,,
16421066,La Liga,2026,8,1791658800,Real Madrid,Villarreal,notstarted,,
16421067,La Liga,2026,8,1791728100,Real Sociedad,Deportivo de A Coruña,notstarted,,
16421054,La Liga,2026,8,1791736200,Real Betis,Osasuna,notstarted,,
16421058,La Liga,2026,8,1791745200,Elche,Celta Vigo,notstarted,,
16421064,La Liga,2026,8,1791745200,Real Racing Club,Valencia,notstarted,,
16421063,La Liga,2026,8,1791831600,Levante UD,Sevilla,notstarted,,
16421070,La Liga,2026,9,1792177200,Deportivo de A Coruña,Levante UD,notstarted,,
16421071,La Liga,2026,9,1792238400,Espanyol,Atlético Madrid,notstarted,,
16421076,La Liga,2026,9,1792246500,Villarreal,Elche,notstarted,,
16421068,La Liga,2026,9,1792254600,Real Betis,FC Barcelona,notstarted,,
16421074,La Liga,2026,9,1792263600,Valencia,Athletic Club,notstarted,,
16421078,La Liga,2026,9,1792324800,Osasuna,Real Racing Club,notstarted,,
16421069,La Liga,2026,9,1792332900,Celta Vigo,Deportivo Alavés,notstarted,,
16421073,La Liga,2026,9,1792341000,Málaga CF,Real Sociedad,notstarted,,
16421075,La Liga,2026,9,1792350000,Real Madrid,Sevilla,notstarted,,
16421072,La Liga,2026,9,1792436400,Getafe,Rayo Vallecano,notstarted,,
17122851,La Liga,2026,6,1792605600,Levante UD,Athletic Club,notstarted,,
16421077,La Liga,2026,10,1792782000,Deportivo Alavés,Málaga CF,notstarted,,
16421084,La Liga,2026,10,1792843200,Rayo Vallecano,Elche,notstarted,,
16421083,La Liga,2026,10,1792851300,Real Racing Club,Espanyol,notstarted,,
16421089,La Liga,2026,10,1792859400,Valencia,Villarreal,notstarted,,
16421082,La Liga,2026,10,1792868400,Atlético Madrid,Deportivo de A Coruña,notstarted,,
16421081,La Liga,2026,10,1792933200,Athletic Club,Getafe,notstarted,,
16421079,La Liga,2026,10,1792941300,Celta Vigo,Real Betis,notstarted,,
16421086,La Liga,2026,10,1792949400,Real Sociedad,Levante UD,notstarted,,
16421080,La Liga,2026,10,1792958400,FC Barcelona,Real Madrid,notstarted,,
16421085,La Liga,2026,10,1793044800,Sevilla,Osasuna,notstarted,,
16421088,La Liga,2026,11,1793559600,Athletic Club,Real Sociedad,notstarted,,
16421095,La Liga,2026,11,1793559600,Deportivo de A Coruña,Osasuna,notstarted,,
16421092,La Liga,2026,11,1793559600,Elche,Valencia,notstarted,,
16421091,La Liga,2026,11,1793559600,FC Barcelona,Deportivo Alavés,notstarted,,
16421093,La Liga,2026,11,1793559600,Getafe,Sevilla,notstarted,,
16421096,La Liga,2026,11,1793559600,Levante UD,Atlético Madrid,notstarted,,
16421100,La Liga,2026,11,1793559600,Rayo Vallecano,Celta Vigo,notstarted,,
16421087,La Liga,2026,11,1793559600,Real Betis,Málaga CF,notstarted,,
16421098,La Liga,2026,11,1793559600,Real Racing Club,Real Madrid,notstarted,,
16421099,La Liga,2026,11,1793559600,Villarreal,Espanyol,notstarted,,
16421101,La Liga,2026,12,1794164400,Atlético Madrid,FC Barcelona,notstarted,,
16421104,La Liga,2026,12,1794164400,Celta Vigo,Levante UD,notstarted,,
16421102,La Liga,2026,12,1794164400,Elche,Real Betis,notstarted,,
16421108,La Liga,2026,12,1794164400,Espanyol,Deportivo de A Coruña,notstarted,,
16421103,La Liga,2026,12,1794164400,Málaga CF,Real Racing Club,notstarted,,
16421106,La Liga,2026,12,1794164400,Osasuna,Athletic Club,notstarted,,
16421107,La Liga,2026,12,1794164400,Real Sociedad,Rayo Vallecano,notstarted,,
16421109,La Liga,2026,12,1794164400,Sevilla,Deportivo Alavés,notstarted,,
16421105,La Liga,2026,12,1794164400,Valencia,Real Madrid,notstarted,,
16421110,La Liga,2026,12,1794164400,Villarreal,Getafe,notstarted,,
16421112,La Liga,2026,13,1795374000,Athletic Club,Espanyol,notstarted,,
16421111,La Liga,2026,13,1795374000,Deportivo Alavés,Deportivo de A Coruña,notstarted,,
16421113,La Liga,2026,13,1795374000,FC Barcelona,Villarreal,notstarted,,
16421115,La Liga,2026,13,1795374000,Getafe,Atlético Madrid,notstarted,,
16421118,La Liga,2026,13,1795374000,Levante UD,Elche,notstarted,,
16421117,La Liga,2026,13,1795374000,Osasuna,Málaga CF,notstarted,,
16421119,La Liga,2026,13,1795374000,Rayo Vallecano,Valencia,notstarted,,
16421116,La Liga,2026,13,1795374000,Real Madrid,Celta Vigo,notstarted,,
16421114,La Liga,2026,13,1795374000,Real Racing Club,Real Sociedad,notstarted,,
16421125,La Liga,2026,13,1795374000,Sevilla,Real Betis,notstarted,,
16421121,La Liga,2026,14,1795978800,Celta Vigo,Villarreal,notstarted,,
16421123,La Liga,2026,14,1795978800,Deportivo de A Coruña,FC Barcelona,notstarted,,
16421126,La Liga,2026,14,1795978800,Elche,Atlético Madrid,notstarted,,
16421122,La Liga,2026,14,1795978800,Espanyol,Getafe,notstarted,,
16421127,La Liga,2026,14,1795978800,Levante UD,Real Racing Club,notstarted,,
16421128,La Liga,2026,14,1795978800,Málaga CF,Athletic Club,notstarted,,
16421120,La Liga,2026,14,1795978800,Real Betis,Rayo Vallecano,notstarted,,
16421129,La Liga,2026,14,1795978800,Real Madrid,Deportivo Alavés,notstarted,,
16462479,La Liga,2026,14,1795978800,Real Sociedad,Sevilla,notstarted,,
16462482,La Liga,2026,14,1795978800,Valencia,Osasuna,notstarted,,
16462488,La Liga,2026,15,1796583600,Athletic Club,Real Madrid,notstarted,,
16462491,La Liga,2026,15,1796583600,Atlético Madrid,Real Betis,notstarted,,
16462485,La Liga,2026,15,1796583600,Deportivo Alavés,Espanyol,notstarted,,
16462494,La Liga,2026,15,1796583600,FC Barcelona,Celta Vigo,notstarted,,
16462498,La Liga,2026,15,1796583600,Getafe,Valencia,notstarted,,
16462501,La Liga,2026,15,1796583600,Osasuna,Elche,notstarted,,
16462508,La Liga,2026,15,1796583600,Rayo Vallecano,Levante UD,notstarted,,
16462504,La Liga,2026,15,1796583600,Real Racing Club,Deportivo de A Coruña,notstarted,,
16462511,La Liga,2026,15,1796583600,Sevilla,Málaga CF,notstarted,,
16462514,La Liga,2026,15,1796583600,Villarreal,Real Sociedad,notstarted,,
16462517,La Liga,2026,16,1797188400,Atlético Madrid,Valencia,notstarted,,
16462523,La Liga,2026,16,1797188400,Deportivo de A Coruña,Athletic Club,notstarted,,
16462526,La Liga,2026,16,1797188400,Elche,Sevilla,notstarted,,
16462529,La Liga,2026,16,1797188400,Espanyol,Celta Vigo,notstarted,,
16462532,La Liga,2026,16,1797188400,Levante UD,Deportivo Alavés,notstarted,,
16462535,La Liga,2026,16,1797188400,Málaga CF,FC Barcelona,notstarted,,
16462520,La Liga,2026,16,1797188400,Real Betis,Real Racing Club,notstarted,,
16462538,La Liga,2026,16,1797188400,Real Madrid,Osasuna,notstarted,,
16462541,La Liga,2026,16,1797188400,Real Sociedad,Getafe,notstarted,,
16462544,La Liga,2026,16,1797188400,Villarreal,Rayo Vallecano,notstarted,,
16462550,La Liga,2026,17,1797793200,Athletic Club,Real Betis,notstarted,,
16462553,La Liga,2026,17,1797793200,Celta Vigo,Atlético Madrid,notstarted,,
16462547,La Liga,2026,17,1797793200,Deportivo Alavés,Elche,notstarted,,
16462556,La Liga,2026,17,1797793200,Deportivo de A Coruña,Real Madrid,notstarted,,
16462559,La Liga,2026,17,1797793200,FC Barcelona,Real Sociedad,notstarted,,
16462562,La Liga,2026,17,1797793200,Getafe,Levante UD,notstarted,,
16462565,La Liga,2026,17,1797793200,Osasuna,Villarreal,notstarted,,
16462568,La Liga,2026,17,1797793200,Rayo Vallecano,Málaga CF,notstarted,,
16462570,La Liga,2026,17,1797793200,Sevilla,Real Racing Club,notstarted,,
16462573,La Liga,2026,17,1797793200,Valencia,Espanyol,notstarted,,
16462579,La Liga,2026,18,1799002800,Celta Vigo,Deportivo de A Coruña,notstarted,,
16462582,La Liga,2026,18,1799002800,Espanyol,FC Barcelona,notstarted,,
16462585,La Liga,2026,18,1799002800,Levante UD,Valencia,notstarted,,
16462588,La Liga,2026,18,1799002800,Málaga CF,Elche,notstarted,,
16462594,La Liga,2026,18,1799002800,Rayo Vallecano,Atlético Madrid,notstarted,,
16462576,La Liga,2026,18,1799002800,Real Betis,Deportivo Alavés,notstarted,,
16462597,La Liga,2026,18,1799002800,Real Madrid,Getafe,notstarted,,
16462591,La Liga,2026,18,1799002800,Real Racing Club,Athletic Club,notstarted,,
16462600,La Liga,2026,18,1799002800,Real Sociedad,Osasuna,notstarted,,
16462603,La Liga,2026,18,1799002800,Villarreal,Sevilla,notstarted,,
16462609,La Liga,2026,19,1799607600,Athletic Club,Villarreal,notstarted,,
16462612,La Liga,2026,19,1799607600,Atlético Madrid,Real Racing Club,notstarted,,
16462606,La Liga,2026,19,1799607600,Deportivo Alavés,Real Sociedad,notstarted,,
16462615,La Liga,2026,19,1799607600,Deportivo de A Coruña,Rayo Vallecano,notstarted,,
16462618,La Liga,2026,19,1799607600,Elche,Getafe,notstarted,,
16462621,La Liga,2026,19,1799607600,Espanyol,Real Betis,notstarted,,
16462624,La Liga,2026,19,1799607600,Osasuna,FC Barcelona,notstarted,,
16462627,La Liga,2026,19,1799607600,Real Madrid,Levante UD,notstarted,,
16462631,La Liga,2026,19,1799607600,Sevilla,Celta Vigo,notstarted,,
16462634,La Liga,2026,19,1799607600,Valencia,Málaga CF,notstarted,,
16462637,La Liga,2026,20,1800212400,Atlético Madrid,Real Sociedad,notstarted,,
16462643,La Liga,2026,20,1800212400,Celta Vigo,Valencia,notstarted,,
16462646,La Liga,2026,20,1800212400,FC Barcelona,Elche,notstarted,,
16462649,La Liga,2026,20,1800212400,Getafe,Athletic Club,notstarted,,
16462652,La Liga,2026,20,1800212400,Levante UD,Espanyol,notstarted,,
16462655,La Liga,2026,20,1800212400,Málaga CF,Real Madrid,notstarted,,
16462661,La Liga,2026,20,1800212400,Rayo Vallecano,Sevilla,notstarted,,
16462640,La Liga,2026,20,1800212400,Real Betis,Deportivo de A Coruña,notstarted,,
16462658,La Liga,2026,20,1800212400,Real Racing Club,Osasuna,notstarted,,
16462664,La Liga,2026,20,1800212400,Villarreal,Deportivo Alavés,notstarted,,
16462480,La Liga,2026,21,1800817200,Athletic Club,Levante UD,notstarted,,
16462477,La Liga,2026,21,1800817200,Deportivo Alavés,FC Barcelona,notstarted,,
16462483,La Liga,2026,21,1800817200,Deportivo de A Coruña,Atlético Madrid,notstarted,,
16462486,La Liga,2026,21,1800817200,Elche,Rayo Vallecano,notstarted,,
16462489,La Liga,2026,21,1800817200,Espanyol,Villarreal,notstarted,,
16462492,La Liga,2026,21,1800817200,Getafe,Osasuna,notstarted,,
16462499,La Liga,2026,21,1800817200,Real Madrid,Real Betis,notstarted,,
16462495,La Liga,2026,21,1800817200,Real Racing Club,Celta Vigo,notstarted,,
16462502,La Liga,2026,21,1800817200,Real Sociedad,Málaga CF,notstarted,,
16462506,La Liga,2026,21,1800817200,Valencia,Sevilla,notstarted,,
16462510,La Liga,2026,22,1801422000,Atlético Madrid,Espanyol,notstarted,,
16462516,La Liga,2026,22,1801422000,Celta Vigo,Getafe,notstarted,,
16462519,La Liga,2026,22,1801422000,FC Barcelona,Valencia,notstarted,,
16462522,La Liga,2026,22,1801422000,Levante UD,Real Sociedad,notstarted,,
16462525,La Liga,2026,22,1801422000,Málaga CF,Deportivo Alavés,notstarted,,
16462528,La Liga,2026,22,1801422000,Osasuna,Deportivo de A Coruña,notstarted,,
16462531,La Liga,2026,22,1801422000,Rayo Vallecano,Real Madrid,notstarted,,
16462513,La Liga,2026,22,1801422000,Real Betis,Elche,notstarted,,
16462534,La Liga,2026,22,1801422000,Sevilla,Athletic Club,notstarted,,
16462537,La Liga,2026,22,1801422000,Villarreal,Real Racing Club,notstarted,,
16462543,La Liga,2026,23,1802026800,Athletic Club,Osasuna,notstarted,,
16462540,La Liga,2026,23,1802026800,Deportivo Alavés,Celta Vigo,notstarted,,
16462549,La Liga,2026,23,1802026800,Deportivo de A Coruña,Málaga CF,notstarted,,
16462552,La Liga,2026,23,1802026800,Elche,Levante UD,notstarted,,
16462555,La Liga,2026,23,1802026800,Espanyol,Rayo Vallecano,notstarted,,
16462558,La Liga,2026,23,1802026800,FC Barcelona,Atlético Madrid,notstarted,,
16462561,La Liga,2026,23,1802026800,Getafe,Villarreal,notstarted,,
16462546,La Liga,2026,23,1802026800,Real Betis,Sevilla,notstarted,,
16462564,La Liga,2026,23,1802026800,Real Sociedad,Real Madrid,notstarted,,
16462567,La Liga,2026,23,1802026800,Valencia,Real Racing Club,notstarted,,
16462569,La Liga,2026,24,1802631600,Celta Vigo,Rayo Vallecano,notstarted,,
16462572,La Liga,2026,24,1802631600,Elche,Deportivo de A Coruña,notstarted,,
16462575,La Liga,2026,24,1802631600,Levante UD,Málaga CF,notstarted,,
16462578,La Liga,2026,24,1802631600,Osasuna,Atlético Madrid,notstarted,,
16462584,La Liga,2026,24,1802631600,Real Madrid,Athletic Club,notstarted,,
16462581,La Liga,2026,24,1802631600,Real Racing Club,Getafe,notstarted,,
16462587,La Liga,2026,24,1802631600,Real Sociedad,Real Betis,notstarted,,
16462590,La Liga,2026,24,1802631600,Sevilla,Espanyol,notstarted,,
16462593,La Liga,2026,24,1802631600,Valencia,Deportivo Alavés,notstarted,,
16462596,La Liga,2026,24,1802631600,Villarreal,FC Barcelona,notstarted,,
16462602,La Liga,2026,25,1803236400,Athletic Club,Celta Vigo,notstarted,,
16462605,La Liga,2026,25,1803236400,Atlético Madrid,Elche,notstarted,,
16462599,La Liga,2026,25,1803236400,Deportivo Alavés,Real Racing Club,notstarted,,
16462608,La Liga,2026,25,1803236400,Deportivo de A Coruña,Real Sociedad,notstarted,,
16462611,La Liga,2026,25,1803236400,Espanyol,Osasuna,notstarted,,
16462614,La Liga,2026,25,1803236400,FC Barcelona,Levante UD,notstarted,,
16462617,La Liga,2026,25,1803236400,Málaga CF,Real Betis,notstarted,,
16462620,La Liga,2026,25,1803236400,Rayo Vallecano,Getafe,notstarted,,
16462623,La Liga,2026,25,1803236400,Sevilla,Real Madrid,notstarted,,
16462626,La Liga,2026,25,1803236400,Villarreal,Valencia,notstarted,,
16462630,La Liga,2026,26,1803841200,Athletic Club,FC Barcelona,notstarted,,
16462636,La Liga,2026,26,1803841200,Celta Vigo,Espanyol,notstarted,,
16462639,La Liga,2026,26,1803841200,Getafe,Deportivo Alavés,notstarted,,
16462642,La Liga,2026,26,1803841200,Levante UD,Deportivo de A Coruña,notstarted,,
16462645,La Liga,2026,26,1803841200,Málaga CF,Atlético Madrid,notstarted,,
16462648,La Liga,2026,26,1803841200,Osasuna,Sevilla,notstarted,,
16462633,La Liga,2026,26,1803841200,Real Betis,Villarreal,notstarted,,
16462654,La Liga,2026,26,1803841200,Real Madrid,Valencia,notstarted,,
16462651,La Liga,2026,26,1803841200,Real Racing Club,Rayo Vallecano,notstarted,,
16462657,La Liga,2026,26,1803841200,Real Sociedad,Elche,notstarted,,
16462663,La Liga,2026,27,1804446000,Atlético Madrid,Celta Vigo,notstarted,,
16462660,La Liga,2026,27,1804446000,Deportivo Alavés,Athletic Club,notstarted,,
16462666,La Liga,2026,27,1804446000,Deportivo de A Coruña,Getafe,notstarted,,
16462668,La Liga,2026,27,1804446000,Elche,Málaga CF,notstarted,,
16462671,La Liga,2026,27,1804446000,Espanyol,Real Racing Club,notstarted,,
16462673,La Liga,2026,27,1804446000,FC Barcelona,Real Betis,notstarted,,
16462674,La Liga,2026,27,1804446000,Rayo Vallecano,Osasuna,notstarted,,
16462675,La Liga,2026,27,1804446000,Sevilla,Real Sociedad,notstarted,,
16462676,La Liga,2026,27,1804446000,Valencia,Levante UD,notstarted,,
16462678,La Liga,2026,27,1804446000,Villarreal,Real Madrid,notstarted,,
16462680,La Liga,2026,28,1805050800,Athletic Club,Valencia,notstarted,,
16462679,La Liga,2026,28,1805050800,Deportivo Alavés,Sevilla,notstarted,,
16462682,La Liga,2026,28,1805050800,Elche,Villarreal,notstarted,,
16462683,La Liga,2026,28,1805050800,FC Barcelona,Deportivo de A Coruña,notstarted,,
16462684,La Liga,2026,28,1805050800,Getafe,Real Sociedad,notstarted,,
16462685,La Liga,2026,28,1805050800,Málaga CF,Rayo Vallecano,notstarted,,
16462686,La Liga,2026,28,1805050800,Osasuna,Celta Vigo,notstarted,,
16462681,La Liga,2026,28,1805050800,Real Betis,Levante UD,notstarted,,
16462688,La Liga,2026,28,1805050800,Real Madrid,Espanyol,notstarted,,
16462687,La Liga,2026,28,1805050800,Real Racing Club,Atlético Madrid,notstarted,,
16462689,La Liga,2026,29,1805655600,Atlético Madrid,Getafe,notstarted,,
16462690,La Liga,2026,29,1805655600,Celta Vigo,Real Madrid,notstarted,,
16462691,La Liga,2026,29,1805655600,Espanyol,Athletic Club,notstarted,,
16462692,La Liga,2026,29,1805655600,Levante UD,Osasuna,notstarted,,
16462694,La Liga,2026,29,1805655600,Rayo Vallecano,FC Barcelona,notstarted,,
16462693,La Liga,2026,29,1805655600,Real Racing Club,Real Betis,notstarted,,
16462695,La Liga,2026,29,1805655600,Real Sociedad,Deportivo Alavés,notstarted,,
16462696,La Liga,2026,29,1805655600,Sevilla,Elche,notstarted,,
16462697,La Liga,2026,29,1805655600,Valencia,Deportivo de A Coruña,notstarted,,
16462698,La Liga,2026,29,1805655600,Villarreal,Málaga CF,notstarted,,
16462699,La Liga,2026,30,1806865200,Athletic Club,Real Racing Club,notstarted,,
16462701,La Liga,2026,30,1806865200,Deportivo de A Coruña,Villarreal,notstarted,,
16462702,La Liga,2026,30,1806865200,Elche,Deportivo Alavés,notstarted,,
16462703,La Liga,2026,30,1806865200,FC Barcelona,Sevilla,notstarted,,
16462704,La Liga,2026,30,1806865200,Getafe,Espanyol,notstarted,,
16462705,La Liga,2026,30,1806865200,Levante UD,Rayo Vallecano,notstarted,,
16462706,La Liga,2026,30,1806865200,Málaga CF,Osasuna,notstarted,,
16462700,La Liga,2026,30,1806865200,Real Betis,Celta Vigo,notstarted,,
16462707,La Liga,2026,30,1806865200,Real Madrid,Atlético Madrid,notstarted,,
16462708,La Liga,2026,30,1806865200,Real Sociedad,Valencia,notstarted,,
16462473,La Liga,2026,31,1807470000,Atlético Madrid,Levante UD,notstarted,,
16462474,La Liga,2026,31,1807470000,Celta Vigo,Elche,notstarted,,
16462472,La Liga,2026,31,1807470000,Deportivo Alavés,Real Betis,notstarted,,
16462475,La Liga,2026,31,1807470000,Espanyol,Málaga CF,notstarted,,
16462476,La Liga,2026,31,1807470000,Osasuna,Real Madrid,notstarted,,
16462481,La Liga,2026,31,1807470000,Rayo Vallecano,Real Sociedad,notstarted,,
16462478,La Liga,2026,31,1807470000,Real Racing Club,FC Barcelona,notstarted,,
16462484,La Liga,2026,31,1807470000,Sevilla,Deportivo de A Coruña,notstarted,,
16462487,La Liga,2026,31,1807470000,Valencia,Getafe,notstarted,,
16462490,La Liga,2026,31,1807470000,Villarreal,Athletic Club,notstarted,,
16462496,La Liga,2026,32,1808074800,Atlético Madrid,Sevilla,notstarted,,
16462493,La Liga,2026,32,1808074800,Deportivo Alavés,Rayo Vallecano,notstarted,,
16462503,La Liga,2026,32,1808074800,Deportivo de A Coruña,Celta Vigo,notstarted,,
16462505,La Liga,2026,32,1808074800,Elche,Osasuna,notstarted,,
16462509,La Liga,2026,32,1808074800,FC Barcelona,Espanyol,notstarted,,
16462512,La Liga,2026,32,1808074800,Getafe,Real Madrid,notstarted,,
16462515,La Liga,2026,32,1808074800,Levante UD,Villarreal,notstarted,,
16462518,La Liga,2026,32,1808074800,Málaga CF,Valencia,notstarted,,
16462500,La Liga,2026,32,1808074800,Real Betis,Athletic Club,notstarted,,
16462521,La Liga,2026,32,1808074800,Real Sociedad,Real Racing Club,notstarted,,
16462524,La Liga,2026,33,1808334000,Athletic Club,Deportivo de A Coruña,notstarted,,
16462527,La Liga,2026,33,1808334000,Celta Vigo,FC Barcelona,notstarted,,
16462530,La Liga,2026,33,1808334000,Espanyol,Real Sociedad,notstarted,,
16462533,La Liga,2026,33,1808334000,Getafe,Real Betis,notstarted,,
16462536,La Liga,2026,33,1808334000,Osasuna,Deportivo Alavés,notstarted,,
16462542,La Liga,2026,33,1808334000,Real Madrid,Elche,notstarted,,
16462539,La Liga,2026,33,1808334000,Real Racing Club,Málaga CF,notstarted,,
16462545,La Liga,2026,33,1808334000,Sevilla,Levante UD,notstarted,,
16462548,La Liga,2026,33,1808334000,Valencia,Rayo Vallecano,notstarted,,
16462551,La Liga,2026,33,1808334000,Villarreal,Atlético Madrid,notstarted,,
16462554,La Liga,2026,34,1809284400,Atlético Madrid,Deportivo Alavés,notstarted,,
16462560,La Liga,2026,34,1809284400,Celta Vigo,Sevilla,notstarted,,
16462563,La Liga,2026,34,1809284400,Deportivo de A Coruña,Real Racing Club,notstarted,,
16462566,La Liga,2026,34,1809284400,Elche,Espanyol,notstarted,,
16416356,La Liga,2026,34,1809284400,FC Barcelona,Osasuna,notstarted,,
16416358,La Liga,2026,34,1809284400,Levante UD,Real Madrid,notstarted,,
16416359,La Liga,2026,34,1809284400,Málaga CF,Getafe,notstarted,,
16416362,La Liga,2026,34,1809284400,Rayo Vallecano,Villarreal,notstarted,,
16462557,La Liga,2026,34,1809284400,Real Betis,Valencia,notstarted,,
16416355,La Liga,2026,34,1809284400,Real Sociedad,Athletic Club,notstarted,,
16416361,La Liga,2026,35,1809889200,Athletic Club,Málaga CF,notstarted,,
16416357,La Liga,2026,35,1809889200,Deportivo Alavés,Levante UD,notstarted,,
16416363,La Liga,2026,35,1809889200,Getafe,Elche,notstarted,,
16462571,La Liga,2026,35,1809889200,Osasuna,Real Sociedad,notstarted,,
16462577,La Liga,2026,35,1809889200,Rayo Vallecano,Deportivo de A Coruña,notstarted,,
16416360,La Liga,2026,35,1809889200,Real Betis,Espanyol,notstarted,,
16462580,La Liga,2026,35,1809889200,Real Madrid,FC Barcelona,notstarted,,
16462574,La Liga,2026,35,1809889200,Real Racing Club,Sevilla,notstarted,,
16462583,La Liga,2026,35,1809889200,Valencia,Atlético Madrid,notstarted,,
16462586,La Liga,2026,35,1809889200,Villarreal,Celta Vigo,notstarted,,
16462589,La Liga,2026,36,1810494000,Atlético Madrid,Rayo Vallecano,notstarted,,
16462592,La Liga,2026,36,1810494000,Deportivo de A Coruña,Deportivo Alavés,notstarted,,
16462595,La Liga,2026,36,1810494000,Elche,Athletic Club,notstarted,,
16462598,La Liga,2026,36,1810494000,Espanyol,Valencia,notstarted,,
16462601,La Liga,2026,36,1810494000,Levante UD,Getafe,notstarted,,
16462604,La Liga,2026,36,1810494000,Málaga CF,Celta Vigo,notstarted,,
16462607,La Liga,2026,36,1810494000,Osasuna,Real Betis,notstarted,,
16462610,La Liga,2026,36,1810494000,Real Madrid,Real Racing Club,notstarted,,
16462613,La Liga,2026,36,1810494000,Real Sociedad,FC Barcelona,notstarted,,
16462616,La Liga,2026,36,1810494000,Sevilla,Villarreal,notstarted,,
16462619,La Liga,2026,37,1811098800,Atlético Madrid,Athletic Club,notstarted,,
16462622,La Liga,2026,37,1811098800,Celta Vigo,Real Sociedad,notstarted,,
16422390,La Liga,2026,37,1811098800,Deportivo Alavés,Real Madrid,notstarted,,
16462625,La Liga,2026,37,1811098800,Deportivo de A Coruña,Espanyol,notstarted,,
16462629,La Liga,2026,37,1811098800,FC Barcelona,Málaga CF,notstarted,,
16462635,La Liga,2026,37,1811098800,Rayo Vallecano,Real Betis,notstarted,,
16462632,La Liga,2026,37,1811098800,Real Racing Club,Levante UD,notstarted,,
16462638,La Liga,2026,37,1811098800,Sevilla,Getafe,notstarted,,
16462641,La Liga,2026,37,1811098800,Valencia,Elche,notstarted,,
16462644,La Liga,2026,37,1811098800,Villarreal,Osasuna,notstarted,,
16462647,La Liga,2026,38,1811703600,Athletic Club,Rayo Vallecano,notstarted,,
16462653,La Liga,2026,38,1811703600,Elche,Real Racing Club,notstarted,,
16462656,La Liga,2026,38,1811703600,Espanyol,Deportivo Alavés,notstarted,,
16462659,La Liga,2026,38,1811703600,Getafe,FC Barcelona,notstarted,,
16462662,La Liga,2026,38,1811703600,Levante UD,Celta Vigo,notstarted,,
16462665,La Liga,2026,38,1811703600,Málaga CF,Sevilla,notstarted,,
16462667,La Liga,2026,38,1811703600,Osasuna,Valencia,notstarted,,
16462650,La Liga,2026,38,1811703600,Real Betis,Atlético Madrid,notstarted,,
16462670,La Liga,2026,38,1811703600,Real Madrid,Deportivo de A Coruña,notstarted,,
16462672,La Liga,2026,38,1811703600,Real Sociedad,Villarreal,notstarted,,
8896967,Premier League,2020,1,1599910200,Fulham,Arsenal,finished,0.0,3.0
8896988,Premier League,2020,1,1599919200,Crystal Palace,Southampton,finished,1.0,0.0
8896804,Premier League,2020,1,1599922800,Burnley,Manchester United,canceled,,
8896805,Premier League,2020,1,1599922800,Manchester City,Aston Villa,canceled,,
8896944,Premier League,2020,1,1599928200,Liverpool FC,Leeds United,finished,4.0,3.0
8896949,Premier League,2020,1,1599937200,West Ham United,Newcastle United,finished,0.0,2.0
8896963,Premier League,2020,1,1600002000,West Bromwich Albion,Leicester City,finished,0.0,3.0
8896992,Premier League,2020,1,1600011000,Tottenham Hotspur,Everton,finished,0.0,1.0
8896986,Premier League,2020,1,1600102800,Sheffield United,Wolverhampton,finished,0.0,2.0
8896998,Premier League,2020,1,1600110900,Brighton & Hove Albion,Chelsea,finished,1.0,3.0
8896970,Premier League,2020,2,1600515000,Everton,West Bromwich Albion,finished,5.0,2.0
8896915,Premier League,2020,2,1600524000,Leeds United,Fulham,finished,4.0,3.0
8896928,Premier League,2020,2,1600533000,Manchester United,Crystal Palace,finished,1.0,3.0
8896947,Premier League,2020,2,1600542000,Arsenal,West Ham United,finished,2.0,1.0
8896924,Premier League,2020,2,1600599600,Southampton,Tottenham Hotspur,finished,2.0,5.0
8896922,Premier League,2020,2,1600606800,Newcastle United,Brighton & Hove Albion,finished,0.0,3.0
8897016,Premier League,2020,2,1600615800,Chelsea,Liverpool FC,finished,0.0,2.0
8896919,Premier League,2020,2,1600624800,Leicester City,Burnley,finished,4.0,2.0
8896950,Premier League,2020,2,1600707600,Aston Villa,Sheffield United,finished,1.0,0.0
8896925,Premier League,2020,2,1600715700,Wolverhampton,Manchester City,finished,1.0,3.0
8896929,Premier League,2020,3,1601119800,Brighton & Hove Albion,Manchester United,finished,2.0,3.0
8896933,Premier League,2020,3,1601128800,Crystal Palace,Everton,finished,1.0,2.0
8896983,Premier League,2020,3,1601137800,West Bromwich Albion,Chelsea,finished,3.0,3.0
8896923,Premier League,2020,3,1601146800,Burnley,Southampton,finished,0.0,1.0
8896946,Premier League,2020,3,1601204400,Sheffield United,Leeds United,finished,0.0,1.0
8896939,Premier League,2020,3,1601211600,Tottenham Hotspur,Newcastle United,finished,1.0,1.0
8896934,Premier League,2020,3,1601220600,Manchester City,Leicester City,finished,2.0,5.0
8896960,Premier League,2020,3,1601229600,West Ham United,Wolverhampton,finished,4.0,0.0
8896937,Premier League,2020,3,1601311500,Fulham,Aston Villa,finished,0.0,3.0
8896930,Premier League,2020,3,1601319600,Liverpool FC,Arsenal,finished,3.0,1.0
8897005,Premier League,2020,4,1601724600,Chelsea,Crystal Palace,finished,4.0,0.0
8896893,Premier League,2020,4,1601733600,Everton,Brighton & Hove Albion,finished,4.0,2.0
8896898,Premier League,2020,4,1601742600,Leeds United,Manchester City,finished,1.0,1.0
8896897,Premier League,2020,4,1601751600,Newcastle United,Burnley,finished,3.0,1.0
8896896,Premier League,2020,4,1601809200,Leicester City,West Ham United,finished,0.0,3.0
8896905,Premier League,2020,4,1601809200,Southampton,West Bromwich Albion,finished,2.0,0.0
8896901,Premier League,2020,4,1601816400,Arsenal,Sheffield United,finished,2.0,1.0
8896910,Premier League,2020,4,1601816400,Wolverhampton,Fulham,finished,1.0,0.0
8896904,Premier League,2020,4,1601825400,Manchester United,Tottenham Hotspur,finished,1.0,6.0
8896884,Premier League,2020,4,1601835300,Aston Villa,Liverpool FC,finished,7.0,2.0
8897007,Premier League,2020,5,1602934200,Everton,Liverpool FC,finished,2.0,2.0
8896911,Premier League,2020,5,1602943200,Chelsea,Southampton,finished,3.0,3.0
8896916,Premier League,2020,5,1602952200,Manchester City,Arsenal,finished,1.0,0.0
8897001,Premier League,2020,5,1602961200,Newcastle United,Manchester United,finished,1.0,4.0
8896879,Premier League,2020,5,1603018800,Sheffield United,Fulham,finished,1.0,1.0
8896907,Premier League,2020,5,1603026000,Crystal Palace,Brighton & Hove Albion,finished,1.0,1.0
8896878,Premier League,2020,5,1603035000,Tottenham Hotspur,West Ham United,finished,3.0,3.0
8896913,Premier League,2020,5,1603044900,Leicester City,Aston Villa,finished,0.0,1.0
8896881,Premier League,2020,5,1603125000,West Bromwich Albion,Burnley,finished,0.0,0.0
8896918,Premier League,2020,5,1603134000,Leeds United,Wolverhampton,finished,0.0,1.0
8896882,Premier League,2020,6,1603479600,Aston Villa,Leeds United,finished,0.0,3.0
8896890,Premier League,2020,6,1603539000,West Ham United,Manchester City,finished,1.0,1.0
8896887,Premier League,2020,6,1603548000,Fulham,Crystal Palace,finished,1.0,2.0
8897003,Premier League,2020,6,1603557000,Manchester United,Chelsea,finished,0.0,0.0
8896880,Premier League,2020,6,1603566000,Liverpool FC,Sheffield United,finished,2.0,1.0
8896891,Premier League,2020,6,1603634400,Southampton,Everton,finished,2.0,0.0
8896892,Premier League,2020,6,1603643400,Wolverhampton,Newcastle United,finished,1.0,1.0
8896875,Premier League,2020,6,1603653300,Arsenal,Leicester City,finished,0.0,1.0
8896886,Premier League,2020,6,1603733400,Brighton & Hove Albion,West Bromwich Albion,finished,1.0,1.0
8896877,Premier League,2020,6,1603742400,Burnley,Tottenham Hotspur,finished,0.0,1.0
8896874,Premier League,2020,7,1604088000,Wolverhampton,Crystal Palace,finished,2.0,0.0
8896861,Premier League,2020,7,1604147400,Sheffield United,Manchester City,finished,0.0,1.0
8896888,Premier League,2020,7,1604156400,Burnley,Chelsea,finished,0.0,3.0
8896865,Premier League,2020,7,1604165400,Liverpool FC,West Ham United,finished,2.0,1.0
8896885,Premier League,2020,7,1604232000,Aston Villa,Southampton,finished,3.0,4.0
8896867,Premier League,2020,7,1604239200,Newcastle United,Everton,finished,2.0,1.0
8896859,Premier League,2020,7,1604248200,Manchester United,Arsenal,finished,0.0,1.0
8897002,Premier League,2020,7,1604258100,Tottenham Hotspur,Brighton & Hove Albion,finished,2.0,1.0
8896858,Premier League,2020,7,1604338200,Fulham,West Bromwich Albion,finished,2.0,0.0
8896863,Premier League,2020,7,1604347200,Leeds United,Leicester City,finished,1.0,4.0
8896871,Premier League,2020,8,1604683800,Brighton & Hove Albion,Burnley,finished,0.0,0.0
8896876,Premier League,2020,8,1604692800,Southampton,Newcastle United,finished,2.0,0.0
8896866,Premier League,2020,8,1604752200,Everton,Manchester United,finished,1.0,3.0
8896869,Premier League,2020,8,1604761200,Crystal Palace,Leeds United,finished,4.0,1.0
8896868,Premier League,2020,8,1604770200,Chelsea,Sheffield United,finished,4.0,1.0
8896847,Premier League,2020,8,1604779200,West Ham United,Fulham,finished,1.0,0.0
8896851,Premier League,2020,8,1604836800,West Bromwich Albion,Tottenham Hotspur,finished,0.0,1.0
8896870,Premier League,2020,8,1604844000,Leicester City,Wolverhampton,finished,1.0,0.0
8896883,Premier League,2020,8,1604853000,Manchester City,Liverpool FC,finished,1.0,1.0
8896873,Premier League,2020,8,1604862900,Arsenal,Aston Villa,finished,0.0,3.0
8896848,Premier League,2020,9,1605961800,Newcastle United,Chelsea,finished,0.0,2.0
8896994,Premier League,2020,9,1605970800,Aston Villa,Brighton & Hove Albion,finished,1.0,2.0
8896862,Premier League,2020,9,1605979800,Tottenham Hotspur,Manchester City,finished,2.0,0.0
8896854,Premier League,2020,9,1605988800,Manchester United,West Bromwich Albion,finished,1.0,0.0
8896850,Premier League,2020,9,1606046400,Fulham,Everton,finished,2.0,3.0
8896852,Premier League,2020,9,1606053600,Sheffield United,West Ham United,finished,0.0,1.0
8896855,Premier League,2020,9,1606062600,Leeds United,Arsenal,finished,0.0,0.0
8896849,Premier League,2020,9,1606072500,Liverpool FC,Leicester City,finished,3.0,0.0
8896853,Premier League,2020,9,1606152600,Burnley,Crystal Palace,finished,1.0,0.0
8896856,Premier League,2020,9,1606161600,Wolverhampton,Southampton,finished,1.0,1.0
8896999,Premier League,2020,10,1606507200,Crystal Palace,Newcastle United,finished,0.0,2.0
8896860,Premier League,2020,10,1606566600,Brighton & Hove Albion,Liverpool FC,finished,1.0,1.0
8896975,Premier League,2020,10,1606575600,Manchester City,Burnley,finished,5.0,0.0
8896979,Premier League,2020,10,1606584600,Everton,Leeds United,finished,0.0,1.0
8896996,Premier League,2020,10,1606593600,West Bromwich Albion,Sheffield United,finished,1.0,0.0
8896981,Premier League,2020,10,1606658400,Southampton,Manchester United,finished,2.0,3.0
8896864,Premier League,2020,10,1606667400,Chelsea,Tottenham Hotspur,finished,0.0,0.0
8896857,Premier League,2020,10,1606677300,Arsenal,Wolverhampton,finished,1.0,2.0
8896962,Premier League,2020,10,1606757400,Leicester City,Fulham,finished,1.0,2.0
8896995,Premier League,2020,10,1606766400,West Ham United,Aston Villa,finished,2.0,1.0
8896940,Premier League,2020,11,1607112000,Aston Villa,Newcastle United,canceled,,
8896961,Premier League,2020,11,1607171400,Burnley,Everton,finished,1.0,1.0
8896966,Premier League,2020,11,1607180400,Manchester City,Fulham,finished,2.0,0.0
8897000,Premier League,2020,11,1607189400,West Ham United,Manchester United,finished,1.0,3.0
8896957,Premier League,2020,11,1607198400,Chelsea,Leeds United,finished,3.0,1.0
8897014,Premier League,2020,11,1607256000,West Bromwich Albion,Crystal Palace,finished,1.0,5.0
8896976,Premier League,2020,11,1607264100,Sheffield United,Leicester City,finished,1.0,2.0
8896985,Premier League,2020,11,1607272200,Tottenham Hotspur,Arsenal,finished,2.0,0.0
8896977,Premier League,2020,11,1607282100,Liverpool FC,Wolverhampton,finished,4.0,0.0
8897009,Premier League,2020,11,1607371200,Brighton & Hove Albion,Southampton,finished,1.0,2.0
8896956,Premier League,2020,12,1607716800,Leeds United,West Ham United,finished,1.0,2.0
8896980,Premier League,2020,12,1607776200,Wolverhampton,Aston Villa,finished,0.0,1.0
8897011,Premier League,2020,12,1607785200,Newcastle United,West Bromwich Albion,finished,2.0,1.0
8896973,Premier League,2020,12,1607794200,Manchester United,Manchester City,finished,0.0,0.0
8896941,Premier League,2020,12,1607803200,Everton,Chelsea,finished,1.0,0.0
8896974,Premier League,2020,12,1607860800,Southampton,Sheffield United,finished,3.0,0.0
8896997,Premier League,2020,12,1607868900,Crystal Palace,Tottenham Hotspur,finished,1.0,1.0
8896952,Premier League,2020,12,1607877000,Fulham,Liverpool FC,finished,1.0,1.0
8896991,Premier League,2020,12,1607886900,Arsenal,Burnley,finished,0.0,1.0
8896948,Premier League,2020,12,1607886900,Leicester City,Brighton & Hove Albion,finished,3.0,0.0
8896989,Premier League,2020,13,1608055200,Wolverhampton,Chelsea,finished,2.0,1.0
8896943,Premier League,2020,13,1608062400,Manchester City,West Bromwich Albion,finished,1.0,1.0
8896993,Premier League,2020,13,1608141600,Arsenal,Southampton,finished,1.0,1.0
8896953,Premier League,2020,13,1608141600,Leeds United,Newcastle United,finished,5.0,2.0
8896954,Premier League,2020,13,1608141600,Leicester City,Everton,finished,0.0,2.0
8896938,Premier League,2020,13,1608148800,Fulham,Brighton & Hove Albion,finished,0.0,0.0
8897012,Premier League,2020,13,1608148800,Liverpool FC,Tottenham Hotspur,finished,2.0,1.0
8896987,Premier League,2020,13,1608148800,West Ham United,Crystal Palace,finished,1.0,1.0
8896990,Premier League,2020,13,1608228000,Aston Villa,Burnley,finished,0.0,0.0
8896958,Premier League,2020,13,1608235200,Sheffield United,Manchester United,finished,2.0,3.0
8896984,Premier League,2020,14,1608381000,Crystal Palace,Liverpool FC,finished,0.0,7.0
8896972,Premier League,2020,14,1608390000,Southampton,Manchester City,finished,0.0,1.0
8896964,Premier League,2020,14,1608399000,Everton,Arsenal,finished,2.0,1.0
8896982,Premier League,2020,14,1608408000,Newcastle United,Fulham,finished,1.0,1.0
8896968,Premier League,2020,14,1608465600,Brighton & Hove Albion,Sheffield United,finished,1.0,1.0
8896959,Premier League,2020,14,1608473700,Tottenham Hotspur,Leicester City,finished,0.0,2.0
8896951,Premier League,2020,14,1608481800,Manchester United,Leeds United,finished,6.0,2.0
8897010,Premier League,2020,14,1608491700,West Bromwich Albion,Aston Villa,finished,0.0,3.0
8896969,Premier League,2020,14,1608571800,Burnley,Wolverhampton,finished,2.0,1.0
8896945,Premier League,2020,14,1608580800,Chelsea,West Ham United,finished,3.0,0.0
8897006,Premier League,2020,15,1608985800,Leicester City,Manchester United,finished,2.0,2.0
8896971,Premier League,2020,15,1608994800,Aston Villa,Crystal Palace,finished,3.0,0.0
8896912,Premier League,2020,15,1608994800,Fulham,Southampton,finished,0.0,0.0
8896978,Premier League,2020,15,1609003800,Arsenal,Chelsea,finished,3.0,1.0
8896921,Premier League,2020,15,1609012800,Manchester City,Newcastle United,finished,2.0,0.0
8896920,Premier League,2020,15,1609012800,Sheffield United,Everton,finished,0.0,1.0
8896914,Premier League,2020,15,1609070400,Leeds United,Burnley,finished,1.0,0.0
8896936,Premier League,2020,15,1609078500,West Ham United,Brighton & Hove Albion,finished,2.0,2.0
8896927,Premier League,2020,15,1609086600,Liverpool FC,West Bromwich Albion,finished,1.0,1.0
8896926,Premier League,2020,15,1609096500,Wolverhampton,Tottenham Hotspur,finished,1.0,1.0
8896931,Premier League,2020,16,1609167600,Crystal Palace,Leicester City,finished,1.0,1.0
8896932,Premier League,2020,16,1609176600,Chelsea,Aston Villa,finished,1.0,1.0
8896955,Premier League,2020,16,1609185600,Everton,Manchester City,postponed,,
8896935,Premier League,2020,16,1609264800,Brighton & Hove Albion,Arsenal,finished,0.0,1.0
8897008,Premier League,2020,16,1609264800,Burnley,Sheffield United,finished,1.0,0.0
8896965,Premier League,2020,16,1609264800,Southampton,West Ham United,finished,0.0,0.0
8896889,Premier League,2020,16,1609264800,West Bromwich Albion,Leeds United,finished,0.0,5.0
8896942,Premier League,2020,16,1609272000,Manchester United,Wolverhampton,finished,1.0,0.0
8896895,Premier League,2020,16,1609351200,Tottenham Hotspur,Fulham,canceled,,
8897013,Premier League,2020,16,1609358400,Newcastle United,Liverpool FC,finished,0.0,0.0
8897004,Premier League,2020,17,1609522200,Everton,West Ham United,finished,0.0,1.0
8896909,Premier League,2020,17,1609531200,Manchester United,Aston Villa,finished,2.0,1.0
8896917,Premier League,2020,17,1609590600,Tottenham Hotspur,Leeds United,finished,3.0,0.0
8896899,Premier League,2020,17,1609599600,Crystal Palace,Sheffield United,finished,2.0,0.0
8896894,Premier League,2020,17,1609608600,Brighton & Hove Albion,Wolverhampton,finished,3.0,3.0
8896902,Premier League,2020,17,1609617600,West Bromwich Albion,Arsenal,finished,0.0,4.0
8896900,Premier League,2020,17,1609675200,Burnley,Fulham,postponed,,
8896906,Premier League,2020,17,1609683300,Newcastle United,Leicester City,finished,1.0,2.0
8896903,Premier League,2020,17,1609691400,Chelsea,Manchester City,finished,1.0,3.0
8896908,Premier League,2020,17,1609790400,Southampton,Liverpool FC,finished,1.0,0.0
8897056,Premier League,2020,18,1610474400,Sheffield United,Newcastle United,finished,1.0,0.0
9258868,Premier League,2020,1,1610482500,Burnley,Manchester United,finished,0.0,1.0
8897047,Premier League,2020,18,1610482500,Wolverhampton,Everton,finished,1.0,2.0
8897049,Premier League,2020,18,1610560800,Manchester City,Brighton & Hove Albion,finished,1.0,0.0
9277342,Premier League,2020,16,1610568900,Tottenham Hotspur,Fulham,finished,1.0,1.0
8897053,Premier League,2020,18,1610568900,Aston Villa,Tottenham Hotspur,postponed,,
8897071,Premier League,2020,18,1610654400,Arsenal,Crystal Palace,finished,0.0,0.0
8897068,Premier League,2020,19,1610800200,Wolverhampton,West Bromwich Albion,finished,2.0,3.0
8897061,Premier League,2020,19,1610809200,Leeds United,Brighton & Hove Albion,finished,0.0,1.0
8897059,Premier League,2020,19,1610809200,West Ham United,Burnley,finished,1.0,0.0
8897062,Premier League,2020,19,1610818200,Fulham,Chelsea,finished,0.0,1.0
8897065,Premier League,2020,19,1610827200,Leicester City,Southampton,finished,2.0,0.0
8897058,Premier League,2020,19,1610884800,Aston Villa,Everton,postponed,,
8897052,Premier League,2020,19,1610892000,Sheffield United,Tottenham Hotspur,finished,1.0,3.0
8897066,Premier League,2020,19,1610901000,Liverpool FC,Manchester United,finished,0.0,0.0
8897057,Premier League,2020,19,1610910900,Manchester City,Crystal Palace,finished,4.0,0.0
8897048,Premier League,2020,19,1611000000,Arsenal,Newcastle United,finished,3.0,0.0
8897046,Premier League,2020,18,1611079200,West Ham United,West Bromwich Albion,finished,2.0,1.0
8897055,Premier League,2020,18,1611087300,Leicester City,Chelsea,finished,2.0,0.0
9258869,Premier League,2020,1,1611165600,Manchester City,Aston Villa,finished,2.0,0.0
8897070,Premier League,2020,18,1611165600,Leeds United,Southampton,postponed,,
8897060,Premier League,2020,18,1611173700,Fulham,Manchester United,finished,1.0,2.0
8897041,Premier League,2020,18,1611259200,Liverpool FC,Burnley,finished,0.0,1.0
9282832,Premier League,2020,11,1611432000,Aston Villa,Newcastle United,finished,2.0,0.0
8897037,Premier League,2020,20,1611684000,Crystal Palace,West Ham United,finished,2.0,3.0
8897044,Premier League,2020,20,1611684000,Newcastle United,Leeds United,finished,1.0,2.0
8897045,Premier League,2020,20,1611692100,Southampton,Arsenal,finished,1.0,3.0
8897031,Premier League,2020,20,1611692100,West Bromwich Albion,Manchester City,finished,0.0,5.0
8897025,Premier League,2020,20,1611770400,Burnley,Aston Villa,finished,3.0,2.0
8897040,Premier League,2020,20,1611770400,Chelsea,Wolverhampton,finished,0.0,0.0
8897020,Premier League,2020,20,1611775800,Brighton & Hove Albion,Fulham,finished,0.0,0.0
8897042,Premier League,2020,20,1611778500,Everton,Leicester City,finished,1.0,1.0
8897038,Premier League,2020,20,1611778500,Manchester United,Sheffield United,finished,1.0,2.0
8897033,Premier League,2020,20,1611864000,Tottenham Hotspur,Liverpool FC,finished,1.0,3.0
8897054,Premier League,2020,21,1612009800,Everton,Newcastle United,finished,0.0,2.0
8897043,Premier League,2020,21,1612018800,Crystal Palace,Wolverhampton,finished,1.0,0.0
8897021,Premier League,2020,21,1612018800,Manchester City,Sheffield United,finished,1.0,0.0
8897018,Premier League,2020,21,1612018800,West Bromwich Albion,Fulham,finished,2.0,2.0
8897030,Premier League,2020,21,1612027800,Arsenal,Manchester United,finished,0.0,0.0
8897023,Premier League,2020,21,1612036800,Southampton,Aston Villa,finished,0.0,1.0
8897050,Premier League,2020,21,1612094400,Chelsea,Burnley,finished,2.0,0.0
8897051,Premier League,2020,21,1612101600,Leicester City,Leeds United,finished,1.0,3.0
8897027,Premier League,2020,21,1612110600,West Ham United,Liverpool FC,finished,1.0,3.0
8897039,Premier League,2020,21,1612120500,Brighton & Hove Albion,Tottenham Hotspur,finished,1.0,0.0
8897019,Premier League,2020,22,1612288800,Sheffield United,West Bromwich Albion,finished,2.0,1.0
8897028,Premier League,2020,22,1612288800,Wolverhampton,Arsenal,finished,2.0,1.0
8897029,Premier League,2020,22,1612296900,Manchester United,Southampton,finished,9.0,0.0
8897034,Premier League,2020,22,1612296900,Newcastle United,Crystal Palace,finished,1.0,2.0
8897024,Premier League,2020,22,1612375200,Burnley,Manchester City,finished,0.0,2.0
8897015,Premier League,2020,22,1612375200,Fulham,Leicester City,finished,0.0,2.0
8897022,Premier League,2020,22,1612380600,Leeds United,Everton,finished,1.0,2.0
8897017,Premier League,2020,22,1612383300,Aston Villa,West Ham United,finished,1.0,3.0
8897036,Premier League,2020,22,1612383300,Liverpool FC,Brighton & Hove Albion,finished,0.0,1.0
8897035,Premier League,2020,22,1612468800,Tottenham Hotspur,Chelsea,finished,0.0,1.0
8897032,Premier League,2020,23,1612614600,Aston Villa,Arsenal,finished,1.0,0.0
8897026,Premier League,2020,23,1612623600,Burnley,Brighton & Hove Albion,finished,1.0,1.0
8897130,Premier League,2020,23,1612623600,Newcastle United,Southampton,finished,3.0,2.0
8897144,Premier League,2020,23,1612632600,Fulham,West Ham United,finished,0.0,0.0
8897150,Premier League,2020,23,1612641600,Manchester United,Everton,finished,3.0,3.0
8897161,Premier League,2020,23,1612699200,Tottenham Hotspur,West Bromwich Albion,finished,2.0,0.0
8897104,Premier League,2020,23,1612706400,Wolverhampton,Leicester City,finished,0.0,0.0
8897173,Premier League,2020,23,1612715400,Liverpool FC,Manchester City,finished,1.0,4.0
8897118,Premier League,2020,23,1612725300,Sheffield United,Chelsea,finished,1.0,2.0
8897151,Premier League,2020,23,1612814400,Leeds United,Crystal Palace,finished,2.0,0.0
8897201,Premier League,2020,24,1613219400,Leicester City,Liverpool FC,finished,3.0,1.0
8897225,Premier League,2020,24,1613228400,Crystal Palace,Burnley,finished,0.0,3.0
8897202,Premier League,2020,24,1613237400,Manchester City,Tottenham Hotspur,finished,3.0,0.0
8897111,Premier League,2020,24,1613246400,Brighton & Hove Albion,Aston Villa,finished,0.0,0.0
8897165,Premier League,2020,24,1613304000,Southampton,Wolverhampton,finished,1.0,2.0
8897096,Premier League,2020,24,1613311200,West Bromwich Albion,Manchester United,finished,1.0,1.0
8897124,Premier League,2020,24,1613320200,Arsenal,Leeds United,finished,4.0,2.0
8897177,Premier League,2020,24,1613329200,Everton,Fulham,finished,0.0,2.0
8897107,Premier League,2020,24,1613412000,West Ham United,Sheffield United,finished,3.0,0.0
8897182,Premier League,2020,24,1613419200,Chelsea,Newcastle United,finished,2.0,0.0
9326482,Premier League,2020,17,1613584800,Burnley,Fulham,finished,1.0,1.0
9326472,Premier League,2020,16,1613592900,Everton,Manchester City,finished,1.0,3.0
8897178,Premier League,2020,25,1613764800,Wolverhampton,Leeds United,finished,1.0,0.0
8897137,Premier League,2020,25,1613824200,Southampton,Chelsea,finished,1.0,1.0
8897117,Premier League,2020,25,1613833200,Burnley,West Bromwich Albion,finished,0.0,0.0
8897136,Premier League,2020,25,1613842200,Liverpool FC,Everton,finished,0.0,2.0
8897125,Premier League,2020,25,1613851200,Fulham,Sheffield United,finished,1.0,0.0
8897140,Premier League,2020,25,1613908800,West Ham United,Tottenham Hotspur,finished,2.0,1.0
8897102,Premier League,2020,25,1613916300,Aston Villa,Leicester City,finished,1.0,2.0
8897093,Premier League,2020,25,1613925000,Arsenal,Manchester City,finished,0.0,1.0
8897145,Premier League,2020,25,1613934000,Manchester United,Newcastle United,finished,3.0,1.0
8897100,Premier League,2020,25,1614024000,Brighton & Hove Albion,Crystal Palace,finished,1.0,2.0
9326456,Premier League,2020,18,1614103200,Leeds United,Southampton,finished,3.0,0.0
8897092,Premier League,2020,26,1614429000,Manchester City,West Ham United,finished,2.0,1.0
8897098,Premier League,2020,26,1614438000,West Bromwich Albion,Brighton & Hove Albion,finished,1.0,0.0
8897163,Premier League,2020,26,1614447000,Leeds United,Aston Villa,finished,0.0,1.0
8897089,Premier League,2020,26,1614456000,Newcastle United,Wolverhampton,finished,1.0,1.0
8897153,Premier League,2020,26,1614513600,Crystal Palace,Fulham,finished,0.0,0.0
8897080,Premier League,2020,26,1614513600,Leicester City,Arsenal,finished,1.0,3.0
8897088,Premier League,2020,26,1614520800,Tottenham Hotspur,Burnley,finished,4.0,0.0
8897114,Premier League,2020,26,1614529800,Chelsea,Manchester United,finished,0.0,0.0
8897094,Premier League,2020,26,1614539700,Sheffield United,Liverpool FC,finished,0.0,2.0
8897122,Premier League,2020,26,1614628800,Everton,Southampton,finished,1.0,0.0
8897077,Premier League,2020,29,1614715200,Manchester City,Wolverhampton,finished,4.0,1.0
8897085,Premier League,2020,29,1614794400,Burnley,Leicester City,finished,1.0,1.0
8897191,Premier League,2020,29,1614794400,Sheffield United,Aston Villa,finished,1.0,0.0
8897074,Premier League,2020,29,1614802500,Crystal Palace,Manchester United,finished,0.0,0.0
8897142,Premier League,2020,29,1614880800,West Bromwich Albion,Everton,finished,0.0,1.0
8897121,Premier League,2020,33,1614880800,Fulham,Tottenham Hotspur,finished,0.0,1.0
8897072,Premier League,2020,29,1614888900,Liverpool FC,Chelsea,finished,0.0,1.0
8897091,Premier League,2020,27,1615033800,Burnley,Arsenal,finished,1.0,1.0
8897101,Premier League,2020,27,1615042800,Sheffield United,Southampton,finished,0.0,2.0
8897087,Premier League,2020,27,1615051800,Aston Villa,Wolverhampton,finished,0.0,0.0
8897097,Premier League,2020,27,1615060800,Brighton & Hove Albion,Leicester City,finished,1.0,2.0
8897095,Premier League,2020,27,1615118400,West Bromwich Albion,Newcastle United,finished,0.0,0.0
8897090,Premier League,2020,27,1615125600,Liverpool FC,Fulham,finished,0.0,1.0
8897099,Premier League,2020,27,1615134600,Manchester City,Manchester United,finished,0.0,2.0
8897106,Premier League,2020,27,1615144500,Tottenham Hotspur,Crystal Palace,finished,4.0,1.0
8897082,Premier League,2020,27,1615226400,Chelsea,Everton,finished,2.0,0.0
8897105,Premier League,2020,27,1615233600,West Ham United,Leeds United,finished,2.0,0.0
8897185,Premier League,2020,33,1615399200,Manchester City,Southampton,finished,5.0,2.0
8897079,Premier League,2020,28,1615579200,Newcastle United,Aston Villa,finished,1.0,1.0
8897063,Premier League,2020,28,1615638600,Leeds United,Chelsea,finished,0.0,0.0
8897078,Premier League,2020,28,1615647600,Crystal Palace,West Bromwich Albion,finished,1.0,0.0
8897069,Premier League,2020,28,1615656600,Everton,Burnley,finished,1.0,2.0
8897067,Premier League,2020,28,1615665600,Fulham,Manchester City,finished,0.0,3.0
8897081,Premier League,2020,28,1615723200,Southampton,Brighton & Hove Albion,finished,1.0,2.0
8897064,Premier League,2020,28,1615730400,Leicester City,Sheffield United,finished,5.0,0.0
8897076,Premier League,2020,28,1615739400,Arsenal,Tottenham Hotspur,finished,2.0,1.0
8897073,Premier League,2020,28,1615749300,Manchester United,West Ham United,finished,1.0,0.0
8897083,Premier League,2020,28,1615838400,Wolverhampton,Liverpool FC,finished,0.0,1.0
8897086,Premier League,2020,29,1616184000,Fulham,Leeds United,finished,1.0,2.0
8897135,Premier League,2020,29,1616256000,Tottenham Hotspur,Southampton,postponed,,
8897075,Premier League,2020,29,1616270400,Brighton & Hove Albion,Newcastle United,finished,3.0,0.0
8897203,Premier League,2020,29,1616338800,West Ham United,Arsenal,finished,3.0,3.0
9356100,Premier League,2020,18,1616355000,Aston Villa,Tottenham Hotspur,finished,0.0,2.0
8897167,Premier League,2020,30,1617449400,Chelsea,West Bromwich Albion,finished,2.0,5.0
8897210,Premier League,2020,30,1617458400,Leeds United,Sheffield United,finished,2.0,1.0
8897181,Premier League,2020,30,1617467400,Leicester City,Manchester City,finished,0.0,2.0
8897146,Premier League,2020,30,1617476400,Arsenal,Liverpool FC,finished,0.0,3.0
8897159,Premier League,2020,30,1617534000,Southampton,Burnley,finished,3.0,2.0
8897195,Premier League,2020,30,1617541500,Newcastle United,Tottenham Hotspur,finished,2.0,2.0
8897171,Premier League,2020,30,1617550200,Aston Villa,Fulham,finished,3.0,1.0
8897164,Premier League,2020,30,1617561000,Manchester United,Brighton & Hove Albion,finished,2.0,1.0
8897189,Premier League,2020,30,1617642000,Everton,Crystal Palace,finished,1.0,1.0
8897148,Premier League,2020,30,1617650100,Wolverhampton,West Ham United,finished,2.0,3.0
8897128,Premier League,2020,31,1617994800,Fulham,Wolverhampton,finished,0.0,1.0
8897120,Premier League,2020,31,1618054200,Manchester City,Leeds United,finished,1.0,2.0
8897154,Premier League,2020,31,1618063200,Liverpool FC,Aston Villa,finished,2.0,1.0
8897172,Premier League,2020,31,1618072200,Crystal Palace,Chelsea,finished,1.0,4.0
8897175,Premier League,2020,31,1618138800,Burnley,Newcastle United,finished,1.0,2.0
8897180,Premier League,2020,31,1618146300,West Ham United,Leicester City,finished,3.0,2.0
8897188,Premier League,2020,31,1618155000,Tottenham Hotspur,Manchester United,finished,1.0,3.0
8897206,Premier League,2020,31,1618164000,Sheffield United,Arsenal,finished,0.0,3.0
8897170,Premier League,2020,31,1618246800,West Bromwich Albion,Southampton,finished,3.0,0.0
8897179,Premier League,2020,31,1618254900,Brighton & Hove Albion,Everton,finished,0.0,0.0
8897119,Premier League,2020,32,1618599600,Everton,Tottenham Hotspur,finished,2.0,2.0
8897127,Premier League,2020,32,1618659000,Newcastle United,West Ham United,finished,3.0,2.0
8897147,Premier League,2020,32,1618668000,Southampton,Crystal Palace,postponed,,
8897113,Premier League,2020,32,1618686900,Wolverhampton,Sheffield United,finished,1.0,0.0
8897211,Premier League,2020,32,1618749000,Arsenal,Fulham,finished,1.0,1.0
8897194,Premier League,2020,32,1618758000,Manchester United,Burnley,finished,3.0,1.0
8897214,Premier League,2020,32,1618858800,Leeds United,Liverpool FC,finished,1.0,1.0
8897187,Premier League,2020,32,1618945200,Chelsea,Brighton & Hove Albion,finished,0.0,0.0
9437903,Premier League,2020,29,1619024400,Tottenham Hotspur,Southampton,finished,2.0,1.0
8897196,Premier League,2020,32,1619032500,Aston Villa,Manchester City,finished,1.0,2.0
8897126,Premier League,2020,32,1619118000,Leicester City,West Bromwich Albion,finished,3.0,0.0
8897132,Premier League,2020,33,1619204400,Arsenal,Everton,finished,0.0,1.0
8897149,Premier League,2020,33,1619263800,Liverpool FC,Newcastle United,finished,1.0,1.0
8897186,Premier League,2020,33,1619281800,West Ham United,Chelsea,finished,0.0,1.0
8897209,Premier League,2020,33,1619290800,Sheffield United,Brighton & Hove Albion,finished,1.0,0.0
8897205,Premier League,2020,33,1619348400,Wolverhampton,Burnley,finished,0.0,4.0
8897213,Premier League,2020,33,1619355600,Leeds United,Manchester United,finished,0.0,0.0
8897183,Premier League,2020,33,1619373600,Aston Villa,West Bromwich Albion,finished,2.0,2.0
8897169,Premier League,2020,33,1619463600,Leicester City,Crystal Palace,finished,2.0,1.0
8897115,Premier League,2020,34,1619809200,Southampton,Leicester City,finished,1.0,1.0
8897139,Premier League,2020,34,1619868600,Crystal Palace,Manchester City,finished,0.0,2.0
8897116,Premier League,2020,34,1619877600,Brighton & Hove Albion,Leeds United,finished,2.0,0.0
8897109,Premier League,2020,34,1619886600,Chelsea,Fulham,finished,2.0,0.0
8897190,Premier League,2020,34,1619895600,Everton,Aston Villa,finished,1.0,2.0
8897166,Premier League,2020,34,1619960400,Newcastle United,Arsenal,finished,0.0,2.0
8897131,Premier League,2020,34,1619969400,Manchester United,Liverpool FC,postponed,,
8897134,Premier League,2020,34,1619979300,Tottenham Hotspur,Sheffield United,finished,4.0,0.0
8897129,Premier League,2020,34,1620061200,West Bromwich Albion,Wolverhampton,finished,1.0,1.0
8897212,Premier League,2020,34,1620069300,Burnley,West Ham United,finished,1.0,2.0
8897123,Premier League,2020,35,1620414000,Leicester City,Newcastle United,finished,2.0,4.0
8897204,Premier League,2020,35,1620473400,Leeds United,Tottenham Hotspur,finished,3.0,1.0
8897112,Premier League,2020,35,1620482400,Sheffield United,Crystal Palace,finished,0.0,2.0
8897219,Premier League,2020,35,1620491400,Manchester City,Chelsea,finished,1.0,2.0
8897193,Premier League,2020,35,1620501300,Liverpool FC,Southampton,finished,2.0,0.0
8897143,Premier League,2020,35,1620558000,Wolverhampton,Brighton & Hove Albion,finished,2.0,1.0
8897208,Premier League,2020,35,1620565500,Aston Villa,Manchester United,finished,1.0,3.0
8897162,Premier League,2020,35,1620574200,West Ham United,Everton,finished,0.0,1.0
8897110,Premier League,2020,35,1620583200,Arsenal,West Bromwich Albion,finished,3.0,1.0
8897103,Premier League,2020,35,1620673200,Fulham,Burnley,finished,0.0,2.0
8897133,Premier League,2020,36,1620752400,Manchester United,Leicester City,finished,1.0,2.0
9502921,Premier League,2020,32,1620760500,Southampton,Crystal Palace,finished,3.0,1.0
8897155,Premier League,2020,36,1620846900,Chelsea,Arsenal,finished,0.0,1.0
9501660,Premier League,2020,19,1620925200,Aston Villa,Everton,finished,0.0,0.0
9507199,Premier League,2020,34,1620933300,Manchester United,Liverpool FC,finished,2.0,4.0
8897157,Premier League,2020,36,1621018800,Newcastle United,Manchester City,finished,3.0,4.0
8897141,Premier League,2020,36,1621078200,Burnley,Leeds United,finished,0.0,4.0
8897156,Premier League,2020,36,1621087200,Southampton,Fulham,finished,3.0,1.0
8897138,Premier League,2020,36,1621105200,Brighton & Hove Albion,West Ham United,finished,1.0,1.0
8897192,Premier League,2020,36,1621162800,Crystal Palace,Aston Villa,finished,3.0,2.0
8897184,Premier League,2020,36,1621170300,Tottenham Hotspur,Wolverhampton,finished,2.0,0.0
8897197,Premier League,2020,36,1621179000,West Bromwich Albion,Liverpool FC,finished,1.0,2.0
8897215,Premier League,2020,36,1621188000,Everton,Sheffield United,finished,0.0,1.0
8897200,Premier League,2020,37,1621357200,Manchester United,Fulham,finished,1.0,1.0
8897160,Premier League,2020,37,1621357200,Southampton,Leeds United,finished,0.0,2.0
8897108,Premier League,2020,37,1621360800,Brighton & Hove Albion,Manchester City,finished,3.0,2.0
8897174,Premier League,2020,37,1621365300,Chelsea,Leicester City,finished,2.0,1.0
8897207,Premier League,2020,37,1621443600,Everton,Wolverhampton,finished,1.0,0.0
8897158,Premier League,2020,37,1621443600,Newcastle United,Sheffield United,finished,1.0,0.0
8897198,Premier League,2020,37,1621443600,Tottenham Hotspur,Aston Villa,finished,1.0,2.0
8897168,Premier League,2020,37,1621447200,Crystal Palace,Arsenal,finished,1.0,3.0
8897152,Premier League,2020,37,1621451700,Burnley,Liverpool FC,finished,0.0,3.0
8897199,Premier League,2020,37,1621451700,West Bromwich Albion,West Ham United,finished,1.0,3.0
8897229,Premier League,2020,38,1621782000,Arsenal,Brighton & Hove Albion,finished,2.0,0.0
8897218,Premier League,2020,38,1621782000,Aston Villa,Chelsea,finished,2.0,1.0
8897221,Premier League,2020,38,1621782000,Fulham,Newcastle United,finished,0.0,2.0
8897220,Premier League,2020,38,1621782000,Leeds United,West Bromwich Albion,finished,3.0,1.0
8897228,Premier League,2020,38,1621782000,Leicester City,Tottenham Hotspur,finished,2.0,4.0
8897227,Premier League,2020,38,1621782000,Liverpool FC,Crystal Palace,finished,2.0,0.0
8897222,Premier League,2020,38,1621782000,Manchester City,Everton,finished,5.0,0.0
8897226,Premier League,2020,38,1621782000,Sheffield United,Burnley,finished,1.0,0.0
8897223,Premier League,2020,38,1621782000,West Ham United,Southampton,finished,3.0,0.0
8897224,Premier League,2020,38,1621782000,Wolverhampton,Manchester United,finished,1.0,2.0
9576151,Premier League,2021,1,1628881200,Brentford,Arsenal,finished,2.0,0.0
9576081,Premier League,2021,1,1628940600,Manchester United,Leeds United,finished,5.0,1.0
9576162,Premier League,2021,1,1628949600,Burnley,Brighton & Hove Albion,finished,1.0,2.0
9576259,Premier League,2021,1,1628949600,Chelsea,Crystal Palace,finished,3.0,0.0
9576149,Premier League,2021,1,1628949600,Everton,Southampton,finished,3.0,1.0
9576403,Premier League,2021,1,1628949600,Leicester City,Wolverhampton,finished,1.0,0.0
9576160,Premier League,2021,1,1628949600,Watford,Aston Villa,finished,3.0,2.0
9576193,Premier League,2021,1,1628958600,Norwich City,Liverpool FC,finished,0.0,3.0
9576414,Premier League,2021,1,1629032400,Newcastle United,West Ham United,finished,2.0,4.0
9576188,Premier League,2021,1,1629041400,Tottenham Hotspur,Manchester City,finished,1.0,0.0
9576069,Premier League,2021,2,1629545400,Liverpool FC,Burnley,finished,2.0,0.0
9576209,Premier League,2021,2,1629554400,Aston Villa,Newcastle United,finished,2.0,0.0
9576143,Premier League,2021,2,1629554400,Crystal Palace,Brentford,finished,0.0,0.0
9576170,Premier League,2021,2,1629554400,Leeds United,Everton,finished,2.0,2.0
9576187,Premier League,2021,2,1629554400,Manchester City,Norwich City,finished,5.0,0.0
9576184,Premier League,2021,2,1629563400,Brighton & Hove Albion,Watford,finished,2.0,0.0
9576076,Premier League,2021,2,1629637200,Southampton,Manchester United,finished,1.0,1.0
9576150,Premier League,2021,2,1629637200,Wolverhampton,Tottenham Hotspur,finished,0.0,1.0
9576412,Premier League,2021,2,1629646200,Arsenal,Chelsea,finished,0.0,2.0
9576389,Premier League,2021,2,1629745200,West Ham United,Leicester City,finished,4.0,1.0
9576260,Premier League,2021,3,1630150200,Manchester City,Arsenal,finished,5.0,0.0
9576152,Premier League,2021,3,1630159200,Aston Villa,Brentford,finished,1.0,1.0
9576147,Premier League,2021,3,1630159200,Brighton & Hove Albion,Everton,finished,0.0,2.0
9576383,Premier League,2021,3,1630159200,Newcastle United,Southampton,finished,2.0,2.0
9576240,Premier League,2021,3,1630159200,Norwich City,Leicester City,finished,1.0,2.0
9576386,Premier League,2021,3,1630159200,West Ham United,Crystal Palace,finished,2.0,2.0
9576148,Premier League,2021,3,1630168200,Liverpool FC,Chelsea,finished,1.0,1.0
9576190,Premier League,2021,3,1630242000,Burnley,Leeds United,finished,1.0,1.0
9576132,Premier League,2021,3,1630242000,Tottenham Hotspur,Watford,finished,1.0,0.0
9576382,Premier League,2021,3,1630251000,Wolverhampton,Manchester United,finished,0.0,1.0
9576085,Premier League,2021,4,1631359800,Crystal Palace,Tottenham Hotspur,finished,3.0,0.0
9576408,Premier League,2021,4,1631368800,Arsenal,Norwich City,finished,1.0,0.0
9576087,Premier League,2021,4,1631368800,Brentford,Brighton & Hove Albion,finished,0.0,1.0
9576165,Premier League,2021,4,1631368800,Leicester City,Manchester City,finished,0.0,1.0
9576135,Premier League,2021,4,1631368800,Manchester United,Newcastle United,finished,4.0,1.0
9576173,Premier League,2021,4,1631368800,Southampton,West Ham United,finished,0.0,0.0
9576166,Premier League,2021,4,1631368800,Watford,Wolverhampton,finished,0.0,2.0
9576168,Premier League,2021,4,1631377800,Chelsea,Aston Villa,finished,3.0,0.0
9576077,Premier League,2021,4,1631460600,Leeds United,Liverpool FC,finished,0.0,3.0
9576114,Premier League,2021,4,1631559600,Everton,Burnley,finished,3.0,1.0
9576075,Premier League,2021,5,1631905200,Newcastle United,Leeds United,finished,1.0,1.0
9576397,Premier League,2021,5,1631964600,Wolverhampton,Brentford,finished,0.0,2.0
9576406,Premier League,2021,5,1631973600,Burnley,Arsenal,finished,0.0,1.0
9576156,Premier League,2021,5,1631973600,Liverpool FC,Crystal Palace,finished,3.0,0.0
9576080,Premier League,2021,5,1631973600,Manchester City,Southampton,finished,0.0,0.0
9576189,Premier League,2021,5,1631973600,Norwich City,Watford,finished,1.0,3.0
9576229,Premier League,2021,5,1631982600,Aston Villa,Everton,finished,3.0,0.0
9576398,Premier League,2021,5,1632056400,Brighton & Hove Albion,Leicester City,finished,2.0,1.0
9576251,Premier League,2021,5,1632056400,West Ham United,Manchester United,finished,1.0,2.0
9576161,Premier League,2021,5,1632065400,Tottenham Hotspur,Chelsea,finished,0.0,3.0
9576243,Premier League,2021,6,1632569400,Chelsea,Manchester City,finished,0.0,1.0
9576159,Premier League,2021,6,1632569400,Manchester United,Aston Villa,finished,0.0,1.0
9576417,Premier League,2021,6,1632578400,Everton,Norwich City,finished,2.0,0.0
9576145,Premier League,2021,6,1632578400,Leeds United,West Ham United,finished,1.0,2.0
9576195,Premier League,2021,6,1632578400,Leicester City,Burnley,finished,2.0,2.0
9576154,Premier League,2021,6,1632578400,Watford,Newcastle United,finished,1.0,1.0
9576163,Premier League,2021,6,1632587400,Brentford,Liverpool FC,finished,3.0,3.0
9576116,Premier League,2021,6,1632661200,Southampton,Wolverhampton,finished,0.0,1.0
9576157,Premier League,2021,6,1632670200,Arsenal,Tottenham Hotspur,finished,3.0,1.0
9576384,Premier League,2021,6,1632769200,Crystal Palace,Brighton & Hove Albion,finished,1.0,1.0
9576409,Premier League,2021,7,1633174200,Manchester United,Everton,finished,1.0,1.0
9576411,Premier League,2021,7,1633183200,Burnley,Norwich City,finished,0.0,0.0
9576127,Premier League,2021,7,1633183200,Chelsea,Southampton,finished,3.0,1.0
9576371,Premier League,2021,7,1633183200,Leeds United,Watford,finished,1.0,0.0
9576478,Premier League,2021,7,1633183200,Wolverhampton,Newcastle United,finished,2.0,1.0
9576124,Premier League,2021,7,1633192200,Brighton & Hove Albion,Arsenal,finished,0.0,0.0
9576219,Premier League,2021,7,1633266000,Crystal Palace,Leicester City,finished,2.0,2.0
9576442,Premier League,2021,7,1633266000,Tottenham Hotspur,Aston Villa,finished,2.0,1.0
9576376,Premier League,2021,7,1633266000,West Ham United,Brentford,finished,1.0,2.0
9576109,Premier League,2021,7,1633275000,Liverpool FC,Manchester City,finished,2.0,2.0
9576185,Premier League,2021,8,1634383800,Watford,Liverpool FC,finished,0.0,5.0
9576394,Premier League,2021,8,1634392800,Aston Villa,Wolverhampton,finished,2.0,3.0
9576368,Premier League,2021,8,1634392800,Leicester City,Manchester United,finished,4.0,2.0
9576230,Premier League,2021,8,1634392800,Manchester City,Burnley,finished,2.0,0.0
9576177,Premier League,2021,8,1634392800,Norwich City,Brighton & Hove Albion,finished,0.0,0.0
9576136,Premier League,2021,8,1634392800,Southampton,Leeds United,finished,1.0,0.0
9576374,Premier League,2021,8,1634401800,Brentford,Chelsea,finished,0.0,1.0
9576391,Premier League,2021,8,1634475600,Everton,West Ham United,finished,0.0,1.0
9576480,Premier League,2021,8,1634484600,Newcastle United,Tottenham Hotspur,finished,2.0,3.0
9576126,Premier League,2021,8,1634583600,Arsenal,Crystal Palace,finished,2.0,2.0
9576120,Premier League,2021,9,1634929200,Arsenal,Aston Villa,finished,3.0,1.0
9576385,Premier League,2021,9,1634988600,Chelsea,Norwich City,finished,7.0,0.0
9576479,Premier League,2021,9,1634997600,Crystal Palace,Newcastle United,finished,1.0,1.0
9576422,Premier League,2021,9,1634997600,Everton,Watford,finished,2.0,5.0
9576121,Premier League,2021,9,1634997600,Leeds United,Wolverhampton,finished,1.0,1.0
9576115,Premier League,2021,9,1634997600,Southampton,Burnley,finished,2.0,2.0
9576113,Premier League,2021,9,1635006600,Brighton & Hove Albion,Manchester City,finished,1.0,4.0
9576373,Premier League,2021,9,1635080400,Brentford,Leicester City,finished,1.0,2.0
9576232,Premier League,2021,9,1635080400,West Ham United,Tottenham Hotspur,finished,1.0,0.0
9576117,Premier League,2021,9,1635089400,Manchester United,Liverpool FC,finished,0.0,5.0
9576470,Premier League,2021,10,1635593400,Leicester City,Arsenal,finished,0.0,2.0
9576098,Premier League,2021,10,1635602400,Burnley,Brentford,finished,3.0,1.0
9576186,Premier League,2021,10,1635602400,Liverpool FC,Brighton & Hove Albion,finished,2.0,2.0
9576423,Premier League,2021,10,1635602400,Manchester City,Crystal Palace,finished,0.0,2.0
9576072,Premier League,2021,10,1635602400,Newcastle United,Chelsea,finished,0.0,3.0
9576183,Premier League,2021,10,1635602400,Watford,Southampton,finished,0.0,1.0
9576169,Premier League,2021,10,1635611400,Tottenham Hotspur,Manchester United,finished,0.0,3.0
9576140,Premier League,2021,10,1635688800,Norwich City,Leeds United,finished,1.0,2.0
9576070,Premier League,2021,10,1635697800,Aston Villa,West Ham United,finished,1.0,4.0
9576134,Premier League,2021,10,1635796800,Wolverhampton,Everton,finished,2.0,1.0
9576130,Premier League,2021,11,1636142400,Southampton,Aston Villa,finished,1.0,0.0
9576129,Premier League,2021,11,1636201800,Manchester United,Manchester City,finished,0.0,2.0
9576216,Premier League,2021,11,1636210800,Brentford,Norwich City,finished,1.0,2.0
9576137,Premier League,2021,11,1636210800,Chelsea,Burnley,finished,1.0,1.0
9576401,Premier League,2021,11,1636210800,Crystal Palace,Wolverhampton,finished,2.0,0.0
9576153,Premier League,2021,11,1636219800,Brighton & Hove Albion,Newcastle United,finished,1.0,1.0
9576180,Premier League,2021,11,1636293600,Arsenal,Watford,finished,1.0,0.0
9576141,Premier League,2021,11,1636293600,Everton,Tottenham Hotspur,finished,0.0,0.0
9576125,Premier League,2021,11,1636293600,Leeds United,Leicester City,finished,1.0,1.0
9576419,Premier League,2021,11,1636302600,West Ham United,Liverpool FC,finished,3.0,2.0
9576217,Premier League,2021,12,1637411400,Leicester City,Chelsea,finished,0.0,3.0
9576068,Premier League,2021,12,1637420400,Aston Villa,Brighton & Hove Albion,finished,2.0,0.0
9576399,Premier League,2021,12,1637420400,Burnley,Crystal Palace,finished,3.0,3.0
9576133,Premier League,2021,12,1637420400,Newcastle United,Brentford,finished,3.0,3.0
9576067,Premier League,2021,12,1637420400,Norwich City,Southampton,finished,2.0,1.0
9576214,Premier League,2021,12,1637420400,Watford,Manchester United,finished,4.0,1.0
9576264,Premier League,2021,12,1637420400,Wolverhampton,West Ham United,finished,1.0,0.0
9576276,Premier League,2021,12,1637429400,Liverpool FC,Arsenal,finished,4.0,0.0
9576142,Premier League,2021,12,1637503200,Manchester City,Everton,finished,3.0,0.0
9576106,Premier League,2021,12,1637512200,Tottenham Hotspur,Leeds United,finished,2.0,1.0
9576128,Premier League,2021,13,1638016200,Arsenal,Newcastle United,finished,2.0,0.0
9576082,Premier League,2021,13,1638025200,Crystal Palace,Aston Villa,finished,1.0,2.0
9576204,Premier League,2021,13,1638025200,Liverpool FC,Southampton,finished,4.0,0.0
9576084,Premier League,2021,13,1638025200,Norwich City,Wolverhampton,finished,0.0,0.0
9576090,Premier League,2021,13,1638034200,Brighton & Hove Albion,Leeds United,finished,0.0,0.0
9576071,Premier League,2021,13,1638108000,Brentford,Everton,finished,1.0,0.0
9576083,Premier League,2021,13,1638108000,Burnley,Tottenham Hotspur,canceled,,
9576167,Premier League,2021,13,1638108000,Leicester City,Watford,finished,4.0,2.0
9576424,Premier League,2021,13,1638108000,Manchester City,West Ham United,finished,2.0,1.0
9576155,Premier League,2021,13,1638117000,Chelsea,Manchester United,finished,1.0,1.0
9576099,Premier League,2021,14,1638300600,Newcastle United,Norwich City,finished,1.0,1.0
9576178,Premier League,2021,14,1638303300,Leeds United,Crystal Palace,finished,1.0,0.0
9576402,Premier League,2021,14,1638387000,Southampton,Leicester City,finished,2.0,2.0
9576088,Premier League,2021,14,1638387000,Watford,Chelsea,finished,1.0,2.0
9576206,Premier League,2021,14,1638387000,West Ham United,Brighton & Hove Albion,finished,1.0,1.0
9576175,Premier League,2021,14,1638387000,Wolverhampton,Burnley,finished,0.0,0.0
9576400,Premier League,2021,14,1638389700,Aston Villa,Manchester City,finished,1.0,2.0
9576367,Premier League,2021,14,1638389700,Everton,Liverpool FC,finished,1.0,4.0
9576207,Premier League,2021,14,1638473400,Tottenham Hotspur,Brentford,finished,2.0,0.0
9576372,Premier League,2021,14,1638476100,Manchester United,Arsenal,finished,3.0,2.0
9576375,Premier League,2021,15,1638621000,West Ham United,Chelsea,finished,3.0,2.0
9576095,Premier League,2021,15,1638630000,Newcastle United,Burnley,finished,1.0,0.0
9576079,Premier League,2021,15,1638630000,Southampton,Brighton & Hove Albion,finished,1.0,1.0
9576369,Premier League,2021,15,1638630000,Wolverhampton,Liverpool FC,finished,0.0,1.0
9576089,Premier League,2021,15,1638639000,Watford,Manchester City,finished,1.0,3.0
9576122,Premier League,2021,15,1638712800,Leeds United,Brentford,finished,2.0,2.0
9576379,Premier League,2021,15,1638712800,Manchester United,Crystal Palace,finished,1.0,0.0
9576255,Premier League,2021,15,1638712800,Tottenham Hotspur,Norwich City,finished,3.0,0.0
9576270,Premier League,2021,15,1638721800,Aston Villa,Leicester City,finished,2.0,1.0
9576078,Premier League,2021,15,1638820800,Everton,Arsenal,finished,2.0,1.0
9576380,Premier League,2021,16,1639166400,Brentford,Watford,finished,2.0,1.0
9576111,Premier League,2021,16,1639225800,Manchester City,Wolverhampton,finished,1.0,0.0
9576086,Premier League,2021,16,1639234800,Arsenal,Southampton,finished,3.0,0.0
9576139,Premier League,2021,16,1639234800,Chelsea,Leeds United,finished,3.0,2.0
9576107,Premier League,2021,16,1639234800,Liverpool FC,Aston Villa,finished,1.0,0.0
9576179,Premier League,2021,16,1639243800,Norwich City,Manchester United,finished,0.0,1.0
9576176,Premier League,2021,16,1639317600,Brighton & Hove Albion,Tottenham Hotspur,canceled,,
9576203,Premier League,2021,16,1639317600,Burnley,West Ham United,finished,0.0,0.0
9576469,Premier League,2021,16,1639317600,Leicester City,Newcastle United,finished,4.0,0.0
9576405,Premier League,2021,16,1639326600,Crystal Palace,Everton,finished,3.0,1.0
9576247,Premier League,2021,17,1639510200,Brentford,Manchester United,canceled,,
9576413,Premier League,2021,17,1639511100,Norwich City,Aston Villa,finished,0.0,2.0
9576407,Premier League,2021,17,1639512000,Manchester City,Leeds United,finished,7.0,0.0
9576104,Premier League,2021,17,1639596600,Brighton & Hove Albion,Wolverhampton,finished,0.0,1.0
9576108,Premier League,2021,17,1639596600,Burnley,Watford,canceled,,
9576105,Premier League,2021,17,1639596600,Crystal Palace,Southampton,finished,2.0,2.0
9576377,Premier League,2021,17,1639598400,Arsenal,West Ham United,finished,2.0,0.0
9576110,Premier League,2021,17,1639683000,Leicester City,Tottenham Hotspur,canceled,,
9576237,Premier League,2021,17,1639683900,Chelsea,Everton,finished,1.0,1.0
9576393,Premier League,2021,17,1639684800,Liverpool FC,Newcastle United,finished,3.0,1.0
9576410,Premier League,2021,18,1639830600,Manchester United,Brighton & Hove Albion,canceled,,
9576091,Premier League,2021,18,1639839600,Aston Villa,Burnley,canceled,,
9576097,Premier League,2021,18,1639839600,Southampton,Brentford,canceled,,
9576158,Premier League,2021,18,1639839600,Watford,Crystal Palace,canceled,,
9576094,Premier League,2021,18,1639839600,West Ham United,Norwich City,canceled,,
9576378,Premier League,2021,18,1639848600,Leeds United,Arsenal,finished,1.0,4.0
9576181,Premier League,2021,18,1639915200,Everton,Leicester City,canceled,,
9576096,Premier League,2021,18,1639922400,Newcastle United,Manchester City,finished,0.0,4.0
9576254,Premier League,2021,18,1639922400,Wolverhampton,Chelsea,finished,0.0,0.0
9576093,Premier League,2021,18,1639931400,Tottenham Hotspur,Liverpool FC,finished,2.0,2.0
9576146,Premier League,2021,19,1640521800,Liverpool FC,Leeds United,canceled,,
9576172,Premier League,2021,19,1640521800,Wolverhampton,Watford,canceled,,
9576370,Premier League,2021,19,1640530800,Burnley,Everton,canceled,,
9576366,Premier League,2021,19,1640530800,Manchester City,Leicester City,finished,6.0,3.0
9576286,Premier League,2021,19,1640530800,Norwich City,Arsenal,finished,0.0,5.0
9576387,Premier League,2021,19,1640530800,Tottenham Hotspur,Crystal Palace,finished,3.0,0.0
9576092,Premier League,2021,19,1640530800,West Ham United,Southampton,finished,2.0,3.0
9576381,Premier League,2021,19,1640539800,Aston Villa,Chelsea,finished,1.0,3.0
9576390,Premier League,2021,19,1640548800,Brighton & Hove Albion,Brentford,finished,2.0,0.0
9576182,Premier League,2021,19,1640635200,Newcastle United,Manchester United,finished,1.0,1.0
9576118,Premier League,2021,20,1640694600,Arsenal,Wolverhampton,canceled,,
9576221,Premier League,2021,20,1640703600,Crystal Palace,Norwich City,finished,3.0,0.0
9576191,Premier League,2021,20,1640703600,Southampton,Tottenham Hotspur,finished,1.0,1.0
9576225,Premier League,2021,20,1640703600,Watford,West Ham United,finished,1.0,4.0
9576196,Premier League,2021,20,1640712600,Leeds United,Aston Villa,canceled,,
9576144,Premier League,2021,20,1640721600,Leicester City,Liverpool FC,finished,1.0,0.0
9576395,Premier League,2021,20,1640806200,Chelsea,Brighton & Hove Albion,finished,1.0,1.0
9576192,Premier League,2021,20,1640808900,Brentford,Manchester City,finished,0.0,1.0
9576194,Premier League,2021,20,1640892600,Everton,Newcastle United,canceled,,
9576112,Premier League,2021,20,1640895300,Manchester United,Burnley,finished,3.0,1.0
9576271,Premier League,2021,21,1641040200,Arsenal,Manchester City,finished,1.0,2.0
9576416,Premier League,2021,21,1641049200,Leicester City,Norwich City,canceled,,
9576171,Premier League,2021,21,1641049200,Watford,Tottenham Hotspur,finished,0.0,1.0
9576415,Premier League,2021,21,1641058200,Crystal Palace,West Ham United,finished,2.0,3.0
9576103,Premier League,2021,21,1641132000,Brentford,Aston Villa,finished,2.0,1.0
9576446,Premier League,2021,21,1641132000,Everton,Brighton & Hove Albion,finished,2.0,3.0
9576174,Premier League,2021,21,1641132000,Leeds United,Burnley,finished,3.0,1.0
9576396,Premier League,2021,21,1641132000,Southampton,Newcastle United,canceled,,
9576392,Premier League,2021,21,1641141000,Chelsea,Liverpool FC,finished,2.0,2.0
9576123,Premier League,2021,21,1641231000,Manchester United,Wolverhampton,finished,0.0,1.0
10045752,Premier League,2021,18,1641930300,Southampton,Brentford,finished,4.0,1.0
10045753,Premier League,2021,18,1641931200,Everton,Leicester City,canceled,,
10045754,Premier League,2021,18,1642016700,West Ham United,Norwich City,finished,2.0,0.0
9576268,Premier League,2021,22,1642190400,Brighton & Hove Albion,Crystal Palace,finished,1.0,1.0
9576278,Premier League,2021,22,1642249800,Manchester City,Chelsea,finished,1.0,0.0
9576427,Premier League,2021,22,1642258800,Burnley,Leicester City,canceled,,
9576349,Premier League,2021,22,1642258800,Newcastle United,Watford,finished,1.0,1.0
9576350,Premier League,2021,22,1642258800,Norwich City,Everton,finished,2.0,1.0
9576316,Premier League,2021,22,1642258800,Wolverhampton,Southampton,finished,3.0,1.0
9576274,Premier League,2021,22,1642267800,Aston Villa,Manchester United,finished,2.0,2.0
9576342,Premier League,2021,22,1642341600,Liverpool FC,Brentford,finished,3.0,0.0
9576361,Premier League,2021,22,1642341600,West Ham United,Leeds United,finished,2.0,3.0
9576450,Premier League,2021,22,1642350600,Tottenham Hotspur,Arsenal,canceled,,
10054000,Premier League,2021,17,1642534200,Burnley,Watford,canceled,,
9576438,Premier League,2021,24,1642536000,Brighton & Hove Albion,Chelsea,finished,1.0,1.0
10065225,Premier League,2021,17,1642620600,Leicester City,Tottenham Hotspur,finished,2.0,3.0
10054009,Premier League,2021,17,1642622400,Brentford,Manchester United,finished,1.0,3.0
9576363,Premier League,2021,23,1642795200,Watford,Norwich City,finished,0.0,3.0
9576324,Premier League,2021,23,1642854600,Everton,Aston Villa,finished,0.0,1.0
9576451,Premier League,2021,23,1642863600,Brentford,Wolverhampton,finished,1.0,2.0
9576440,Premier League,2021,23,1642863600,Leeds United,Newcastle United,finished,0.0,1.0
9576333,Premier League,2021,23,1642863600,Manchester United,West Ham United,finished,1.0,0.0
9576439,Premier League,2021,23,1642872600,Southampton,Manchester City,finished,1.0,1.0
9576297,Premier League,2021,23,1642946400,Arsenal,Burnley,finished,0.0,0.0
9576332,Premier League,2021,23,1642946400,Crystal Palace,Liverpool FC,finished,1.0,3.0
9576339,Premier League,2021,23,1642946400,Leicester City,Brighton & Hove Albion,finished,1.0,1.0
9576334,Premier League,2021,23,1642955400,Chelsea,Tottenham Hotspur,finished,2.0,0.0
10085333,Premier League,2021,17,1644084000,Burnley,Watford,finished,0.0,0.0
9576323,Premier League,2021,24,1644349500,Newcastle United,Everton,finished,3.0,1.0
9576351,Premier League,2021,24,1644349500,West Ham United,Watford,finished,1.0,0.0
9576359,Premier League,2021,24,1644350400,Burnley,Manchester United,finished,1.0,1.0
9576326,Premier League,2021,24,1644435900,Manchester City,Brentford,finished,2.0,0.0
9576345,Premier League,2021,24,1644435900,Norwich City,Crystal Palace,finished,1.0,1.0
9576317,Premier League,2021,24,1644435900,Tottenham Hotspur,Southampton,finished,2.0,3.0
9576341,Premier League,2021,24,1644436800,Aston Villa,Leeds United,finished,3.0,3.0
9576289,Premier League,2021,24,1644522300,Liverpool FC,Leicester City,finished,2.0,0.0
9576290,Premier League,2021,24,1644522300,Wolverhampton,Arsenal,finished,0.0,1.0
9576432,Premier League,2021,25,1644669000,Manchester United,Southampton,finished,1.0,1.0
9576314,Premier League,2021,25,1644678000,Brentford,Crystal Palace,finished,0.0,0.0
9576329,Premier League,2021,25,1644678000,Chelsea,Arsenal,canceled,,
9576319,Premier League,2021,25,1644678000,Everton,Leeds United,finished,3.0,0.0
9576449,Premier League,2021,25,1644678000,Watford,Brighton & Hove Albion,finished,0.0,2.0
9576309,Premier League,2021,25,1644687000,Norwich City,Manchester City,finished,0.0,4.0
9576300,Premier League,2021,25,1644760800,Burnley,Liverpool FC,finished,0.0,1.0
9576463,Premier League,2021,25,1644760800,Newcastle United,Aston Villa,finished,1.0,0.0
9576295,Premier League,2021,25,1644760800,Tottenham Hotspur,Wolverhampton,finished,0.0,2.0
9576305,Premier League,2021,25,1644769800,Leicester City,West Ham United,finished,2.0,2.0
10098608,Premier League,2021,18,1644956100,Manchester United,Brighton & Hove Albion,finished,2.0,0.0
9576222,Premier League,2021,26,1645273800,West Ham United,Newcastle United,finished,1.0,1.0
9576227,Premier League,2021,26,1645282800,Arsenal,Brentford,finished,2.0,1.0
9576420,Premier League,2021,26,1645282800,Aston Villa,Watford,finished,0.0,1.0
9576210,Premier League,2021,26,1645282800,Brighton & Hove Albion,Burnley,finished,0.0,3.0
9576211,Premier League,2021,26,1645282800,Crystal Palace,Chelsea,finished,0.0,1.0
9576421,Premier League,2021,26,1645282800,Liverpool FC,Norwich City,finished,3.0,1.0
9576226,Premier League,2021,26,1645282800,Southampton,Everton,finished,2.0,0.0
9576459,Premier League,2021,26,1645291800,Manchester City,Tottenham Hotspur,finished,2.0,3.0
9576301,Premier League,2021,26,1645365600,Leeds United,Manchester United,finished,2.0,4.0
9576223,Premier League,2021,26,1645374600,Wolverhampton,Leicester City,finished,2.0,1.0
10114687,Premier League,2021,13,1645644600,Burnley,Tottenham Hotspur,finished,1.0,0.0
10114688,Premier League,2021,18,1645644600,Watford,Crystal Palace,finished,1.0,4.0
10114693,Premier League,2021,19,1645645500,Liverpool FC,Leeds United,finished,6.0,0.0
10114694,Premier League,2021,20,1645731900,Arsenal,Wolverhampton,finished,2.0,1.0
9576208,Premier League,2021,27,1645819200,Southampton,Norwich City,finished,2.0,0.0
9576445,Premier League,2021,27,1645878600,Leeds United,Tottenham Hotspur,finished,0.0,4.0
9576224,Premier League,2021,27,1645887600,Arsenal,Liverpool FC,canceled,,
9576307,Premier League,2021,27,1645887600,Brentford,Newcastle United,finished,0.0,2.0
9576228,Premier League,2021,27,1645887600,Crystal Palace,Burnley,finished,1.0,1.0
9576199,Premier League,2021,27,1645887600,Manchester United,Watford,finished,0.0,0.0
9576460,Premier League,2021,27,1645889400,Brighton & Hove Albion,Aston Villa,finished,0.0,2.0
9576231,Premier League,2021,27,1645896600,Everton,Manchester City,finished,0.0,1.0
9576233,Premier League,2021,27,1645970400,Chelsea,Leicester City,canceled,,
9576201,Premier League,2021,27,1645970400,West Ham United,Wolverhampton,finished,1.0,0.0
10131311,Premier League,2021,22,1646163900,Burnley,Leicester City,finished,0.0,2.0
9576287,Premier League,2021,28,1646483400,Leicester City,Leeds United,finished,1.0,0.0
9576200,Premier League,2021,28,1646492400,Aston Villa,Southampton,finished,4.0,0.0
9576418,Premier League,2021,28,1646492400,Burnley,Chelsea,finished,0.0,4.0
9576213,Premier League,2021,28,1646492400,Newcastle United,Brighton & Hove Albion,finished,2.0,1.0
9576202,Premier League,2021,28,1646492400,Norwich City,Brentford,finished,1.0,3.0
9576288,Premier League,2021,28,1646492400,Wolverhampton,Crystal Palace,finished,0.0,2.0
9576292,Premier League,2021,28,1646501400,Liverpool FC,West Ham United,finished,1.0,0.0
9576302,Premier League,2021,28,1646575200,Watford,Arsenal,finished,2.0,3.0
9576215,Premier League,2021,28,1646584200,Manchester City,Manchester United,finished,4.0,1.0
9576205,Premier League,2021,28,1646683200,Tottenham Hotspur,Everton,finished,5.0,0.0
10144893,Premier League,2021,19,1646940600,Wolverhampton,Watford,finished,4.0,0.0
10144889,Premier League,2021,21,1646940600,Southampton,Newcastle United,finished,1.0,2.0
9576461,Premier League,2021,30,1646940600,Norwich City,Chelsea,finished,1.0,3.0
10144887,Premier League,2021,20,1646941500,Leeds United,Aston Villa,finished,0.0,3.0
9576337,Premier League,2021,29,1647088200,Brighton & Hove Albion,Liverpool FC,finished,0.0,2.0
9576448,Premier League,2021,29,1647097200,Brentford,Burnley,finished,2.0,0.0
9576426,Premier League,2021,29,1647106200,Manchester United,Tottenham Hotspur,finished,3.0,2.0
9576253,Premier League,2021,29,1647180000,Chelsea,Newcastle United,finished,1.0,0.0
9576252,Premier League,2021,29,1647180000,Everton,Wolverhampton,finished,0.0,1.0
9576249,Premier League,2021,29,1647180000,Leeds United,Norwich City,finished,2.0,1.0
9576325,Premier League,2021,29,1647180000,Southampton,Watford,finished,1.0,2.0
9576444,Premier League,2021,29,1647180000,West Ham United,Aston Villa,finished,2.0,1.0
9576212,Premier League,2021,29,1647189000,Arsenal,Leicester City,finished,2.0,0.0
9576250,Premier League,2021,29,1647288000,Crystal Palace,Manchester City,finished,0.0,0.0
10144879,Premier League,2021,16,1647459000,Brighton & Hove Albion,Tottenham Hotspur,finished,0.0,2.0
10144875,Premier League,2021,27,1647461700,Arsenal,Liverpool FC,finished,0.0,2.0
10144888,Premier League,2021,20,1647546300,Everton,Newcastle United,finished,1.0,0.0
9576425,Premier League,2021,30,1647633600,Wolverhampton,Leeds United,finished,2.0,3.0
9576261,Premier League,2021,30,1647648000,Burnley,Southampton,canceled,,
9576328,Premier League,2021,30,1647648000,Manchester City,Brighton & Hove Albion,canceled,,
9576257,Premier League,2021,30,1647693000,Aston Villa,Arsenal,finished,0.0,1.0
9576246,Premier League,2021,30,1647734400,Liverpool FC,Manchester United,canceled,,
9576256,Premier League,2021,30,1647734400,Newcastle United,Crystal Palace,canceled,,
9576248,Premier League,2021,30,1647784800,Leicester City,Brentford,finished,2.0,1.0
9576235,Premier League,2021,30,1647784800,Watford,Everton,canceled,,
9576338,Premier League,2021,30,1647793800,Tottenham Hotspur,West Ham United,finished,3.0,1.0
9576236,Premier League,2021,31,1648899000,Liverpool FC,Watford,finished,2.0,0.0
9576320,Premier League,2021,31,1648908000,Brighton & Hove Albion,Norwich City,finished,0.0,0.0
9576306,Premier League,2021,31,1648908000,Burnley,Manchester City,finished,0.0,2.0
9576238,Premier League,2021,31,1648908000,Chelsea,Brentford,finished,1.0,4.0
9576234,Premier League,2021,31,1648908000,Leeds United,Southampton,finished,1.0,1.0
9576447,Premier League,2021,31,1648908000,Wolverhampton,Aston Villa,finished,2.0,1.0
9576327,Premier League,2021,31,1648917000,Manchester United,Leicester City,finished,1.0,1.0
9576239,Premier League,2021,31,1648990800,West Ham United,Everton,finished,2.0,1.0
9576315,Premier League,2021,31,1648999800,Tottenham Hotspur,Newcastle United,finished,5.0,1.0
9576241,Premier League,2021,31,1649098800,Crystal Palace,Arsenal,finished,3.0,0.0
10196719,Premier League,2021,19,1649269800,Burnley,Everton,finished,3.0,2.0
9576280,Premier League,2021,32,1649444400,Newcastle United,Wolverhampton,finished,1.0,0.0
9576242,Premier League,2021,32,1649503800,Everton,Manchester United,finished,1.0,0.0
9576245,Premier League,2021,32,1649512800,Arsenal,Brighton & Hove Albion,finished,1.0,2.0
9576284,Premier League,2021,32,1649512800,Southampton,Chelsea,finished,0.0,6.0
9576285,Premier League,2021,32,1649512800,Watford,Leeds United,finished,0.0,3.0
9576431,Premier League,2021,32,1649521800,Aston Villa,Tottenham Hotspur,finished,0.0,4.0
9576244,Premier League,2021,32,1649595600,Brentford,West Ham United,finished,2.0,0.0
9576452,Premier League,2021,32,1649595600,Leicester City,Crystal Palace,finished,2.0,1.0
9576281,Premier League,2021,32,1649595600,Norwich City,Burnley,finished,2.0,0.0
9576282,Premier League,2021,32,1649604600,Manchester City,Liverpool FC,finished,2.0,2.0
9576304,Premier League,2021,33,1650108600,Tottenham Hotspur,Brighton & Hove Albion,finished,0.0,1.0
9576346,Premier League,2021,33,1650117600,Everton,Crystal Palace,postponed,,
9576291,Premier League,2021,33,1650117600,Manchester United,Norwich City,finished,3.0,2.0
9576435,Premier League,2021,33,1650117600,Southampton,Arsenal,finished,1.0,0.0
9576296,Premier League,2021,33,1650117600,Watford,Brentford,finished,1.0,2.0
9576347,Premier League,2021,33,1650126600,Aston Villa,Liverpool FC,postponed,,
9576294,Premier League,2021,33,1650193200,Leeds United,Chelsea,postponed,,
9576279,Premier League,2021,33,1650201300,Newcastle United,Leicester City,finished,2.0,1.0
9576303,Premier League,2021,33,1650201300,West Ham United,Burnley,finished,1.0,1.0
9576348,Premier League,2021,33,1650209400,Wolverhampton,Manchester City,postponed,,
10196718,Premier League,2021,30,1650394800,Liverpool FC,Manchester United,finished,4.0,0.0
10196711,Premier League,2021,18,1650480300,Everton,Leicester City,finished,1.0,1.0
10196712,Premier League,2021,25,1650480300,Chelsea,Arsenal,finished,2.0,4.0
10196717,Premier League,2021,30,1650480300,Newcastle United,Crystal Palace,finished,1.0,0.0
10196714,Premier League,2021,30,1650481200,Manchester City,Brighton & Hove Albion,finished,3.0,0.0
10196713,Premier League,2021,30,1650566700,Burnley,Southampton,finished,2.0,0.0
9576258,Premier League,2021,34,1650713400,Arsenal,Manchester United,finished,3.0,1.0
9576267,Premier League,2021,34,1650722400,Leicester City,Aston Villa,finished,0.0,0.0
9576277,Premier League,2021,34,1650722400,Manchester City,Watford,finished,5.0,1.0
9576273,Premier League,2021,34,1650722400,Norwich City,Newcastle United,finished,0.0,3.0
9576263,Premier League,2021,34,1650731400,Brentford,Tottenham Hotspur,finished,0.0,0.0
9576428,Premier League,2021,34,1650805200,Brighton & Hove Albion,Southampton,finished,2.0,2.0
9576262,Premier League,2021,34,1650805200,Burnley,Wolverhampton,finished,1.0,0.0
9576443,Premier League,2021,34,1650805200,Chelsea,West Ham United,finished,1.0,0.0
9576266,Premier League,2021,34,1650814200,Liverpool FC,Everton,finished,2.0,0.0
9576265,Premier League,2021,34,1650913200,Crystal Palace,Leeds United,finished,0.0,0.0
9576293,Premier League,2021,37,1651171500,Manchester United,Chelsea,finished,1.0,1.0
9576434,Premier League,2021,35,1651318200,Newcastle United,Liverpool FC,finished,0.0,1.0
9576269,Premier League,2021,35,1651327200,Aston Villa,Norwich City,finished,2.0,0.0
9576275,Premier League,2021,35,1651327200,Southampton,Crystal Palace,finished,1.0,2.0
9576358,Premier League,2021,35,1651327200,Watford,Burnley,finished,1.0,2.0
9576318,Premier League,2021,35,1651327200,Wolverhampton,Brighton & Hove Albion,finished,0.0,3.0
9576272,Premier League,2021,35,1651336200,Leeds United,Manchester City,finished,0.0,4.0
9576335,Premier League,2021,35,1651410000,Everton,Chelsea,finished,1.0,0.0
9576360,Premier League,2021,35,1651410000,Tottenham Hotspur,Leicester City,finished,3.0,1.0
9576429,Premier League,2021,35,1651419000,West Ham United,Arsenal,finished,1.0,2.0
9576283,Premier League,2021,35,1651518000,Manchester United,Brentford,finished,3.0,0.0
9576330,Premier League,2021,36,1651932000,Brentford,Southampton,finished,3.0,0.0
9576321,Premier League,2021,36,1651932000,Burnley,Aston Villa,finished,1.0,3.0
9576343,Premier League,2021,36,1651932000,Chelsea,Wolverhampton,finished,2.0,2.0
9576336,Premier League,2021,36,1651932000,Crystal Palace,Watford,finished,1.0,0.0
9576322,Premier League,2021,36,1651941000,Brighton & Hove Albion,Manchester United,finished,4.0,0.0
9576357,Premier League,2021,36,1651949100,Liverpool FC,Tottenham Hotspur,finished,1.0,1.0
9576454,Premier League,2021,36,1652014800,Arsenal,Leeds United,finished,2.0,1.0
9576331,Premier League,2021,36,1652014800,Leicester City,Everton,finished,1.0,2.0
9576344,Premier League,2021,36,1652014800,Norwich City,West Ham United,finished,0.0,4.0
9576340,Premier League,2021,36,1652023800,Manchester City,Newcastle United,finished,5.0,0.0
10236821,Premier League,2021,33,1652209200,Aston Villa,Liverpool FC,finished,1.0,2.0
10236820,Premier League,2021,33,1652293800,Leeds United,Chelsea,finished,0.0,3.0
10236824,Premier League,2021,21,1652294700,Leicester City,Norwich City,finished,3.0,0.0
10236818,Premier League,2021,30,1652294700,Watford,Everton,finished,0.0,0.0
10277713,Premier League,2021,33,1652296500,Wolverhampton,Manchester City,finished,1.0,5.0
10236815,Premier League,2021,22,1652381100,Tottenham Hotspur,Arsenal,finished,3.0,0.0
9576298,Premier League,2021,37,1652612400,Tottenham Hotspur,Burnley,finished,1.0,0.0
9576362,Premier League,2021,37,1652619600,Aston Villa,Crystal Palace,finished,1.0,1.0
9576453,Premier League,2021,37,1652619600,Leeds United,Brighton & Hove Albion,finished,1.0,1.0
9576433,Premier League,2021,37,1652619600,Watford,Leicester City,finished,1.0,5.0
9576310,Premier League,2021,37,1652619600,West Ham United,Manchester City,finished,2.0,2.0
9576462,Premier League,2021,37,1652619600,Wolverhampton,Norwich City,finished,1.0,1.0
9576464,Premier League,2021,37,1652628600,Everton,Brentford,finished,2.0,3.0
9576356,Premier League,2021,37,1652727600,Newcastle United,Arsenal,finished,2.0,0.0
9576430,Premier League,2021,37,1652813100,Southampton,Liverpool FC,finished,1.0,2.0
10236819,Premier League,2021,33,1652985900,Everton,Crystal Palace,finished,3.0,2.0
10236823,Premier League,2021,18,1652986800,Aston Villa,Burnley,finished,1.0,1.0
10236816,Premier League,2021,27,1652986800,Chelsea,Leicester City,finished,1.0,1.0
9576311,Premier League,2021,38,1653231600,Arsenal,Everton,finished,5.0,1.0
9576312,Premier League,2021,38,1653231600,Brentford,Leeds United,finished,1.0,2.0
9576354,Premier League,2021,38,1653231600,Brighton & Hove Albion,West Ham United,finished,3.0,1.0
9576353,Premier League,2021,38,1653231600,Burnley,Newcastle United,finished,1.0,2.0
9576308,Premier League,2021,38,1653231600,Chelsea,Watford,finished,2.0,1.0
9576352,Premier League,2021,38,1653231600,Crystal Palace,Manchester United,finished,1.0,0.0
9576355,Premier League,2021,38,1653231600,Leicester City,Southampton,finished,4.0,1.0
9576299,Premier League,2021,38,1653231600,Liverpool FC,Wolverhampton,finished,3.0,1.0
9576220,Premier League,2021,38,1653231600,Manchester City,Aston Villa,finished,3.0,2.0
9576218,Premier League,2021,38,1653231600,Norwich City,Tottenham Hotspur,finished,0.0,5.0
10385741,Premier League,2022,1,1659726000,Crystal Palace,Arsenal,finished,0.0,2.0
10385502,Premier League,2022,1,1659785400,Fulham,Liverpool FC,finished,2.0,2.0
10385483,Premier League,2022,1,1659794400,Bournemouth,Aston Villa,finished,2.0,0.0
10385501,Premier League,2022,1,1659794400,Leeds United,Wolverhampton,finished,2.0,1.0
10385498,Premier League,2022,1,1659794400,Newcastle United,Nottingham Forest,finished,2.0,0.0
10385518,Premier League,2022,1,1659794400,Tottenham Hotspur,Southampton,finished,4.0,1.0
10385509,Premier League,2022,1,1659803400,Everton,Chelsea,finished,0.0,1.0
10385491,Premier League,2022,1,1659877200,Leicester City,Brentford,finished,2.0,2.0
10385511,Premier League,2022,1,1659877200,Manchester United,Brighton & Hove Albion,finished,1.0,2.0
10385514,Premier League,2022,1,1659886200,West Ham United,Manchester City,finished,0.0,2.0
10385503,Premier League,2022,2,1660390200,Aston Villa,Everton,finished,2.0,1.0
10385500,Premier League,2022,2,1660399200,Arsenal,Leicester City,finished,4.0,2.0
10385743,Premier League,2022,2,1660399200,Brighton & Hove Albion,Newcastle United,finished,0.0,0.0
10385530,Premier League,2022,2,1660399200,Manchester City,Bournemouth,finished,4.0,0.0
10385737,Premier League,2022,2,1660399200,Southampton,Leeds United,finished,2.0,2.0
10385527,Premier League,2022,2,1660399200,Wolverhampton,Fulham,finished,0.0,0.0
10385510,Premier League,2022,2,1660408200,Brentford,Manchester United,finished,4.0,0.0
10385528,Premier League,2022,2,1660482000,Nottingham Forest,West Ham United,finished,1.0,0.0
10385525,Premier League,2022,2,1660491000,Chelsea,Tottenham Hotspur,finished,2.0,2.0
10385740,Premier League,2022,2,1660590000,Liverpool FC,Crystal Palace,finished,1.0,1.0
10385739,Premier League,2022,3,1660995000,Tottenham Hotspur,Wolverhampton,finished,1.0,0.0
10385520,Premier League,2022,3,1661004000,Crystal Palace,Aston Villa,finished,3.0,1.0
10385537,Premier League,2022,3,1661004000,Everton,Nottingham Forest,finished,1.0,1.0
10385539,Premier League,2022,3,1661004000,Fulham,Brentford,finished,3.0,2.0
10385738,Premier League,2022,3,1661004000,Leicester City,Southampton,finished,1.0,2.0
10385519,Premier League,2022,3,1661013000,Bournemouth,Arsenal,finished,0.0,3.0
10385543,Premier League,2022,3,1661086800,Leeds United,Chelsea,finished,3.0,0.0
10385538,Premier League,2022,3,1661086800,West Ham United,Brighton & Hove Albion,finished,0.0,2.0
10385532,Premier League,2022,3,1661095800,Newcastle United,Manchester City,finished,3.0,3.0
10385531,Premier League,2022,3,1661194800,Manchester United,Liverpool FC,finished,2.0,1.0
10385567,Premier League,2022,4,1661599800,Southampton,Manchester United,finished,0.0,1.0
10385556,Premier League,2022,4,1661608800,Brentford,Everton,finished,1.0,1.0
10385557,Premier League,2022,4,1661608800,Brighton & Hove Albion,Leeds United,finished,1.0,0.0
10385552,Premier League,2022,4,1661608800,Chelsea,Leicester City,finished,2.0,1.0
10385547,Premier League,2022,4,1661608800,Liverpool FC,Bournemouth,finished,9.0,0.0
10385554,Premier League,2022,4,1661608800,Manchester City,Crystal Palace,finished,4.0,2.0
10385742,Premier League,2022,4,1661617800,Arsenal,Fulham,finished,2.0,1.0
10385563,Premier League,2022,4,1661691600,Aston Villa,West Ham United,finished,0.0,1.0
10385568,Premier League,2022,4,1661691600,Wolverhampton,Newcastle United,finished,1.0,1.0
10385551,Premier League,2022,4,1661700600,Nottingham Forest,Tottenham Hotspur,finished,0.0,2.0
10385588,Premier League,2022,5,1661884200,Crystal Palace,Brentford,finished,1.0,1.0
10385559,Premier League,2022,5,1661884200,Fulham,Brighton & Hove Albion,finished,2.0,1.0
10385585,Premier League,2022,5,1661885100,Southampton,Chelsea,finished,2.0,1.0
10385758,Premier League,2022,5,1661886000,Leeds United,Everton,finished,1.0,1.0
10385574,Premier League,2022,5,1661970600,Arsenal,Aston Villa,finished,2.0,1.0
10385759,Premier League,2022,5,1661970600,Bournemouth,Wolverhampton,finished,0.0,0.0
10385590,Premier League,2022,5,1661970600,Manchester City,Nottingham Forest,finished,6.0,0.0
10385564,Premier League,2022,5,1661971500,West Ham United,Tottenham Hotspur,finished,1.0,1.0
10385582,Premier League,2022,5,1661972400,Liverpool FC,Newcastle United,finished,2.0,1.0
10385573,Premier League,2022,5,1662058800,Leicester City,Manchester United,finished,0.0,1.0
10385599,Premier League,2022,6,1662204600,Everton,Liverpool FC,finished,0.0,0.0
10385577,Premier League,2022,6,1662213600,Brentford,Leeds United,finished,5.0,2.0
10385757,Premier League,2022,6,1662213600,Chelsea,West Ham United,finished,2.0,1.0
10385608,Premier League,2022,6,1662213600,Newcastle United,Crystal Palace,finished,0.0,0.0
10385600,Premier League,2022,6,1662213600,Nottingham Forest,Bournemouth,finished,2.0,3.0
10385744,Premier League,2022,6,1662213600,Tottenham Hotspur,Fulham,finished,2.0,1.0
10385595,Premier League,2022,6,1662213600,Wolverhampton,Southampton,finished,1.0,0.0
10385569,Premier League,2022,6,1662222600,Aston Villa,Manchester City,finished,1.0,1.0
10385576,Premier League,2022,6,1662296400,Brighton & Hove Albion,Leicester City,finished,5.0,2.0
10385750,Premier League,2022,6,1662305400,Manchester United,Arsenal,finished,3.0,1.0
10385609,Premier League,2022,7,1662809400,Fulham,Chelsea,postponed,,
10385591,Premier League,2022,7,1662818400,Bournemouth,Brighton & Hove Albion,postponed,,
10385746,Premier League,2022,7,1662818400,Leicester City,Aston Villa,postponed,,
10385605,Premier League,2022,7,1662818400,Liverpool FC,Wolverhampton,postponed,,
10385747,Premier League,2022,7,1662818400,Southampton,Brentford,postponed,,
10385603,Premier League,2022,7,1662827400,Manchester City,Tottenham Hotspur,postponed,,
10385598,Premier League,2022,7,1662901200,Arsenal,Everton,postponed,,
10385618,Premier League,2022,7,1662901200,West Ham United,Newcastle United,postponed,,
10385611,Premier League,2022,7,1662910200,Crystal Palace,Manchester United,postponed,,
10385614,Premier League,2022,7,1663009200,Leeds United,Nottingham Forest,postponed,,
10385745,Premier League,2022,8,1663354800,Aston Villa,Southampton,finished,1.0,0.0
10385627,Premier League,2022,8,1663354800,Nottingham Forest,Fulham,finished,2.0,3.0
10385639,Premier League,2022,8,1663414200,Wolverhampton,Manchester City,finished,0.0,3.0
10385626,Premier League,2022,8,1663423200,Brighton & Hove Albion,Crystal Palace,postponed,,
10385624,Premier League,2022,8,1663423200,Newcastle United,Bournemouth,finished,1.0,1.0
10385641,Premier League,2022,8,1663432200,Tottenham Hotspur,Leicester City,finished,6.0,2.0
10385635,Premier League,2022,8,1663498800,Brentford,Arsenal,finished,0.0,3.0
10385615,Premier League,2022,8,1663506000,Manchester United,Leeds United,postponed,,
10385623,Premier League,2022,8,1663506900,Everton,West Ham United,finished,1.0,0.0
10385634,Premier League,2022,8,1663515000,Chelsea,Liverpool FC,postponed,,
10385648,Premier League,2022,9,1664623800,Arsenal,Tottenham Hotspur,finished,3.0,1.0
10385748,Premier League,2022,9,1664632800,Bournemouth,Brentford,finished,0.0,0.0
10385629,Premier League,2022,9,1664632800,Crystal Palace,Chelsea,finished,1.0,2.0
10385749,Premier League,2022,9,1664632800,Fulham,Newcastle United,finished,1.0,4.0
10385659,Premier League,2022,9,1664632800,Liverpool FC,Brighton & Hove Albion,finished,3.0,3.0
10385657,Premier League,2022,9,1664632800,Southampton,Everton,finished,1.0,2.0
10385661,Premier League,2022,9,1664641800,West Ham United,Wolverhampton,finished,2.0,0.0
10385656,Premier League,2022,9,1664715600,Manchester City,Manchester United,finished,6.0,3.0
10385642,Premier League,2022,9,1664724600,Leeds United,Aston Villa,finished,0.0,0.0
10385631,Premier League,2022,9,1664823600,Leicester City,Nottingham Forest,finished,4.0,0.0
10385649,Premier League,2022,10,1665237600,Bournemouth,Leicester City,finished,2.0,1.0
10385760,Premier League,2022,10,1665237600,Chelsea,Wolverhampton,finished,3.0,0.0
10385695,Premier League,2022,10,1665237600,Manchester City,Southampton,finished,4.0,0.0
10385689,Premier League,2022,10,1665237600,Newcastle United,Brentford,finished,5.0,1.0
10385653,Premier League,2022,10,1665246600,Brighton & Hove Albion,Tottenham Hotspur,finished,0.0,1.0
10385686,Premier League,2022,10,1665320400,Crystal Palace,Leeds United,finished,2.0,1.0
10385687,Premier League,2022,10,1665320400,West Ham United,Fulham,finished,3.0,1.0
10385644,Premier League,2022,10,1665329400,Arsenal,Liverpool FC,finished,3.0,2.0
10385762,Premier League,2022,10,1665338400,Everton,Manchester United,finished,1.0,2.0
10385761,Premier League,2022,10,1665428400,Nottingham Forest,Aston Villa,finished,1.0,1.0
10385682,Premier League,2022,11,1665774000,Brentford,Brighton & Hove Albion,finished,2.0,0.0
10385704,Premier League,2022,11,1665833400,Leicester City,Crystal Palace,finished,0.0,0.0
10385696,Premier League,2022,11,1665842400,Fulham,Bournemouth,finished,2.0,2.0
10385705,Premier League,2022,11,1665842400,Wolverhampton,Nottingham Forest,finished,1.0,0.0
10385753,Premier League,2022,11,1665851400,Tottenham Hotspur,Everton,finished,2.0,0.0
10385680,Premier League,2022,11,1665925200,Aston Villa,Chelsea,finished,0.0,2.0
10385700,Premier League,2022,11,1665925200,Leeds United,Arsenal,finished,0.0,1.0
10385693,Premier League,2022,11,1665925200,Manchester United,Newcastle United,finished,0.0,0.0
10385692,Premier League,2022,11,1665925200,Southampton,West Ham United,finished,1.0,1.0
10385752,Premier League,2022,11,1665934200,Liverpool FC,Manchester City,finished,1.0,0.0
10385713,Premier League,2022,12,1666117800,Brighton & Hove Albion,Nottingham Forest,finished,0.0,0.0
10385707,Premier League,2022,12,1666120500,Crystal Palace,Wolverhampton,finished,2.0,1.0
10385755,Premier League,2022,12,1666204200,Bournemouth,Southampton,finished,0.0,1.0
10385718,Premier League,2022,12,1666204200,Brentford,Chelsea,finished,0.0,0.0
10385729,Premier League,2022,12,1666204200,Liverpool FC,West Ham United,finished,1.0,0.0
10385715,Premier League,2022,12,1666204200,Newcastle United,Everton,finished,1.0,0.0
10385725,Premier League,2022,12,1666206900,Manchester United,Tottenham Hotspur,finished,2.0,0.0
10385708,Premier League,2022,12,1666290600,Fulham,Aston Villa,finished,3.0,0.0
10385706,Premier League,2022,12,1666293300,Leicester City,Leeds United,finished,2.0,0.0
10385728,Premier League,2022,13,1666438200,Nottingham Forest,Liverpool FC,finished,1.0,0.0
10385721,Premier League,2022,13,1666447200,Everton,Crystal Palace,finished,3.0,0.0
10385730,Premier League,2022,13,1666447200,Manchester City,Brighton & Hove Albion,finished,3.0,1.0
10385751,Premier League,2022,13,1666456200,Chelsea,Manchester United,finished,1.0,1.0
10385732,Premier League,2022,13,1666530000,Aston Villa,Brentford,finished,4.0,0.0
10385754,Premier League,2022,13,1666530000,Leeds United,Fulham,finished,2.0,3.0
10385368,Premier League,2022,13,1666530000,Southampton,Arsenal,finished,1.0,1.0
10385361,Premier League,2022,13,1666530000,Wolverhampton,Leicester City,finished,0.0,4.0
10385365,Premier League,2022,13,1666539000,Tottenham Hotspur,Newcastle United,finished,1.0,2.0
10385359,Premier League,2022,13,1666638000,West Ham United,Bournemouth,finished,2.0,0.0
10385380,Premier League,2022,14,1667043000,Leicester City,Manchester City,finished,0.0,1.0
10385366,Premier League,2022,14,1667052000,Bournemouth,Tottenham Hotspur,finished,2.0,3.0
10385367,Premier League,2022,14,1667052000,Brentford,Wolverhampton,finished,1.0,1.0
10385363,Premier League,2022,14,1667052000,Brighton & Hove Albion,Chelsea,finished,4.0,1.0
10385377,Premier League,2022,14,1667052000,Crystal Palace,Southampton,finished,1.0,0.0
10385362,Premier League,2022,14,1667052000,Newcastle United,Aston Villa,finished,4.0,0.0
10385378,Premier League,2022,14,1667061000,Fulham,Everton,finished,0.0,0.0
10385373,Premier League,2022,14,1667069100,Liverpool FC,Leeds United,finished,1.0,2.0
10385364,Premier League,2022,14,1667138400,Arsenal,Nottingham Forest,finished,5.0,0.0
10385360,Premier League,2022,14,1667146500,Manchester United,West Ham United,finished,1.0,0.0
10385384,Premier League,2022,15,1667660400,Leeds United,Bournemouth,finished,4.0,3.0
10385385,Premier League,2022,15,1667660400,Manchester City,Fulham,finished,2.0,1.0
10385388,Premier League,2022,15,1667660400,Nottingham Forest,Brentford,finished,2.0,2.0
10385374,Premier League,2022,15,1667660400,Wolverhampton,Brighton & Hove Albion,finished,2.0,3.0
10385390,Premier League,2022,15,1667669400,Everton,Leicester City,finished,0.0,2.0
10385376,Premier League,2022,15,1667736000,Chelsea,Arsenal,finished,0.0,1.0
10385379,Premier League,2022,15,1667743200,Aston Villa,Manchester United,finished,3.0,1.0
10385371,Premier League,2022,15,1667743200,Southampton,Newcastle United,finished,1.0,4.0
10385372,Premier League,2022,15,1667743200,West Ham United,Crystal Palace,finished,1.0,2.0
10385375,Premier League,2022,15,1667752200,Tottenham Hotspur,Liverpool FC,finished,1.0,2.0
10385383,Premier League,2022,16,1668256200,Manchester City,Brentford,finished,1.0,2.0
10385386,Premier League,2022,16,1668265200,Bournemouth,Everton,finished,3.0,0.0
10385400,Premier League,2022,16,1668265200,Liverpool FC,Southampton,finished,3.0,1.0
10385382,Premier League,2022,16,1668265200,Nottingham Forest,Crystal Palace,finished,1.0,0.0
10385387,Premier League,2022,16,1668265200,Tottenham Hotspur,Leeds United,finished,4.0,3.0
10385395,Premier League,2022,16,1668265200,West Ham United,Leicester City,finished,0.0,2.0
10385381,Premier League,2022,16,1668274200,Newcastle United,Chelsea,finished,1.0,0.0
10385393,Premier League,2022,16,1668282300,Wolverhampton,Arsenal,finished,0.0,2.0
10385389,Premier League,2022,16,1668348000,Brighton & Hove Albion,Aston Villa,finished,1.0,2.0
10385399,Premier League,2022,16,1668357000,Fulham,Manchester United,finished,1.0,2.0
10385397,Premier League,2022,17,1672057800,Brentford,Tottenham Hotspur,finished,2.0,2.0
10385394,Premier League,2022,17,1672066800,Crystal Palace,Fulham,finished,0.0,3.0
10385391,Premier League,2022,17,1672066800,Everton,Wolverhampton,finished,1.0,2.0
10385406,Premier League,2022,17,1672066800,Leicester City,Newcastle United,finished,0.0,3.0
10385404,Premier League,2022,17,1672066800,Southampton,Brighton & Hove Albion,finished,1.0,3.0
10385398,Premier League,2022,17,1672075800,Aston Villa,Liverpool FC,finished,1.0,3.0
10385396,Premier League,2022,17,1672084800,Arsenal,West Ham United,finished,3.0,1.0
10385392,Premier League,2022,17,1672162200,Chelsea,Bournemouth,finished,2.0,0.0
10385401,Premier League,2022,17,1672171200,Manchester United,Nottingham Forest,finished,3.0,0.0
10385403,Premier League,2022,17,1672257600,Leeds United,Manchester City,finished,1.0,3.0
10385402,Premier League,2022,18,1672429500,West Ham United,Brentford,finished,0.0,2.0
10385405,Premier League,2022,18,1672430400,Liverpool FC,Leicester City,finished,2.0,1.0
10385408,Premier League,2022,18,1672489800,Wolverhampton,Manchester United,finished,0.0,1.0
10385410,Premier League,2022,18,1672498800,Bournemouth,Crystal Palace,finished,0.0,2.0
10385407,Premier League,2022,18,1672498800,Fulham,Southampton,finished,2.0,1.0
10385418,Premier League,2022,18,1672498800,Manchester City,Everton,finished,1.0,1.0
10385413,Premier League,2022,18,1672498800,Newcastle United,Leeds United,finished,0.0,0.0
10385409,Premier League,2022,18,1672507800,Brighton & Hove Albion,Arsenal,finished,2.0,4.0
10385414,Premier League,2022,18,1672581600,Tottenham Hotspur,Aston Villa,finished,0.0,2.0
10385412,Premier League,2022,18,1672590600,Nottingham Forest,Chelsea,finished,1.0,1.0
10385428,Premier League,2022,19,1672680600,Brentford,Liverpool FC,finished,3.0,1.0
10385416,Premier League,2022,19,1672775100,Arsenal,Newcastle United,finished,0.0,0.0
10385421,Premier League,2022,19,1672775100,Everton,Brighton & Hove Albion,finished,1.0,4.0
10385419,Premier League,2022,19,1672775100,Leicester City,Fulham,finished,0.0,1.0
10385415,Premier League,2022,19,1672776000,Manchester United,Bournemouth,finished,3.0,0.0
10385411,Premier League,2022,19,1672860600,Southampton,Nottingham Forest,finished,0.0,1.0
10385417,Premier League,2022,19,1672861500,Leeds United,West Ham United,finished,2.0,2.0
10385420,Premier League,2022,19,1672862400,Aston Villa,Wolverhampton,finished,1.0,1.0
10385424,Premier League,2022,19,1672862400,Crystal Palace,Tottenham Hotspur,finished,0.0,4.0
10385429,Premier League,2022,19,1672948800,Chelsea,Manchester City,finished,0.0,1.0
10913240,Premier League,2022,7,1673553600,Fulham,Chelsea,finished,2.0,1.0
10385423,Premier League,2022,20,1673640000,Aston Villa,Leeds United,finished,2.0,1.0
10385426,Premier League,2022,20,1673699400,Manchester United,Manchester City,finished,2.0,1.0
10385436,Premier League,2022,20,1673708400,Brighton & Hove Albion,Liverpool FC,finished,3.0,0.0
10385422,Premier League,2022,20,1673708400,Everton,Southampton,finished,1.0,2.0
10385425,Premier League,2022,20,1673708400,Nottingham Forest,Leicester City,finished,2.0,0.0
10385438,Premier League,2022,20,1673708400,Wolverhampton,West Ham United,finished,1.0,0.0
10385439,Premier League,2022,20,1673717400,Brentford,Bournemouth,finished,2.0,0.0
10385435,Premier League,2022,20,1673791200,Chelsea,Crystal Palace,finished,1.0,0.0
10385427,Premier League,2022,20,1673791200,Newcastle United,Fulham,finished,1.0,0.0
10385433,Premier League,2022,20,1673800200,Tottenham Hotspur,Arsenal,finished,0.0,2.0
10979293,Premier League,2022,7,1674072000,Crystal Palace,Manchester United,finished,1.0,1.0
10913242,Premier League,2022,7,1674158400,Manchester City,Tottenham Hotspur,finished,4.0,2.0
10385443,Premier League,2022,21,1674304200,Liverpool FC,Chelsea,finished,0.0,0.0
10385431,Premier League,2022,21,1674313200,Bournemouth,Nottingham Forest,finished,1.0,1.0
10385434,Premier League,2022,21,1674313200,Leicester City,Brighton & Hove Albion,finished,2.0,2.0
10385449,Premier League,2022,21,1674313200,Southampton,Aston Villa,finished,0.0,1.0
10385444,Premier League,2022,21,1674313200,West Ham United,Everton,finished,2.0,0.0
10385430,Premier League,2022,21,1674322200,Crystal Palace,Newcastle United,finished,0.0,0.0
10385432,Premier League,2022,21,1674396000,Leeds United,Brentford,finished,0.0,0.0
10385445,Premier League,2022,21,1674396000,Manchester City,Wolverhampton,finished,3.0,0.0
10652685,Premier League,2022,21,1674405000,Arsenal,Manchester United,finished,3.0,2.0
10385437,Premier League,2022,21,1674504900,Fulham,Tottenham Hotspur,finished,0.0,1.0
10385441,Premier League,2022,22,1675454400,Chelsea,Fulham,finished,0.0,0.0
10385450,Premier League,2022,22,1675513800,Everton,Arsenal,finished,1.0,0.0
10385448,Premier League,2022,22,1675522800,Aston Villa,Leicester City,finished,2.0,4.0
10385446,Premier League,2022,22,1675522800,Brentford,Southampton,finished,3.0,0.0
10385440,Premier League,2022,22,1675522800,Brighton & Hove Albion,Bournemouth,finished,1.0,0.0
10688772,Premier League,2022,22,1675522800,Manchester United,Crystal Palace,finished,2.0,1.0
10385454,Premier League,2022,22,1675522800,Wolverhampton,Liverpool FC,finished,3.0,0.0
10385458,Premier League,2022,22,1675531800,Newcastle United,West Ham United,finished,1.0,1.0
10385459,Premier League,2022,22,1675605600,Nottingham Forest,Leeds United,finished,1.0,0.0
10385442,Premier League,2022,22,1675614600,Tottenham Hotspur,Manchester City,finished,1.0,0.0
11007089,Premier League,2022,8,1675886400,Manchester United,Leeds United,finished,2.0,2.0
10385467,Premier League,2022,23,1676118600,West Ham United,Chelsea,finished,1.0,1.0
10385451,Premier League,2022,23,1676127600,Arsenal,Brentford,finished,1.0,1.0
10385468,Premier League,2022,23,1676127600,Crystal Palace,Brighton & Hove Albion,finished,1.0,1.0
10385461,Premier League,2022,23,1676127600,Fulham,Nottingham Forest,finished,2.0,0.0
10385466,Premier League,2022,23,1676127600,Leicester City,Tottenham Hotspur,finished,4.0,1.0
10385457,Premier League,2022,23,1676127600,Southampton,Wolverhampton,finished,1.0,2.0
10385460,Premier League,2022,23,1676136600,Bournemouth,Newcastle United,finished,1.0,1.0
10385464,Premier League,2022,23,1676210400,Leeds United,Manchester United,finished,0.0,2.0
10385452,Premier League,2022,23,1676219400,Manchester City,Aston Villa,finished,3.0,1.0
10385456,Premier League,2022,23,1676318400,Liverpool FC,Everton,finished,2.0,0.0
10913239,Premier League,2022,12,1676489400,Arsenal,Manchester City,finished,1.0,3.0
10385462,Premier League,2022,24,1676723400,Aston Villa,Arsenal,finished,2.0,4.0
10385474,Premier League,2022,24,1676732400,Brentford,Crystal Palace,finished,1.0,1.0
10385475,Premier League,2022,24,1676732400,Brighton & Hove Albion,Fulham,finished,0.0,1.0
10385472,Premier League,2022,24,1676732400,Chelsea,Southampton,finished,0.0,1.0
10385463,Premier League,2022,24,1676732400,Everton,Leeds United,finished,1.0,0.0
10385465,Premier League,2022,24,1676732400,Nottingham Forest,Manchester City,finished,1.0,1.0
10385479,Premier League,2022,24,1676732400,Wolverhampton,Bournemouth,finished,0.0,1.0
10385470,Premier League,2022,24,1676741400,Newcastle United,Liverpool FC,finished,0.0,2.0
10652688,Premier League,2022,24,1676815200,Manchester United,Leicester City,finished,3.0,0.0
10385477,Premier League,2022,24,1676824200,Tottenham Hotspur,West Ham United,finished,2.0,0.0
10385473,Premier League,2022,25,1677268800,Fulham,Wolverhampton,finished,1.0,1.0
10385489,Premier League,2022,25,1677328200,Newcastle United,Brighton & Hove Albion,postponed,,
10385471,Premier League,2022,25,1677337200,Everton,Aston Villa,finished,0.0,2.0
10385478,Premier League,2022,25,1677337200,Leeds United,Southampton,finished,1.0,0.0
10385480,Premier League,2022,25,1677337200,Leicester City,Arsenal,finished,0.0,1.0
10385482,Premier League,2022,25,1677337200,West Ham United,Nottingham Forest,finished,4.0,0.0
10385476,Premier League,2022,25,1677346200,Bournemouth,Manchester City,finished,1.0,4.0
10385486,Premier League,2022,25,1677354300,Crystal Palace,Liverpool FC,finished,0.0,0.0
10652689,Premier League,2022,25,1677418200,Manchester United,Brentford,postponed,,
10385488,Premier League,2022,25,1677418200,Tottenham Hotspur,Chelsea,finished,2.0,0.0
11047751,Premier League,2022,7,1677699900,Arsenal,Everton,finished,4.0,0.0
11047752,Premier League,2022,7,1677700800,Liverpool FC,Wolverhampton,finished,2.0,0.0
10517280,Premier League,2022,26,1677933000,Manchester City,Newcastle United,finished,2.0,0.0
10385490,Premier League,2022,26,1677942000,Arsenal,Bournemouth,finished,3.0,2.0
10385485,Premier League,2022,26,1677942000,Aston Villa,Crystal Palace,finished,1.0,0.0
10385481,Premier League,2022,26,1677942000,Brentford,Fulham,postponed,,
10385487,Premier League,2022,26,1677942000,Brighton & Hove Albion,West Ham United,finished,4.0,0.0
10385495,Premier League,2022,26,1677942000,Chelsea,Leeds United,finished,1.0,0.0
10385492,Premier League,2022,26,1677942000,Wolverhampton,Tottenham Hotspur,finished,1.0,0.0
10385496,Premier League,2022,26,1677951000,Southampton,Leicester City,finished,1.0,0.0
10385507,Premier League,2022,26,1678024800,Nottingham Forest,Everton,finished,2.0,2.0
10652686,Premier League,2022,26,1678033800,Liverpool FC,Manchester United,finished,7.0,0.0
11014934,Premier League,2022,26,1678132800,Brentford,Fulham,finished,3.0,2.0
10385494,Premier League,2022,27,1678537800,Bournemouth,Liverpool FC,finished,1.0,0.0
10385516,Premier League,2022,27,1678546800,Everton,Brentford,finished,1.0,0.0
10385515,Premier League,2022,27,1678546800,Leeds United,Brighton & Hove Albion,finished,2.0,2.0
10385513,Premier League,2022,27,1678546800,Leicester City,Chelsea,finished,1.0,3.0
10385504,Premier League,2022,27,1678546800,Tottenham Hotspur,Nottingham Forest,finished,3.0,1.0
10385499,Premier League,2022,27,1678555800,Crystal Palace,Manchester City,finished,0.0,1.0
10385512,Premier League,2022,27,1678629600,Fulham,Arsenal,finished,0.0,3.0
10652679,Premier League,2022,27,1678629600,Manchester United,Southampton,finished,0.0,0.0
10385517,Premier League,2022,27,1678629600,West Ham United,Aston Villa,finished,1.0,1.0
10385505,Premier League,2022,27,1678638600,Newcastle United,Wolverhampton,finished,2.0,1.0
11055513,Premier League,2022,7,1678908600,Southampton,Brentford,finished,0.0,2.0
11055512,Premier League,2022,8,1678908600,Brighton & Hove Albion,Crystal Palace,finished,1.0,0.0
10385521,Premier League,2022,28,1679083200,Nottingham Forest,Newcastle United,finished,1.0,2.0
10385536,Premier League,2022,28,1679151600,Aston Villa,Bournemouth,finished,3.0,0.0
10385529,Premier League,2022,28,1679151600,Brentford,Leicester City,finished,1.0,1.0
10385524,Premier League,2022,28,1679151600,Liverpool FC,Fulham,postponed,,
10385544,Premier League,2022,28,1679151600,Southampton,Tottenham Hotspur,finished,3.0,3.0
10385540,Premier League,2022,28,1679151600,Wolverhampton,Leeds United,finished,2.0,4.0
10385526,Premier League,2022,28,1679160600,Chelsea,Everton,finished,2.0,2.0
10385522,Premier League,2022,28,1679234400,Arsenal,Crystal Palace,finished,4.0,1.0
10385533,Premier League,2022,28,1679234400,Brighton & Hove Albion,Manchester United,postponed,,
10385523,Premier League,2022,28,1679243400,Manchester City,West Ham United,postponed,,
10385561,Premier League,2022,29,1680348600,Manchester City,Liverpool FC,finished,4.0,1.0
10385553,Premier League,2022,29,1680357600,Arsenal,Leeds United,finished,4.0,1.0
10385541,Premier League,2022,29,1680357600,Bournemouth,Fulham,finished,2.0,1.0
10385534,Premier League,2022,29,1680357600,Brighton & Hove Albion,Brentford,finished,3.0,3.0
10385545,Premier League,2022,29,1680357600,Crystal Palace,Leicester City,finished,2.0,1.0
10385560,Premier League,2022,29,1680357600,Nottingham Forest,Wolverhampton,finished,1.0,1.0
10385535,Premier League,2022,29,1680366600,Chelsea,Aston Villa,finished,0.0,2.0
10385555,Premier League,2022,29,1680440400,West Ham United,Southampton,finished,1.0,0.0
10385558,Premier League,2022,29,1680449400,Newcastle United,Manchester United,finished,2.0,0.0
10385542,Premier League,2022,29,1680548400,Everton,Tottenham Hotspur,finished,1.0,1.0
11077408,Premier League,2022,7,1680633900,Bournemouth,Brighton & Hove Albion,finished,0.0,2.0
11077461,Premier League,2022,7,1680633900,Leeds United,Nottingham Forest,finished,2.0,1.0
11077466,Premier League,2022,7,1680633900,Leicester City,Aston Villa,finished,1.0,2.0
11077468,Premier League,2022,8,1680634800,Chelsea,Liverpool FC,finished,0.0,0.0
11077467,Premier League,2022,7,1680721200,West Ham United,Newcastle United,finished,1.0,5.0
11077474,Premier League,2022,25,1680721200,Manchester United,Brentford,finished,1.0,0.0
10385578,Premier League,2022,30,1680953400,Manchester United,Everton,finished,2.0,0.0
10385549,Premier League,2022,30,1680962400,Aston Villa,Nottingham Forest,finished,2.0,0.0
10385548,Premier League,2022,30,1680962400,Brentford,Newcastle United,finished,1.0,2.0
10385550,Premier League,2022,30,1680962400,Fulham,West Ham United,finished,0.0,1.0
10385570,Premier League,2022,30,1680962400,Leicester City,Bournemouth,finished,0.0,1.0
10385562,Premier League,2022,30,1680962400,Tottenham Hotspur,Brighton & Hove Albion,finished,2.0,1.0
10385571,Premier League,2022,30,1680962400,Wolverhampton,Chelsea,finished,1.0,0.0
10385580,Premier League,2022,30,1680971400,Southampton,Manchester City,finished,1.0,4.0
10385546,Premier League,2022,30,1681045200,Leeds United,Crystal Palace,finished,1.0,5.0
10385572,Premier League,2022,30,1681054200,Liverpool FC,Arsenal,finished,2.0,2.0
10385566,Premier League,2022,31,1681558200,Aston Villa,Newcastle United,finished,3.0,0.0
10385565,Premier League,2022,31,1681567200,Chelsea,Brighton & Hove Albion,finished,1.0,2.0
10385583,Premier League,2022,31,1681567200,Everton,Fulham,finished,1.0,3.0
10385581,Premier League,2022,31,1681567200,Southampton,Crystal Palace,finished,0.0,2.0
10385589,Premier League,2022,31,1681567200,Wolverhampton,Brentford,finished,2.0,0.0
10385575,Premier League,2022,31,1681568100,Tottenham Hotspur,Bournemouth,finished,2.0,3.0
10385586,Premier League,2022,31,1681576200,Manchester City,Leicester City,finished,3.0,1.0
10385579,Premier League,2022,31,1681650000,West Ham United,Arsenal,finished,2.0,2.0
10385587,Premier League,2022,31,1681659000,Nottingham Forest,Manchester United,finished,0.0,2.0
10385584,Premier League,2022,31,1681758000,Leeds United,Liverpool FC,finished,1.0,6.0
10385607,Premier League,2022,32,1682103600,Arsenal,Southampton,finished,3.0,3.0
10385592,Premier League,2022,32,1682163000,Fulham,Leeds United,finished,2.0,1.0
10385601,Premier League,2022,32,1682172000,Brentford,Aston Villa,finished,1.0,1.0
10385594,Premier League,2022,32,1682172000,Crystal Palace,Everton,finished,0.0,0.0
10385593,Premier League,2022,32,1682172000,Leicester City,Wolverhampton,finished,2.0,1.0
10385597,Premier League,2022,32,1682172000,Liverpool FC,Nottingham Forest,finished,3.0,2.0
10385617,Premier League,2022,32,1682181000,Manchester United,Chelsea,postponed,,
10385596,Premier League,2022,32,1682254800,Bournemouth,West Ham United,finished,0.0,4.0
10385610,Premier League,2022,32,1682254800,Newcastle United,Tottenham Hotspur,finished,6.0,1.0
10385606,Premier League,2022,32,1682263800,Brighton & Hove Albion,Manchester City,postponed,,
10385613,Premier League,2022,33,1682447400,Wolverhampton,Crystal Palace,finished,2.0,0.0
10385630,Premier League,2022,33,1682448300,Aston Villa,Fulham,finished,1.0,0.0
10385621,Premier League,2022,33,1682449200,Leeds United,Leicester City,finished,1.0,1.0
10385602,Premier League,2022,33,1682533800,Nottingham Forest,Brighton & Hove Albion,finished,3.0,1.0
10385633,Premier League,2022,33,1682534700,Chelsea,Brentford,finished,0.0,2.0
10385616,Premier League,2022,33,1682534700,West Ham United,Liverpool FC,finished,1.0,2.0
10385636,Premier League,2022,33,1682535600,Manchester City,Arsenal,finished,4.0,1.0
10385612,Premier League,2022,33,1682621100,Everton,Newcastle United,finished,1.0,4.0
10385628,Premier League,2022,33,1682621100,Southampton,Bournemouth,finished,0.0,1.0
10385604,Premier League,2022,33,1682622900,Tottenham Hotspur,Manchester United,finished,2.0,2.0
10385640,Premier League,2022,34,1682767800,Crystal Palace,West Ham United,finished,4.0,3.0
10385619,Premier League,2022,34,1682776800,Brentford,Nottingham Forest,finished,2.0,1.0
10385622,Premier League,2022,34,1682776800,Brighton & Hove Albion,Wolverhampton,finished,6.0,0.0
10385625,Premier League,2022,34,1682859600,Bournemouth,Leeds United,finished,4.0,1.0
10385638,Premier League,2022,34,1682859600,Fulham,Manchester City,finished,1.0,2.0
10385632,Premier League,2022,34,1682859600,Manchester United,Aston Villa,finished,1.0,0.0
10385645,Premier League,2022,34,1682859600,Newcastle United,Southampton,finished,3.0,1.0
10385647,Premier League,2022,34,1682868600,Liverpool FC,Tottenham Hotspur,finished,4.0,3.0
10385652,Premier League,2022,34,1682967600,Leicester City,Everton,finished,2.0,2.0
11205391,Premier League,2022,34,1683054000,Arsenal,Chelsea,finished,3.0,1.0
11157124,Premier League,2022,28,1683140400,Liverpool FC,Fulham,finished,1.0,0.0
11157238,Premier League,2022,28,1683140400,Manchester City,West Ham United,finished,3.0,0.0
11157237,Premier League,2022,28,1683226800,Brighton & Hove Albion,Manchester United,finished,1.0,0.0
10385637,Premier League,2022,35,1683381600,Bournemouth,Chelsea,finished,1.0,3.0
10385655,Premier League,2022,35,1683381600,Manchester City,Leeds United,finished,2.0,1.0
10385651,Premier League,2022,35,1683381600,Tottenham Hotspur,Crystal Palace,finished,1.0,0.0
10385662,Premier League,2022,35,1683381600,Wolverhampton,Aston Villa,finished,1.0,0.0
10385654,Premier League,2022,35,1683390600,Liverpool FC,Brentford,finished,1.0,0.0
10385658,Premier League,2022,35,1683473400,Newcastle United,Arsenal,finished,0.0,2.0
10385646,Premier League,2022,35,1683482400,West Ham United,Manchester United,finished,1.0,0.0
10385660,Premier League,2022,35,1683554400,Fulham,Leicester City,finished,5.0,3.0
11155330,Premier League,2022,35,1683563400,Brighton & Hove Albion,Everton,finished,1.0,5.0
10385650,Premier League,2022,35,1683572400,Nottingham Forest,Southampton,finished,4.0,3.0
10385683,Premier League,2022,36,1683977400,Leeds United,Newcastle United,finished,2.0,2.0
10385694,Premier League,2022,36,1683986400,Aston Villa,Tottenham Hotspur,finished,2.0,1.0
10385697,Premier League,2022,36,1683986400,Chelsea,Nottingham Forest,finished,2.0,2.0
10385681,Premier League,2022,36,1683986400,Crystal Palace,Bournemouth,finished,2.0,0.0
10385702,Premier League,2022,36,1683986400,Manchester United,Wolverhampton,finished,2.0,0.0
10385698,Premier League,2022,36,1683986400,Southampton,Fulham,finished,0.0,2.0
10385688,Premier League,2022,36,1684069200,Brentford,West Ham United,finished,2.0,0.0
10385685,Premier League,2022,36,1684069200,Everton,Manchester City,finished,0.0,3.0
10385684,Premier League,2022,36,1684078200,Arsenal,Brighton & Hove Albion,finished,0.0,3.0
11196472,Premier League,2022,36,1684177200,Leicester City,Liverpool FC,finished,0.0,3.0
11227333,Premier League,2022,25,1684434600,Newcastle United,Brighton & Hove Albion,finished,4.0,1.0
10385723,Premier League,2022,37,1684582200,Tottenham Hotspur,Brentford,finished,1.0,3.0
10385703,Premier League,2022,37,1684591200,Bournemouth,Manchester United,finished,0.0,1.0
10385691,Premier League,2022,37,1684591200,Fulham,Crystal Palace,finished,2.0,2.0
10385690,Premier League,2022,37,1684591200,Liverpool FC,Aston Villa,finished,1.0,1.0
10385701,Premier League,2022,37,1684591200,Newcastle United,Leicester City,postponed,,
10385716,Premier League,2022,37,1684591200,Wolverhampton,Everton,finished,1.0,1.0
10385719,Premier League,2022,37,1684600200,Nottingham Forest,Arsenal,finished,1.0,0.0
10385722,Premier League,2022,37,1684672200,West Ham United,Leeds United,finished,3.0,1.0
10385714,Premier League,2022,37,1684674000,Brighton & Hove Albion,Southampton,finished,3.0,1.0
10385699,Premier League,2022,37,1684681200,Manchester City,Chelsea,finished,1.0,0.0
11227334,Premier League,2022,37,1684782000,Newcastle United,Leicester City,finished,0.0,0.0
11230172,Premier League,2022,32,1684954800,Brighton & Hove Albion,Manchester City,finished,1.0,1.0
11230171,Premier League,2022,32,1685041200,Manchester United,Chelsea,finished,4.0,1.0
10385712,Premier League,2022,38,1685287800,Arsenal,Wolverhampton,finished,5.0,0.0
10385710,Premier League,2022,38,1685287800,Aston Villa,Brighton & Hove Albion,finished,2.0,1.0
10385711,Premier League,2022,38,1685287800,Brentford,Manchester City,finished,1.0,0.0
10385709,Premier League,2022,38,1685287800,Chelsea,Newcastle United,finished,1.0,1.0
10385727,Premier League,2022,38,1685287800,Crystal Palace,Nottingham Forest,finished,1.0,1.0
10385724,Premier League,2022,38,1685287800,Everton,Bournemouth,finished,1.0,0.0
10385726,Premier League,2022,38,1685287800,Leeds United,Tottenham Hotspur,finished,1.0,4.0
10385733,Premier League,2022,38,1685287800,Leicester City,West Ham United,finished,2.0,1.0
10385717,Premier League,2022,38,1685287800,Manchester United,Fulham,finished,2.0,1.0
10385731,Premier League,2022,38,1685287800,Southampton,Liverpool FC,finished,4.0,4.0
11352303,Premier League,2023,1,1691780400,Burnley,Manchester City,finished,0.0,3.0
11352251,Premier League,2023,1,1691841600,Arsenal,Nottingham Forest,finished,2.0,1.0
11352250,Premier League,2023,1,1691848800,Bournemouth,West Ham United,finished,1.0,1.0
11352252,Premier League,2023,1,1691848800,Brighton & Hove Albion,Luton Town,finished,4.0,1.0
11352253,Premier League,2023,1,1691848800,Everton,Fulham,finished,0.0,1.0
11352254,Premier League,2023,1,1691848800,Sheffield United,Crystal Palace,finished,0.0,1.0
11352255,Premier League,2023,1,1691857800,Newcastle United,Aston Villa,finished,5.0,1.0
11352309,Premier League,2023,1,1691931600,Brentford,Tottenham Hotspur,finished,2.0,2.0
11352316,Premier League,2023,1,1691940600,Chelsea,Liverpool FC,finished,1.0,1.0
11352327,Premier League,2023,1,1692039600,Manchester United,Wolverhampton,finished,1.0,0.0
11352399,Premier League,2023,2,1692384300,Nottingham Forest,Sheffield United,finished,2.0,1.0
11352358,Premier League,2023,2,1692453600,Fulham,Brentford,finished,0.0,3.0
11352367,Premier League,2023,2,1692453600,Liverpool FC,Bournemouth,finished,3.0,1.0
11352428,Premier League,2023,2,1692453600,Wolverhampton,Brighton & Hove Albion,finished,1.0,4.0
11352407,Premier League,2023,2,1692462600,Tottenham Hotspur,Manchester United,finished,2.0,0.0
11352389,Premier League,2023,2,1692471600,Manchester City,Newcastle United,finished,1.0,0.0
11352337,Premier League,2023,2,1692536400,Aston Villa,Everton,finished,4.0,0.0
11352418,Premier League,2023,2,1692545400,West Ham United,Chelsea,finished,3.0,1.0
11352346,Premier League,2023,2,1692644400,Crystal Palace,Arsenal,finished,0.0,1.0
11352484,Premier League,2023,3,1692990000,Chelsea,Luton Town,finished,3.0,0.0
11352437,Premier League,2023,3,1693049400,Bournemouth,Tottenham Hotspur,finished,0.0,2.0
11352447,Premier League,2023,3,1693058400,Arsenal,Fulham,finished,2.0,2.0
11352456,Premier League,2023,3,1693058400,Brentford,Crystal Palace,finished,1.0,1.0
11352495,Premier League,2023,3,1693058400,Everton,Wolverhampton,finished,0.0,1.0
11352504,Premier League,2023,3,1693058400,Manchester United,Nottingham Forest,finished,3.0,2.0
11352466,Premier League,2023,3,1693067400,Brighton & Hove Albion,West Ham United,finished,1.0,3.0
11352475,Premier League,2023,3,1693141200,Burnley,Aston Villa,finished,1.0,3.0
11352524,Premier League,2023,3,1693141200,Sheffield United,Manchester City,finished,1.0,2.0
11352515,Premier League,2023,3,1693150200,Newcastle United,Liverpool FC,finished,1.0,2.0
11352590,Premier League,2023,4,1693594800,Luton Town,West Ham United,finished,1.0,2.0
11352597,Premier League,2023,4,1693654200,Sheffield United,Everton,finished,2.0,2.0
11352543,Premier League,2023,4,1693663200,Brentford,Bournemouth,finished,2.0,2.0
11352561,Premier League,2023,4,1693663200,Burnley,Tottenham Hotspur,finished,2.0,5.0
11352570,Premier League,2023,4,1693663200,Chelsea,Nottingham Forest,finished,0.0,1.0
11352594,Premier League,2023,4,1693663200,Manchester City,Fulham,finished,5.0,1.0
11352551,Premier League,2023,4,1693672200,Brighton & Hove Albion,Newcastle United,finished,3.0,1.0
11352578,Premier League,2023,4,1693746000,Crystal Palace,Wolverhampton,finished,3.0,2.0
11352584,Premier League,2023,4,1693746000,Liverpool FC,Aston Villa,finished,3.0,0.0
11352534,Premier League,2023,4,1693755000,Arsenal,Manchester United,finished,3.0,1.0
11352626,Premier League,2023,5,1694863800,Wolverhampton,Liverpool FC,finished,1.0,3.0
11352602,Premier League,2023,5,1694872800,Aston Villa,Crystal Palace,finished,3.0,1.0
11352608,Premier League,2023,5,1694872800,Fulham,Luton Town,finished,1.0,0.0
11352611,Premier League,2023,5,1694872800,Manchester United,Brighton & Hove Albion,finished,1.0,3.0
11352621,Premier League,2023,5,1694872800,Tottenham Hotspur,Sheffield United,finished,2.0,1.0
11352625,Premier League,2023,5,1694872800,West Ham United,Manchester City,finished,1.0,3.0
11352615,Premier League,2023,5,1694881800,Newcastle United,Brentford,finished,1.0,0.0
11352600,Premier League,2023,5,1694955600,Bournemouth,Chelsea,finished,0.0,0.0
11352605,Premier League,2023,5,1694964600,Everton,Arsenal,finished,0.0,1.0
11352618,Premier League,2023,5,1695062700,Nottingham Forest,Burnley,finished,1.0,1.0
11352632,Premier League,2023,6,1695477600,Crystal Palace,Fulham,finished,0.0,0.0
11352634,Premier League,2023,6,1695477600,Luton Town,Wolverhampton,finished,1.0,1.0
11352635,Premier League,2023,6,1695477600,Manchester City,Nottingham Forest,finished,2.0,0.0
11352628,Premier League,2023,6,1695486600,Brentford,Everton,finished,1.0,3.0
11352630,Premier League,2023,6,1695495600,Burnley,Manchester United,finished,0.0,1.0
11352627,Premier League,2023,6,1695560400,Arsenal,Tottenham Hotspur,finished,2.0,2.0
11352629,Premier League,2023,6,1695560400,Brighton & Hove Albion,Bournemouth,finished,3.0,1.0
11352631,Premier League,2023,6,1695560400,Chelsea,Aston Villa,finished,0.0,1.0
11352633,Premier League,2023,6,1695560400,Liverpool FC,West Ham United,finished,3.0,1.0
11352636,Premier League,2023,6,1695569400,Sheffield United,Newcastle United,finished,0.0,8.0
11352638,Premier League,2023,7,1696073400,Aston Villa,Brighton & Hove Albion,finished,6.0,1.0
11352637,Premier League,2023,7,1696082400,Bournemouth,Arsenal,finished,0.0,4.0
11352639,Premier League,2023,7,1696082400,Everton,Luton Town,finished,1.0,2.0
11352641,Premier League,2023,7,1696082400,Manchester United,Crystal Palace,finished,0.0,1.0
11352642,Premier League,2023,7,1696082400,Newcastle United,Burnley,finished,2.0,0.0
11352645,Premier League,2023,7,1696082400,West Ham United,Sheffield United,finished,2.0,0.0
11352646,Premier League,2023,7,1696082400,Wolverhampton,Manchester City,finished,2.0,1.0
11352644,Premier League,2023,7,1696091400,Tottenham Hotspur,Liverpool FC,finished,2.0,1.0
11352643,Premier League,2023,7,1696165200,Nottingham Forest,Brentford,finished,1.0,1.0
11352640,Premier League,2023,7,1696273200,Fulham,Chelsea,finished,0.0,2.0
11626262,Premier League,2023,2,1696357800,Luton Town,Burnley,finished,1.0,2.0
11352653,Premier League,2023,8,1696678200,Luton Town,Tottenham Hotspur,finished,0.0,1.0
11352649,Premier League,2023,8,1696687200,Burnley,Chelsea,finished,1.0,4.0
11352651,Premier League,2023,8,1696687200,Everton,Bournemouth,finished,3.0,0.0
11352652,Premier League,2023,8,1696687200,Fulham,Sheffield United,finished,3.0,1.0
11352654,Premier League,2023,8,1696687200,Manchester United,Brentford,finished,2.0,1.0
11352650,Premier League,2023,8,1696696200,Crystal Palace,Nottingham Forest,finished,0.0,0.0
11352648,Premier League,2023,8,1696770000,Brighton & Hove Albion,Liverpool FC,finished,2.0,2.0
11352655,Premier League,2023,8,1696770000,West Ham United,Newcastle United,finished,2.0,2.0
11352656,Premier League,2023,8,1696770000,Wolverhampton,Aston Villa,finished,1.0,1.0
11352647,Premier League,2023,8,1696779000,Arsenal,Manchester City,finished,1.0,0.0
11352662,Premier League,2023,9,1697887800,Liverpool FC,Everton,finished,2.0,0.0
11352657,Premier League,2023,9,1697896800,Bournemouth,Wolverhampton,finished,1.0,2.0
11352660,Premier League,2023,9,1697896800,Brentford,Burnley,finished,3.0,0.0
11352663,Premier League,2023,9,1697896800,Manchester City,Brighton & Hove Albion,finished,2.0,1.0
11352664,Premier League,2023,9,1697896800,Newcastle United,Crystal Palace,finished,4.0,0.0
11352665,Premier League,2023,9,1697896800,Nottingham Forest,Luton Town,finished,2.0,2.0
11352661,Premier League,2023,9,1697905800,Chelsea,Arsenal,finished,2.0,2.0
11352666,Premier League,2023,9,1697914800,Sheffield United,Manchester United,finished,1.0,2.0
11352658,Premier League,2023,9,1697988600,Aston Villa,West Ham United,finished,4.0,1.0
11352667,Premier League,2023,9,1698087600,Tottenham Hotspur,Fulham,finished,2.0,0.0
11352673,Premier League,2023,10,1698433200,Crystal Palace,Tottenham Hotspur,finished,1.0,2.0
11352672,Premier League,2023,10,1698492600,Chelsea,Brentford,finished,0.0,2.0
11352669,Premier League,2023,10,1698501600,Arsenal,Sheffield United,finished,5.0,0.0
11352668,Premier League,2023,10,1698501600,Bournemouth,Burnley,finished,2.0,1.0
11352677,Premier League,2023,10,1698510600,Wolverhampton,Newcastle United,finished,2.0,2.0
11352676,Premier League,2023,10,1698584400,West Ham United,Everton,finished,0.0,1.0
11352670,Premier League,2023,10,1698588000,Aston Villa,Luton Town,finished,3.0,1.0
11352671,Premier League,2023,10,1698588000,Brighton & Hove Albion,Fulham,finished,1.0,1.0
11352674,Premier League,2023,10,1698588000,Liverpool FC,Nottingham Forest,finished,3.0,0.0
11352675,Premier League,2023,10,1698593400,Manchester United,Manchester City,finished,0.0,3.0
11352307,Premier League,2023,11,1699101000,Fulham,Manchester United,finished,0.0,1.0
11352304,Premier League,2023,11,1699110000,Brentford,West Ham United,finished,3.0,2.0
11352305,Premier League,2023,11,1699110000,Burnley,Crystal Palace,finished,0.0,2.0
11352306,Premier League,2023,11,1699110000,Everton,Brighton & Hove Albion,finished,1.0,1.0
11352312,Premier League,2023,11,1699110000,Manchester City,Bournemouth,finished,6.0,1.0
11352320,Premier League,2023,11,1699110000,Sheffield United,Wolverhampton,finished,2.0,1.0
11352314,Premier League,2023,11,1699119000,Newcastle United,Arsenal,finished,1.0,0.0
11352317,Premier League,2023,11,1699192800,Nottingham Forest,Aston Villa,finished,2.0,0.0
11352310,Premier League,2023,11,1699201800,Luton Town,Liverpool FC,finished,1.0,1.0
11352323,Premier League,2023,11,1699300800,Tottenham Hotspur,Chelsea,finished,1.0,4.0
11352349,Premier League,2023,12,1699705800,Wolverhampton,Tottenham Hotspur,finished,2.0,1.0
11352353,Premier League,2023,12,1699714800,Arsenal,Burnley,finished,3.0,1.0
11352335,Premier League,2023,12,1699714800,Crystal Palace,Everton,finished,2.0,3.0
11352341,Premier League,2023,12,1699714800,Manchester United,Luton Town,finished,1.0,0.0
11352350,Premier League,2023,12,1699723800,Bournemouth,Newcastle United,finished,2.0,0.0
11352326,Premier League,2023,12,1699797600,Aston Villa,Fulham,finished,3.0,1.0
11352329,Premier League,2023,12,1699797600,Brighton & Hove Albion,Sheffield United,finished,1.0,1.0
11352339,Premier League,2023,12,1699797600,Liverpool FC,Brentford,finished,3.0,0.0
11352345,Premier League,2023,12,1699797600,West Ham United,Nottingham Forest,finished,3.0,2.0
11352332,Premier League,2023,12,1699806600,Chelsea,Manchester City,finished,4.0,4.0
11352373,Premier League,2023,13,1700915400,Manchester City,Liverpool FC,finished,1.0,1.0
11352360,Premier League,2023,13,1700924400,Burnley,West Ham United,finished,1.0,2.0
11352370,Premier League,2023,13,1700924400,Luton Town,Crystal Palace,finished,2.0,1.0
11352375,Premier League,2023,13,1700924400,Newcastle United,Chelsea,finished,4.0,1.0
11352379,Premier League,2023,13,1700924400,Nottingham Forest,Brighton & Hove Albion,finished,2.0,3.0
11352382,Premier League,2023,13,1700924400,Sheffield United,Bournemouth,finished,1.0,3.0
11352356,Premier League,2023,13,1700933400,Brentford,Arsenal,finished,0.0,1.0
11352385,Premier League,2023,13,1701007200,Tottenham Hotspur,Aston Villa,finished,1.0,2.0
11352363,Premier League,2023,13,1701016200,Everton,Manchester United,finished,0.0,3.0
11352366,Premier League,2023,13,1701115200,Fulham,Wolverhampton,finished,3.0,2.0
11352391,Premier League,2023,14,1701529200,Arsenal,Wolverhampton,finished,2.0,1.0
11352393,Premier League,2023,14,1701529200,Brentford,Luton Town,finished,3.0,1.0
11352396,Premier League,2023,14,1701529200,Burnley,Sheffield United,finished,5.0,0.0
11352411,Premier League,2023,14,1701538200,Nottingham Forest,Everton,finished,0.0,1.0
11352408,Premier League,2023,14,1701547200,Newcastle United,Manchester United,finished,1.0,0.0
11352388,Premier League,2023,14,1701612000,Bournemouth,Aston Villa,finished,2.0,2.0
11352400,Premier League,2023,14,1701612000,Chelsea,Brighton & Hove Albion,finished,3.0,2.0
11352404,Premier League,2023,14,1701612000,Liverpool FC,Fulham,finished,4.0,3.0
11352414,Premier League,2023,14,1701612000,West Ham United,Crystal Palace,finished,1.0,1.0
11352405,Premier League,2023,14,1701621000,Manchester City,Tottenham Hotspur,finished,3.0,3.0
11352440,Premier League,2023,15,1701804600,Wolverhampton,Burnley,finished,1.0,0.0
11352430,Premier League,2023,15,1701807300,Luton Town,Arsenal,finished,3.0,4.0
11352421,Premier League,2023,15,1701891000,Brighton & Hove Albion,Brentford,finished,2.0,1.0
11352442,Premier League,2023,15,1701891000,Crystal Palace,Bournemouth,finished,0.0,2.0
11352426,Premier League,2023,15,1701891000,Fulham,Nottingham Forest,finished,5.0,0.0
11352433,Premier League,2023,15,1701891000,Sheffield United,Liverpool FC,finished,0.0,2.0
11352417,Premier League,2023,15,1701893700,Aston Villa,Manchester City,finished,1.0,0.0
11352445,Premier League,2023,15,1701893700,Manchester United,Chelsea,finished,2.0,1.0
11352424,Premier League,2023,15,1701977400,Everton,Newcastle United,finished,3.0,0.0
11777279,Premier League,2023,15,1701980100,Tottenham Hotspur,West Ham United,finished,1.0,2.0
11352455,Premier League,2023,16,1702125000,Crystal Palace,Liverpool FC,finished,1.0,2.0
11352452,Premier League,2023,16,1702134000,Brighton & Hove Albion,Burnley,finished,1.0,1.0
11352468,Premier League,2023,16,1702134000,Manchester United,Bournemouth,finished,0.0,3.0
11352471,Premier League,2023,16,1702134000,Sheffield United,Brentford,finished,1.0,0.0
11352477,Premier League,2023,16,1702134000,Wolverhampton,Nottingham Forest,finished,1.0,1.0
11352449,Premier League,2023,16,1702143000,Aston Villa,Arsenal,finished,1.0,0.0
11352459,Premier League,2023,16,1702216800,Everton,Chelsea,finished,2.0,0.0
11352461,Premier League,2023,16,1702216800,Fulham,West Ham United,finished,5.0,0.0
11352464,Premier League,2023,16,1702216800,Luton Town,Manchester City,finished,1.0,2.0
11352473,Premier League,2023,16,1702225800,Tottenham Hotspur,Newcastle United,finished,4.0,1.0
11352505,Premier League,2023,17,1702670400,Nottingham Forest,Tottenham Hotspur,finished,0.0,2.0
11352492,Premier League,2023,17,1702738800,Chelsea,Sheffield United,finished,2.0,0.0
11352498,Premier League,2023,17,1702738800,Manchester City,Crystal Palace,finished,2.0,2.0
11352501,Premier League,2023,17,1702738800,Newcastle United,Fulham,finished,3.0,0.0
11352489,Premier League,2023,17,1702747800,Burnley,Everton,finished,0.0,2.0
11352483,Premier League,2023,17,1702821600,Arsenal,Brighton & Hove Albion,finished,2.0,0.0
11352487,Premier League,2023,17,1702821600,Brentford,Aston Villa,finished,1.0,2.0
11352508,Premier League,2023,17,1702821600,West Ham United,Wolverhampton,finished,3.0,0.0
11352496,Premier League,2023,17,1702830600,Liverpool FC,Manchester United,finished,0.0,0.0
11352514,Premier League,2023,18,1703188800,Crystal Palace,Brighton & Hove Albion,finished,1.0,1.0
11352511,Premier League,2023,18,1703275200,Aston Villa,Sheffield United,finished,1.0,1.0
11352535,Premier League,2023,18,1703334600,West Ham United,Manchester United,finished,2.0,0.0
11352517,Premier League,2023,18,1703343600,Fulham,Burnley,finished,0.0,2.0
11352522,Premier League,2023,18,1703343600,Luton Town,Newcastle United,finished,1.0,0.0
11352528,Premier League,2023,18,1703343600,Nottingham Forest,Bournemouth,finished,2.0,3.0
11352531,Premier League,2023,18,1703343600,Tottenham Hotspur,Everton,finished,2.0,1.0
11352520,Premier League,2023,18,1703352600,Liverpool FC,Arsenal,finished,1.0,1.0
11352538,Premier League,2023,18,1703422800,Wolverhampton,Chelsea,finished,2.0,1.0
11352566,Premier League,2023,19,1703593800,Newcastle United,Nottingham Forest,finished,1.0,3.0
11352541,Premier League,2023,19,1703602800,Bournemouth,Fulham,finished,3.0,0.0
11352569,Premier League,2023,19,1703602800,Sheffield United,Luton Town,finished,2.0,3.0
11352554,Premier League,2023,19,1703611800,Burnley,Liverpool FC,finished,0.0,2.0
11352563,Premier League,2023,19,1703620800,Manchester United,Aston Villa,finished,3.0,2.0
11352547,Premier League,2023,19,1703705400,Brentford,Wolverhampton,finished,1.0,4.0
11352557,Premier League,2023,19,1703705400,Chelsea,Crystal Palace,finished,2.0,1.0
11352559,Premier League,2023,19,1703708100,Everton,Manchester City,finished,1.0,3.0
11777280,Premier League,2023,19,1703791800,Brighton & Hove Albion,Tottenham Hotspur,finished,4.0,2.0
11777281,Premier League,2023,19,1703794500,Arsenal,West Ham United,finished,0.0,2.0
11352582,Premier League,2023,20,1703939400,Luton Town,Chelsea,finished,2.0,3.0
11352573,Premier League,2023,20,1703948400,Aston Villa,Burnley,finished,3.0,2.0
11352576,Premier League,2023,20,1703948400,Crystal Palace,Brentford,finished,3.0,1.0
11352583,Premier League,2023,20,1703948400,Manchester City,Sheffield United,finished,2.0,0.0
11352592,Premier League,2023,20,1703948400,Wolverhampton,Everton,finished,3.0,0.0
11352586,Premier League,2023,20,1703957400,Nottingham Forest,Manchester United,finished,2.0,1.0
11352577,Premier League,2023,20,1704031200,Fulham,Arsenal,finished,2.0,1.0
11352587,Premier League,2023,20,1704031200,Tottenham Hotspur,Bournemouth,finished,3.0,1.0
11352580,Premier League,2023,20,1704139200,Liverpool FC,Newcastle United,finished,4.0,2.0
11352589,Premier League,2023,20,1704223800,West Ham United,Brighton & Hove Albion,finished,0.0,0.0
11352318,Premier League,2023,21,1705088700,Burnley,Luton Town,finished,1.0,1.0
11352321,Premier League,2023,21,1705149000,Chelsea,Fulham,finished,1.0,0.0
11352331,Premier League,2023,21,1705167000,Newcastle United,Manchester City,finished,2.0,3.0
11352324,Premier League,2023,21,1705240800,Everton,Aston Villa,finished,0.0,0.0
11352328,Premier League,2023,21,1705249800,Manchester United,Tottenham Hotspur,finished,2.0,2.0
11352311,Premier League,2023,21,1705753800,Arsenal,Crystal Palace,finished,5.0,0.0
11352313,Premier League,2023,21,1705771800,Brentford,Nottingham Forest,finished,3.0,2.0
11352334,Premier League,2023,21,1705845600,Sheffield United,West Ham United,finished,2.0,2.0
11352308,Premier League,2023,21,1705854600,Bournemouth,Liverpool FC,finished,0.0,4.0
11352315,Premier League,2023,21,1705952700,Brighton & Hove Albion,Wolverhampton,finished,0.0,0.0
11352348,Premier League,2023,22,1706643000,Nottingham Forest,Arsenal,finished,1.0,2.0
11352342,Premier League,2023,22,1706643900,Fulham,Everton,finished,0.0,0.0
11352344,Premier League,2023,22,1706643900,Luton Town,Brighton & Hove Albion,finished,4.0,0.0
11352361,Premier League,2023,22,1706644800,Crystal Palace,Sheffield United,finished,3.0,2.0
11352338,Premier League,2023,22,1706645700,Aston Villa,Newcastle United,finished,1.0,3.0
11352369,Premier League,2023,22,1706729400,Manchester City,Burnley,finished,3.0,1.0
11352351,Premier League,2023,22,1706729400,Tottenham Hotspur,Brentford,finished,3.0,2.0
11352365,Premier League,2023,22,1706732100,Liverpool FC,Chelsea,finished,4.0,1.0
11352354,Premier League,2023,22,1706815800,West Ham United,Bournemouth,finished,1.0,1.0
11896302,Premier League,2023,22,1706818500,Wolverhampton,Manchester United,finished,3.0,4.0
11352395,Premier League,2023,23,1706963400,Everton,Tottenham Hotspur,finished,2.0,2.0
11352383,Premier League,2023,23,1706972400,Brighton & Hove Albion,Crystal Palace,finished,4.0,1.0
11352386,Premier League,2023,23,1706972400,Burnley,Fulham,finished,2.0,2.0
11352402,Premier League,2023,23,1706972400,Newcastle United,Luton Town,finished,4.0,4.0
11352409,Premier League,2023,23,1706981400,Sheffield United,Aston Villa,finished,0.0,5.0
11352372,Premier League,2023,23,1707055200,Bournemouth,Nottingham Forest,finished,1.0,1.0
11352392,Premier League,2023,23,1707055200,Chelsea,Wolverhampton,finished,2.0,4.0
11352398,Premier League,2023,23,1707055200,Manchester United,West Ham United,finished,3.0,0.0
11352376,Premier League,2023,23,1707064200,Arsenal,Liverpool FC,finished,3.0,1.0
11352380,Premier League,2023,23,1707163200,Brentford,Manchester City,finished,1.0,3.0
11352431,Premier League,2023,24,1707568200,Manchester City,Everton,finished,2.0,0.0
11352419,Premier League,2023,24,1707577200,Fulham,Bournemouth,finished,3.0,1.0
11352423,Premier League,2023,24,1707577200,Liverpool FC,Burnley,finished,3.0,1.0
11352427,Premier League,2023,24,1707577200,Luton Town,Sheffield United,finished,1.0,3.0
11352439,Premier League,2023,24,1707577200,Tottenham Hotspur,Brighton & Hove Albion,finished,2.0,1.0
11352446,Premier League,2023,24,1707577200,Wolverhampton,Brentford,finished,0.0,2.0
11352435,Premier League,2023,24,1707586200,Nottingham Forest,Newcastle United,finished,2.0,3.0
11352443,Premier League,2023,24,1707660000,West Ham United,Arsenal,finished,0.0,6.0
11352412,Premier League,2023,24,1707669000,Aston Villa,Manchester United,finished,1.0,2.0
11352415,Premier League,2023,24,1707768000,Crystal Palace,Chelsea,finished,1.0,3.0
11352450,Premier League,2023,25,1708173000,Brentford,Liverpool FC,finished,1.0,4.0
11352453,Premier League,2023,25,1708182000,Burnley,Arsenal,finished,0.0,5.0
11352462,Premier League,2023,25,1708182000,Fulham,Aston Villa,finished,1.0,2.0
11352474,Premier League,2023,25,1708182000,Newcastle United,Bournemouth,finished,2.0,2.0
11352478,Premier League,2023,25,1708182000,Nottingham Forest,West Ham United,finished,2.0,0.0
11352486,Premier League,2023,25,1708182000,Tottenham Hotspur,Wolverhampton,finished,1.0,2.0
11352469,Premier League,2023,25,1708191000,Manchester City,Chelsea,finished,1.0,1.0
11352481,Premier League,2023,25,1708264800,Sheffield United,Brighton & Hove Albion,finished,0.0,5.0
11352465,Premier League,2023,25,1708273800,Luton Town,Manchester United,finished,1.0,2.0
11352458,Premier League,2023,25,1708372800,Everton,Crystal Palace,finished,1.0,1.0
11971437,Premier League,2023,18,1708457400,Manchester City,Brentford,finished,1.0,0.0
11352512,Premier League,2023,26,1708543800,Liverpool FC,Luton Town,finished,4.0,1.0
11352499,Premier League,2023,26,1708786800,Aston Villa,Nottingham Forest,finished,4.0,2.0
11352502,Premier League,2023,26,1708786800,Brighton & Hove Albion,Everton,finished,1.0,1.0
11352509,Premier League,2023,26,1708786800,Crystal Palace,Burnley,finished,3.0,0.0
11352518,Premier League,2023,26,1708786800,Manchester United,Fulham,finished,1.0,2.0
11352490,Premier League,2023,26,1708795800,Bournemouth,Manchester City,finished,0.0,1.0
11352493,Premier League,2023,26,1708804800,Arsenal,Newcastle United,finished,4.0,1.0
11352525,Premier League,2023,26,1708867800,Wolverhampton,Sheffield United,finished,1.0,0.0
11352521,Premier League,2023,26,1708977600,West Ham United,Brentford,finished,4.0,2.0
11352530,Premier League,2023,27,1709391600,Brentford,Chelsea,finished,2.0,2.0
11352537,Premier League,2023,27,1709391600,Everton,West Ham United,finished,1.0,3.0
11352540,Premier League,2023,27,1709391600,Fulham,Brighton & Hove Albion,finished,3.0,0.0
11352553,Premier League,2023,27,1709391600,Newcastle United,Wolverhampton,finished,3.0,0.0
11352556,Premier League,2023,27,1709391600,Nottingham Forest,Liverpool FC,finished,0.0,1.0
11352564,Premier League,2023,27,1709391600,Tottenham Hotspur,Crystal Palace,finished,3.0,1.0
11352545,Premier League,2023,27,1709400600,Luton Town,Aston Villa,finished,2.0,3.0
11352533,Premier League,2023,27,1709470800,Burnley,Bournemouth,finished,0.0,2.0
11352548,Premier League,2023,27,1709479800,Manchester City,Manchester United,finished,3.0,1.0
11352560,Premier League,2023,27,1709582400,Sheffield United,Arsenal,finished,0.0,6.0
11352591,Premier League,2023,28,1709987400,Manchester United,Everton,finished,2.0,0.0
11352567,Premier League,2023,28,1709996400,Bournemouth,Sheffield United,finished,2.0,2.0
11352585,Premier League,2023,28,1709996400,Crystal Palace,Luton Town,finished,1.0,1.0
11352595,Premier League,2023,28,1709996400,Wolverhampton,Fulham,finished,2.0,1.0
11352572,Premier League,2023,28,1710005400,Arsenal,Brentford,finished,2.0,1.0
11352575,Premier League,2023,28,1710075600,Aston Villa,Tottenham Hotspur,finished,0.0,4.0
11352579,Premier League,2023,28,1710079200,Brighton & Hove Albion,Nottingham Forest,finished,1.0,0.0
11352593,Premier League,2023,28,1710079200,West Ham United,Burnley,finished,2.0,2.0
11352588,Premier League,2023,28,1710085500,Liverpool FC,Manchester City,finished,1.0,1.0
11352581,Premier League,2023,28,1710187200,Chelsea,Newcastle United,finished,3.0,2.0
11977248,Premier League,2023,17,1710358200,Bournemouth,Luton Town,finished,4.0,3.0
11352599,Premier League,2023,29,1710601200,Burnley,Brentford,finished,2.0,1.0
11352606,Premier League,2023,29,1710601200,Luton Town,Nottingham Forest,finished,1.0,1.0
11352604,Premier League,2023,29,1710610200,Fulham,Tottenham Hotspur,finished,3.0,0.0
11352609,Premier League,2023,29,1710684000,West Ham United,Aston Villa,finished,1.0,1.0
11352620,Premier League,2023,30,1711801800,Newcastle United,West Ham United,finished,4.0,3.0
11352612,Premier League,2023,30,1711810800,Bournemouth,Everton,finished,2.0,1.0
11352616,Premier League,2023,30,1711810800,Chelsea,Burnley,finished,2.0,2.0
11352622,Premier League,2023,30,1711810800,Nottingham Forest,Crystal Palace,finished,1.0,1.0
11352623,Premier League,2023,30,1711810800,Sheffield United,Fulham,finished,3.0,3.0
11352624,Premier League,2023,30,1711810800,Tottenham Hotspur,Luton Town,finished,2.0,1.0
11352613,Premier League,2023,30,1711819800,Aston Villa,Wolverhampton,finished,2.0,0.0
11352614,Premier League,2023,30,1711828800,Brentford,Manchester United,finished,1.0,1.0
11352617,Premier League,2023,30,1711890000,Liverpool FC,Brighton & Hove Albion,finished,2.0,1.0
11352619,Premier League,2023,30,1711899000,Manchester City,Arsenal,finished,0.0,0.0
11352343,Premier League,2023,31,1712082600,Newcastle United,Everton,finished,1.0,1.0
11352333,Premier League,2023,31,1712082600,Nottingham Forest,Fulham,finished,3.0,1.0
11352319,Premier League,2023,31,1712083500,Bournemouth,Crystal Palace,finished,1.0,0.0
11352330,Premier League,2023,31,1712083500,Burnley,Wolverhampton,finished,1.0,1.0
11352336,Premier League,2023,31,1712085300,West Ham United,Tottenham Hotspur,finished,1.0,1.0
11352322,Premier League,2023,31,1712169000,Arsenal,Luton Town,finished,2.0,0.0
11352325,Premier League,2023,31,1712169000,Brentford,Brighton & Hove Albion,finished,0.0,0.0
11352352,Premier League,2023,31,1712171700,Manchester City,Aston Villa,finished,4.0,1.0
11352347,Premier League,2023,31,1712255400,Liverpool FC,Sheffield United,finished,3.0,1.0
11352340,Premier League,2023,31,1712258100,Chelsea,Manchester United,finished,4.0,3.0
11352362,Premier League,2023,32,1712403000,Crystal Palace,Manchester City,finished,2.0,4.0
11352355,Premier League,2023,32,1712412000,Aston Villa,Brentford,finished,3.0,3.0
11352364,Premier League,2023,32,1712412000,Everton,Burnley,finished,1.0,0.0
11352368,Premier League,2023,32,1712412000,Fulham,Newcastle United,finished,0.0,1.0
11352371,Premier League,2023,32,1712412000,Luton Town,Bournemouth,finished,2.0,1.0
11352384,Premier League,2023,32,1712412000,Wolverhampton,West Ham United,finished,1.0,2.0
11352359,Premier League,2023,32,1712421000,Brighton & Hove Albion,Arsenal,finished,0.0,3.0
11352374,Premier League,2023,32,1712500200,Manchester United,Liverpool FC,finished,2.0,2.0
11352378,Premier League,2023,32,1712507400,Sheffield United,Chelsea,finished,2.0,2.0
11352381,Premier League,2023,32,1712509200,Tottenham Hotspur,Nottingham Forest,finished,3.0,1.0
11352410,Premier League,2023,33,1713007800,Newcastle United,Tottenham Hotspur,finished,4.0,0.0
11352394,Premier League,2023,33,1713016800,Brentford,Sheffield United,finished,2.0,0.0
11352397,Premier League,2023,33,1713016800,Burnley,Brighton & Hove Albion,finished,1.0,1.0
11352406,Premier League,2023,33,1713016800,Manchester City,Luton Town,finished,5.0,1.0
11352413,Premier League,2023,33,1713016800,Nottingham Forest,Wolverhampton,finished,2.0,2.0
11352387,Premier League,2023,33,1713025800,Bournemouth,Manchester United,finished,2.0,2.0
11352403,Premier League,2023,33,1713099600,Liverpool FC,Crystal Palace,finished,0.0,1.0
11352416,Premier League,2023,33,1713099600,West Ham United,Fulham,finished,0.0,2.0
11352390,Premier League,2023,33,1713108600,Arsenal,Aston Villa,finished,0.0,2.0
11352401,Premier League,2023,33,1713207600,Chelsea,Everton,finished,6.0,0.0
11352434,Premier League,2023,34,1713621600,Luton Town,Brentford,finished,1.0,5.0
11352441,Premier League,2023,34,1713621600,Sheffield United,Burnley,finished,1.0,4.0
11352448,Premier League,2023,34,1713637800,Wolverhampton,Arsenal,finished,0.0,2.0
11352429,Premier League,2023,34,1713702600,Everton,Nottingham Forest,finished,2.0,0.0
11352420,Premier League,2023,34,1713708000,Aston Villa,Bournemouth,finished,3.0,1.0
11352425,Premier League,2023,34,1713708000,Crystal Palace,West Ham United,finished,5.0,2.0
11352432,Premier League,2023,34,1713713400,Fulham,Liverpool FC,finished,1.0,3.0
12190322,Premier League,2023,29,1713898800,Arsenal,Chelsea,finished,5.0,0.0
12190332,Premier League,2023,29,1713984300,Wolverhampton,Bournemouth,finished,0.0,1.0
12190340,Premier League,2023,29,1713985200,Crystal Palace,Newcastle United,finished,2.0,0.0
12190339,Premier League,2023,29,1713985200,Everton,Liverpool FC,finished,2.0,0.0
12190336,Premier League,2023,29,1713985200,Manchester United,Sheffield United,finished,4.0,2.0
12190341,Premier League,2023,29,1714071600,Brighton & Hove Albion,Manchester City,finished,0.0,4.0
11352476,Premier League,2023,35,1714217400,West Ham United,Liverpool FC,finished,2.0,2.0
11352460,Premier League,2023,35,1714226400,Fulham,Crystal Palace,finished,1.0,1.0
11352463,Premier League,2023,35,1714226400,Manchester United,Burnley,finished,1.0,1.0
11352467,Premier League,2023,35,1714226400,Newcastle United,Sheffield United,finished,5.0,1.0
11352479,Premier League,2023,35,1714226400,Wolverhampton,Luton Town,finished,2.0,1.0
11352457,Premier League,2023,35,1714235400,Everton,Brentford,finished,1.0,0.0
11352454,Premier League,2023,35,1714244400,Aston Villa,Chelsea,finished,2.0,2.0
11352451,Premier League,2023,35,1714309200,Bournemouth,Brighton & Hove Albion,finished,3.0,0.0
11352472,Premier League,2023,35,1714309200,Tottenham Hotspur,Arsenal,finished,2.0,3.0
11352470,Premier League,2023,35,1714318200,Nottingham Forest,Manchester City,finished,0.0,2.0
12226774,Premier League,2023,26,1714674600,Chelsea,Tottenham Hotspur,finished,2.0,0.0
11352503,Premier League,2023,36,1714762800,Luton Town,Everton,finished,1.0,1.0
11352482,Premier League,2023,36,1714822200,Arsenal,Bournemouth,finished,3.0,0.0
11352485,Premier League,2023,36,1714831200,Brentford,Fulham,finished,0.0,0.0
11352491,Premier League,2023,36,1714831200,Burnley,Newcastle United,finished,1.0,4.0
11352510,Premier League,2023,36,1714831200,Sheffield United,Nottingham Forest,finished,1.0,3.0
11352507,Premier League,2023,36,1714840200,Manchester City,Wolverhampton,finished,5.0,1.0
11352488,Premier League,2023,36,1714914000,Brighton & Hove Albion,Aston Villa,finished,1.0,0.0
11352494,Premier League,2023,36,1714914000,Chelsea,West Ham United,finished,5.0,0.0
11352500,Premier League,2023,36,1714923000,Liverpool FC,Tottenham Hotspur,finished,4.0,2.0
12226495,Premier League,2023,36,1715022000,Crystal Palace,Manchester United,finished,4.0,0.0
11352529,Premier League,2023,37,1715427000,Fulham,Manchester City,finished,0.0,4.0
11352519,Premier League,2023,37,1715436000,Bournemouth,Brentford,finished,1.0,2.0
11352527,Premier League,2023,37,1715436000,Everton,Sheffield United,finished,1.0,0.0
11352536,Premier League,2023,37,1715436000,Newcastle United,Brighton & Hove Albion,finished,1.0,1.0
11352542,Premier League,2023,37,1715436000,Tottenham Hotspur,Burnley,finished,2.0,1.0
11352513,Premier League,2023,37,1715436000,West Ham United,Luton Town,finished,3.0,1.0
11352516,Premier League,2023,37,1715436000,Wolverhampton,Crystal Palace,finished,1.0,3.0
11352539,Premier League,2023,37,1715445000,Nottingham Forest,Chelsea,finished,2.0,3.0
11352532,Premier League,2023,37,1715527800,Manchester United,Arsenal,finished,0.0,1.0
11352523,Premier League,2023,37,1715626800,Aston Villa,Liverpool FC,finished,3.0,3.0
12240634,Premier League,2023,34,1715713200,Tottenham Hotspur,Manchester City,finished,0.0,2.0
12240570,Premier League,2023,34,1715798700,Brighton & Hove Albion,Chelsea,finished,1.0,2.0
12240571,Premier League,2023,34,1715799600,Manchester United,Newcastle United,finished,3.0,2.0
11352546,Premier League,2023,38,1716130800,Arsenal,Everton,finished,2.0,1.0
11352549,Premier League,2023,38,1716130800,Brentford,Newcastle United,finished,2.0,4.0
11352552,Premier League,2023,38,1716130800,Brighton & Hove Albion,Manchester United,finished,0.0,2.0
11352555,Premier League,2023,38,1716130800,Burnley,Nottingham Forest,finished,1.0,2.0
11352558,Premier League,2023,38,1716130800,Chelsea,Bournemouth,finished,2.0,1.0
11352562,Premier League,2023,38,1716130800,Crystal Palace,Aston Villa,finished,5.0,0.0
11352565,Premier League,2023,38,1716130800,Liverpool FC,Wolverhampton,finished,2.0,0.0
11352568,Premier League,2023,38,1716130800,Luton Town,Fulham,finished,2.0,4.0
11352571,Premier League,2023,38,1716130800,Manchester City,West Ham United,finished,3.0,1.0
11352574,Premier League,2023,38,1716130800,Sheffield United,Tottenham Hotspur,finished,0.0,3.0
12436870,Premier League,2024,1,1723834800,Manchester United,Fulham,finished,1.0,0.0
12436871,Premier League,2024,1,1723894200,Ipswich Town,Liverpool FC,finished,0.0,2.0
12436872,Premier League,2024,1,1723903200,Arsenal,Wolverhampton,finished,2.0,0.0
12436873,Premier League,2024,1,1723903200,Everton,Brighton & Hove Albion,finished,0.0,3.0
12436874,Premier League,2024,1,1723903200,Newcastle United,Southampton,finished,1.0,0.0
12436875,Premier League,2024,1,1723903200,Nottingham Forest,Bournemouth,finished,1.0,1.0
12436877,Premier League,2024,1,1723912200,West Ham United,Aston Villa,finished,1.0,2.0
12436879,Premier League,2024,1,1723986000,Brentford,Crystal Palace,finished,2.0,1.0
12436880,Premier League,2024,1,1723995000,Chelsea,Manchester City,finished,0.0,2.0
12436881,Premier League,2024,1,1724094000,Leicester City,Tottenham Hotspur,finished,1.0,1.0
12436888,Premier League,2024,2,1724499000,Brighton & Hove Albion,Manchester United,finished,2.0,1.0
12436892,Premier League,2024,2,1724508000,Crystal Palace,West Ham United,finished,0.0,2.0
12436894,Premier League,2024,2,1724508000,Fulham,Leicester City,finished,2.0,1.0
12436898,Premier League,2024,2,1724508000,Manchester City,Ipswich Town,finished,4.0,1.0
12436900,Premier League,2024,2,1724508000,Southampton,Nottingham Forest,finished,0.0,1.0
12436902,Premier League,2024,2,1724508000,Tottenham Hotspur,Everton,finished,4.0,0.0
12436886,Premier League,2024,2,1724517000,Aston Villa,Arsenal,finished,0.0,2.0
12436884,Premier League,2024,2,1724590800,Bournemouth,Newcastle United,finished,1.0,1.0
12436904,Premier League,2024,2,1724590800,Wolverhampton,Chelsea,finished,2.0,6.0
12436896,Premier League,2024,2,1724599800,Liverpool FC,Brentford,finished,2.0,0.0
12436906,Premier League,2024,3,1725103800,Arsenal,Brighton & Hove Albion,finished,1.0,1.0
12436908,Premier League,2024,3,1725112800,Brentford,Southampton,finished,3.0,1.0
12436912,Premier League,2024,3,1725112800,Everton,Bournemouth,finished,2.0,3.0
12436915,Premier League,2024,3,1725112800,Ipswich Town,Fulham,finished,1.0,1.0
12436918,Premier League,2024,3,1725112800,Leicester City,Aston Villa,finished,1.0,2.0
12436926,Premier League,2024,3,1725112800,Nottingham Forest,Wolverhampton,finished,1.0,1.0
12436927,Premier League,2024,3,1725121800,West Ham United,Manchester City,finished,1.0,3.0
12436910,Premier League,2024,3,1725193800,Chelsea,Crystal Palace,finished,1.0,1.0
12436923,Premier League,2024,3,1725193800,Newcastle United,Tottenham Hotspur,finished,2.0,1.0
12436920,Premier League,2024,3,1725202800,Manchester United,Liverpool FC,finished,0.0,3.0
12436949,Premier League,2024,4,1726313400,Southampton,Manchester United,finished,0.0,3.0
12436936,Premier League,2024,4,1726322400,Brighton & Hove Albion,Ipswich Town,finished,0.0,0.0
12436938,Premier League,2024,4,1726322400,Crystal Palace,Leicester City,finished,2.0,2.0
12436941,Premier League,2024,4,1726322400,Fulham,West Ham United,finished,1.0,1.0
12436944,Premier League,2024,4,1726322400,Liverpool FC,Nottingham Forest,finished,0.0,1.0
12436946,Premier League,2024,4,1726322400,Manchester City,Brentford,finished,2.0,1.0
12436933,Premier League,2024,4,1726331400,Aston Villa,Everton,finished,3.0,2.0
12436931,Premier League,2024,4,1726340400,Bournemouth,Chelsea,finished,0.0,1.0
12436951,Premier League,2024,4,1726405200,Tottenham Hotspur,Arsenal,finished,0.0,1.0
12436954,Premier League,2024,4,1726414200,Wolverhampton,Newcastle United,finished,1.0,2.0
12436980,Premier League,2024,5,1726918200,West Ham United,Chelsea,finished,0.0,3.0
12436957,Premier League,2024,5,1726927200,Aston Villa,Wolverhampton,finished,3.0,1.0
12436964,Premier League,2024,5,1726927200,Fulham,Newcastle United,finished,3.0,1.0
12436967,Premier League,2024,5,1726927200,Leicester City,Everton,finished,1.0,1.0
12436969,Premier League,2024,5,1726927200,Liverpool FC,Bournemouth,finished,3.0,0.0
12436973,Premier League,2024,5,1726927200,Southampton,Ipswich Town,finished,1.0,1.0
12436977,Premier League,2024,5,1726927200,Tottenham Hotspur,Brentford,finished,3.0,1.0
12436962,Premier League,2024,5,1726936200,Crystal Palace,Manchester United,finished,0.0,0.0
12436959,Premier League,2024,5,1727010000,Brighton & Hove Albion,Nottingham Forest,finished,2.0,2.0
12436971,Premier League,2024,5,1727019000,Manchester City,Arsenal,finished,2.0,2.0
12436999,Premier League,2024,6,1727523000,Newcastle United,Manchester City,finished,1.0,1.0
12436985,Premier League,2024,6,1727532000,Arsenal,Leicester City,finished,4.0,2.0
12436987,Premier League,2024,6,1727532000,Brentford,West Ham United,finished,1.0,1.0
12436989,Premier League,2024,6,1727532000,Chelsea,Brighton & Hove Albion,finished,4.0,2.0
12436992,Premier League,2024,6,1727532000,Everton,Crystal Palace,finished,2.0,1.0
12437001,Premier League,2024,6,1727532000,Nottingham Forest,Fulham,finished,0.0,1.0
12437002,Premier League,2024,6,1727541000,Wolverhampton,Liverpool FC,finished,1.0,2.0
12436993,Premier League,2024,6,1727614800,Ipswich Town,Aston Villa,finished,2.0,2.0
12436995,Premier League,2024,6,1727623800,Manchester United,Tottenham Hotspur,finished,0.0,3.0
12436982,Premier League,2024,6,1727722800,Bournemouth,Southampton,finished,3.0,1.0
12437015,Premier League,2024,7,1728127800,Crystal Palace,Liverpool FC,finished,0.0,1.0
12437004,Premier League,2024,7,1728136800,Arsenal,Southampton,finished,3.0,1.0
12437008,Premier League,2024,7,1728136800,Brentford,Wolverhampton,finished,5.0,3.0
12437020,Premier League,2024,7,1728136800,Leicester City,Bournemouth,finished,1.0,0.0
12437022,Premier League,2024,7,1728136800,Manchester City,Fulham,finished,3.0,2.0
12437024,Premier League,2024,7,1728136800,West Ham United,Ipswich Town,finished,4.0,1.0
12437018,Premier League,2024,7,1728145800,Everton,Newcastle United,finished,0.0,0.0
12437006,Premier League,2024,7,1728219600,Aston Villa,Manchester United,finished,0.0,0.0
12437013,Premier League,2024,7,1728219600,Chelsea,Nottingham Forest,finished,1.0,1.0
12437011,Premier League,2024,7,1728228600,Brighton & Hove Albion,Tottenham Hotspur,finished,3.0,2.0
12437038,Premier League,2024,8,1729337400,Tottenham Hotspur,West Ham United,finished,4.0,1.0
12437028,Premier League,2024,8,1729346400,Fulham,Aston Villa,finished,1.0,3.0
12437034,Premier League,2024,8,1729346400,Manchester United,Brentford,finished,2.0,1.0
12437035,Premier League,2024,8,1729346400,Newcastle United,Brighton & Hove Albion,finished,0.0,1.0
12437037,Premier League,2024,8,1729346400,Southampton,Leicester City,finished,2.0,3.0
12437030,Premier League,2024,8,1729347300,Ipswich Town,Everton,finished,0.0,2.0
12437026,Premier League,2024,8,1729355400,Bournemouth,Arsenal,finished,2.0,0.0
12437039,Premier League,2024,8,1729429200,Wolverhampton,Manchester City,finished,1.0,2.0
12437032,Premier League,2024,8,1729438200,Liverpool FC,Chelsea,finished,2.0,1.0
12437036,Premier League,2024,8,1729537200,Nottingham Forest,Crystal Palace,finished,1.0,0.0
12437048,Premier League,2024,9,1729882800,Leicester City,Nottingham Forest,finished,1.0,3.0
12437041,Premier League,2024,9,1729951200,Aston Villa,Bournemouth,finished,1.0,1.0
12437043,Premier League,2024,9,1729951200,Brentford,Ipswich Town,finished,4.0,3.0
12437044,Premier League,2024,9,1729951200,Brighton & Hove Albion,Wolverhampton,finished,2.0,2.0
12437049,Premier League,2024,9,1729951200,Manchester City,Southampton,finished,1.0,0.0
12437047,Premier League,2024,9,1729960200,Everton,Fulham,finished,1.0,1.0
12437045,Premier League,2024,9,1730037600,Chelsea,Newcastle United,finished,2.0,1.0
12437046,Premier League,2024,9,1730037600,Crystal Palace,Tottenham Hotspur,finished,1.0,0.0
12437050,Premier League,2024,9,1730037600,West Ham United,Manchester United,finished,2.0,1.0
12437040,Premier League,2024,9,1730046600,Arsenal,Liverpool FC,finished,2.0,2.0
12437056,Premier League,2024,10,1730550600,Newcastle United,Arsenal,finished,1.0,0.0
12437051,Premier League,2024,10,1730559600,Bournemouth,Manchester City,finished,2.0,1.0
12437053,Premier League,2024,10,1730559600,Ipswich Town,Leicester City,finished,1.0,1.0
12437054,Premier League,2024,10,1730559600,Liverpool FC,Brighton & Hove Albion,finished,2.0,1.0
12437057,Premier League,2024,10,1730559600,Nottingham Forest,West Ham United,finished,3.0,0.0
12437058,Premier League,2024,10,1730559600,Southampton,Everton,finished,1.0,0.0
12437060,Premier League,2024,10,1730568600,Wolverhampton,Crystal Palace,finished,2.0,2.0
12437059,Premier League,2024,10,1730642400,Tottenham Hotspur,Aston Villa,finished,4.0,1.0
12437055,Premier League,2024,10,1730651400,Manchester United,Chelsea,finished,1.0,1.0
12437052,Premier League,2024,10,1730750400,Fulham,Brentford,finished,2.0,1.0
12436876,Premier League,2024,11,1731164400,Brentford,Bournemouth,finished,3.0,2.0
12436483,Premier League,2024,11,1731164400,Crystal Palace,Fulham,finished,0.0,2.0
12436486,Premier League,2024,11,1731164400,West Ham United,Everton,finished,0.0,0.0
12436485,Premier League,2024,11,1731164400,Wolverhampton,Southampton,finished,2.0,0.0
12436882,Premier League,2024,11,1731173400,Brighton & Hove Albion,Manchester City,finished,2.0,1.0
12436484,Premier League,2024,11,1731182400,Liverpool FC,Aston Villa,finished,2.0,0.0
12436494,Premier League,2024,11,1731247200,Manchester United,Leicester City,finished,3.0,0.0
12436487,Premier League,2024,11,1731247200,Nottingham Forest,Newcastle United,finished,1.0,3.0
12436492,Premier League,2024,11,1731247200,Tottenham Hotspur,Ipswich Town,finished,1.0,2.0
12436890,Premier League,2024,11,1731256200,Chelsea,Arsenal,finished,1.0,1.0
12436495,Premier League,2024,12,1732365000,Leicester City,Chelsea,finished,1.0,2.0
12436489,Premier League,2024,12,1732374000,Arsenal,Nottingham Forest,finished,3.0,0.0
12436493,Premier League,2024,12,1732374000,Aston Villa,Crystal Palace,finished,2.0,2.0
12436491,Premier League,2024,12,1732374000,Bournemouth,Brighton & Hove Albion,finished,1.0,2.0
12436488,Premier League,2024,12,1732374000,Everton,Brentford,finished,0.0,0.0
12436490,Premier League,2024,12,1732374000,Fulham,Wolverhampton,finished,1.0,4.0
12436499,Premier League,2024,12,1732383000,Manchester City,Tottenham Hotspur,finished,0.0,4.0
12436506,Premier League,2024,12,1732456800,Southampton,Liverpool FC,finished,2.0,3.0
12436497,Premier League,2024,12,1732465800,Ipswich Town,Manchester United,finished,1.0,1.0
12436496,Premier League,2024,12,1732564800,Newcastle United,West Ham United,finished,0.0,2.0
12436501,Premier League,2024,13,1732910400,Brighton & Hove Albion,Southampton,finished,1.0,1.0
12436500,Premier League,2024,13,1732978800,Brentford,Leicester City,finished,4.0,1.0
12436502,Premier League,2024,13,1732978800,Crystal Palace,Newcastle United,finished,1.0,1.0
12436503,Premier League,2024,13,1732978800,Nottingham Forest,Ipswich Town,finished,1.0,0.0
12436922,Premier League,2024,13,1732978800,Wolverhampton,Bournemouth,finished,2.0,4.0
12436914,Premier League,2024,13,1732987800,West Ham United,Arsenal,finished,2.0,5.0
12436498,Premier League,2024,13,1733059800,Chelsea,Aston Villa,finished,3.0,0.0
12436505,Premier League,2024,13,1733059800,Manchester United,Everton,finished,4.0,0.0
12436507,Premier League,2024,13,1733059800,Tottenham Hotspur,Fulham,finished,1.0,1.0
12436504,Premier League,2024,13,1733068800,Liverpool FC,Manchester City,finished,2.0,0.0
12436961,Premier League,2024,14,1733254200,Ipswich Town,Crystal Palace,finished,0.0,1.0
12436966,Premier League,2024,14,1733256900,Leicester City,West Ham United,finished,3.0,1.0
12436947,Premier League,2024,14,1733340600,Everton,Wolverhampton,finished,4.0,0.0
12436972,Premier League,2024,14,1733340600,Manchester City,Nottingham Forest,finished,3.0,0.0
12436978,Premier League,2024,14,1733340600,Newcastle United,Liverpool FC,finished,3.0,3.0
12436984,Premier League,2024,14,1733340600,Southampton,Chelsea,finished,1.0,5.0
12436935,Premier League,2024,14,1733343300,Arsenal,Manchester United,finished,2.0,0.0
12436942,Premier League,2024,14,1733343300,Aston Villa,Brentford,finished,3.0,1.0
12436955,Premier League,2024,14,1733427000,Fulham,Brighton & Hove Albion,finished,3.0,1.0
13015216,Premier League,2024,14,1733429700,Bournemouth,Tottenham Hotspur,finished,1.0,0.0
12436452,Premier League,2024,15,1733574600,Everton,Liverpool FC,postponed,,
12436990,Premier League,2024,15,1733583600,Aston Villa,Southampton,finished,1.0,0.0
12436450,Premier League,2024,15,1733583600,Brentford,Newcastle United,finished,4.0,2.0
12436445,Premier League,2024,15,1733583600,Crystal Palace,Manchester City,finished,2.0,2.0
12436449,Premier League,2024,15,1733592600,Manchester United,Nottingham Forest,finished,2.0,3.0
12436459,Premier League,2024,15,1733666400,Fulham,Arsenal,finished,1.0,1.0
12436462,Premier League,2024,15,1733666400,Ipswich Town,Bournemouth,finished,1.0,2.0
12436444,Premier League,2024,15,1733666400,Leicester City,Brighton & Hove Albion,finished,2.0,2.0
12436441,Premier League,2024,15,1733675400,Tottenham Hotspur,Chelsea,finished,3.0,4.0
12436454,Premier League,2024,15,1733774400,West Ham United,Wolverhampton,finished,2.0,1.0
12436438,Premier League,2024,16,1734188400,Arsenal,Everton,finished,0.0,0.0
12436446,Premier League,2024,16,1734188400,Liverpool FC,Fulham,finished,2.0,2.0
12436460,Premier League,2024,16,1734188400,Newcastle United,Leicester City,finished,4.0,0.0
12436456,Premier League,2024,16,1734188400,Wolverhampton,Ipswich Town,finished,1.0,2.0
12436447,Premier League,2024,16,1734197400,Nottingham Forest,Aston Villa,finished,2.0,1.0
12436457,Premier League,2024,16,1734271200,Brighton & Hove Albion,Crystal Palace,finished,1.0,3.0
12436451,Premier League,2024,16,1734280200,Manchester City,Manchester United,finished,1.0,2.0
12436461,Premier League,2024,16,1734289200,Chelsea,Brentford,finished,2.0,1.0
12436458,Premier League,2024,16,1734289200,Southampton,Tottenham Hotspur,finished,0.0,5.0
12436465,Premier League,2024,16,1734379200,Bournemouth,West Ham United,finished,1.0,1.0
12436453,Premier League,2024,17,1734784200,Aston Villa,Manchester City,finished,2.0,1.0
12436463,Premier League,2024,17,1734793200,Brentford,Nottingham Forest,finished,0.0,2.0
12436467,Premier League,2024,17,1734793200,Ipswich Town,Newcastle United,finished,0.0,4.0
12436478,Premier League,2024,17,1734793200,West Ham United,Brighton & Hove Albion,finished,1.0,1.0
12436464,Premier League,2024,17,1734802200,Crystal Palace,Arsenal,finished,1.0,5.0
12436466,Premier League,2024,17,1734876000,Everton,Chelsea,finished,0.0,0.0
12436468,Premier League,2024,17,1734876000,Fulham,Southampton,finished,0.0,0.0
12436469,Premier League,2024,17,1734876000,Leicester City,Wolverhampton,finished,0.0,3.0
12436470,Premier League,2024,17,1734876000,Manchester United,Bournemouth,finished,0.0,3.0
12436471,Premier League,2024,17,1734885000,Tottenham Hotspur,Liverpool FC,finished,3.0,6.0
12436481,Premier League,2024,18,1735216200,Manchester City,Everton,finished,1.0,1.0
12436476,Premier League,2024,18,1735225200,Bournemouth,Crystal Palace,finished,0.0,0.0
12436473,Premier League,2024,18,1735225200,Chelsea,Fulham,finished,1.0,2.0
12436477,Premier League,2024,18,1735225200,Newcastle United,Aston Villa,finished,3.0,0.0
12436479,Premier League,2024,18,1735225200,Nottingham Forest,Tottenham Hotspur,finished,1.0,0.0
12436480,Premier League,2024,18,1735225200,Southampton,West Ham United,finished,0.0,1.0
12436482,Premier League,2024,18,1735234200,Wolverhampton,Manchester United,finished,2.0,0.0
12436474,Premier League,2024,18,1735243200,Liverpool FC,Leicester City,finished,3.0,1.0
12436475,Premier League,2024,18,1735327800,Brighton & Hove Albion,Brentford,finished,0.0,0.0
12436472,Premier League,2024,18,1735330500,Arsenal,Ipswich Town,finished,1.0,0.0
12436512,Premier League,2024,19,1735482600,Leicester City,Manchester City,finished,0.0,2.0
12436532,Premier League,2024,19,1735484400,Crystal Palace,Southampton,finished,2.0,1.0
12436517,Premier League,2024,19,1735484400,Everton,Nottingham Forest,finished,0.0,2.0
12436515,Premier League,2024,19,1735484400,Fulham,Bournemouth,finished,2.0,2.0
12436521,Premier League,2024,19,1735484400,Tottenham Hotspur,Wolverhampton,finished,2.0,2.0
12436513,Premier League,2024,19,1735492500,West Ham United,Liverpool FC,finished,0.0,5.0
12436530,Premier League,2024,19,1735587900,Aston Villa,Brighton & Hove Albion,finished,2.0,2.0
12436510,Premier League,2024,19,1735587900,Ipswich Town,Chelsea,finished,2.0,0.0
12436522,Premier League,2024,19,1735588800,Manchester United,Newcastle United,finished,0.0,2.0
12436410,Premier League,2024,19,1735752600,Brentford,Arsenal,finished,1.0,3.0
12436519,Premier League,2024,20,1735993800,Tottenham Hotspur,Newcastle United,finished,1.0,2.0
12436523,Premier League,2024,20,1736002800,Aston Villa,Leicester City,finished,2.0,1.0
12436518,Premier League,2024,20,1736002800,Bournemouth,Everton,finished,1.0,0.0
12436419,Premier League,2024,20,1736002800,Crystal Palace,Chelsea,finished,1.0,1.0
12436508,Premier League,2024,20,1736002800,Manchester City,West Ham United,finished,4.0,1.0
12436520,Premier League,2024,20,1736002800,Southampton,Brentford,finished,0.0,5.0
12436528,Premier League,2024,20,1736011800,Brighton & Hove Albion,Arsenal,finished,1.0,1.0
12436525,Premier League,2024,20,1736085600,Fulham,Ipswich Town,finished,2.0,2.0
12436514,Premier League,2024,20,1736094600,Liverpool FC,Manchester United,finished,2.0,2.0
12436437,Premier League,2024,20,1736193600,Wolverhampton,Nottingham Forest,finished,0.0,3.0
12436436,Premier League,2024,21,1736883000,Brentford,Manchester City,finished,2.0,2.0
12436531,Premier League,2024,21,1736883000,Chelsea,Bournemouth,finished,2.0,2.0
12436509,Premier League,2024,21,1736883000,West Ham United,Fulham,finished,3.0,2.0
12436526,Premier League,2024,21,1736884800,Nottingham Forest,Liverpool FC,finished,1.0,1.0
12436434,Premier League,2024,21,1736969400,Everton,Aston Villa,finished,0.0,1.0
12436527,Premier League,2024,21,1736969400,Leicester City,Crystal Palace,finished,0.0,2.0
12436529,Premier League,2024,21,1736969400,Newcastle United,Wolverhampton,finished,3.0,0.0
12436511,Premier League,2024,21,1736971200,Arsenal,Tottenham Hotspur,finished,2.0,1.0
12436524,Premier League,2024,21,1737055800,Ipswich Town,Brighton & Hove Albion,finished,0.0,2.0
12436516,Premier League,2024,21,1737057600,Manchester United,Southampton,finished,3.0,1.0
12436885,Premier League,2024,22,1737203400,Newcastle United,Bournemouth,finished,1.0,4.0
12436440,Premier League,2024,22,1737212400,Brentford,Liverpool FC,finished,0.0,2.0
12436442,Premier League,2024,22,1737212400,Leicester City,Fulham,finished,0.0,2.0
12436889,Premier League,2024,22,1737212400,West Ham United,Crystal Palace,finished,0.0,2.0
12436443,Premier League,2024,22,1737221400,Arsenal,Aston Villa,finished,2.0,2.0
12436448,Premier League,2024,22,1737295200,Everton,Tottenham Hotspur,finished,3.0,2.0
12436883,Premier League,2024,22,1737295200,Manchester United,Brighton & Hove Albion,finished,1.0,3.0
12436887,Premier League,2024,22,1737295200,Nottingham Forest,Southampton,finished,3.0,2.0
12436439,Premier League,2024,22,1737304200,Ipswich Town,Manchester City,finished,0.0,6.0
12436455,Premier League,2024,22,1737403200,Chelsea,Wolverhampton,finished,3.0,1.0
12436891,Premier League,2024,23,1737817200,Bournemouth,Nottingham Forest,finished,5.0,0.0
12436895,Premier League,2024,23,1737817200,Brighton & Hove Albion,Everton,finished,0.0,1.0
12436901,Premier League,2024,23,1737817200,Liverpool FC,Ipswich Town,finished,4.0,1.0
12436905,Premier League,2024,23,1737817200,Southampton,Newcastle United,finished,1.0,3.0
12436909,Premier League,2024,23,1737817200,Wolverhampton,Arsenal,finished,0.0,1.0
12436903,Premier League,2024,23,1737826200,Manchester City,Chelsea,finished,3.0,1.0
12436897,Premier League,2024,23,1737900000,Crystal Palace,Brentford,finished,1.0,2.0
12436907,Premier League,2024,23,1737900000,Tottenham Hotspur,Leicester City,finished,1.0,2.0
12436893,Premier League,2024,23,1737909000,Aston Villa,West Ham United,finished,1.0,1.0
12436899,Premier League,2024,23,1737918000,Fulham,Manchester United,finished,0.0,1.0
12436930,Premier League,2024,24,1738413000,Nottingham Forest,Brighton & Hove Albion,finished,7.0,0.0
12436911,Premier League,2024,24,1738422000,Bournemouth,Liverpool FC,finished,0.0,2.0
12436921,Premier League,2024,24,1738422000,Everton,Leicester City,finished,4.0,0.0
12436924,Premier League,2024,24,1738422000,Ipswich Town,Southampton,finished,1.0,2.0
12436928,Premier League,2024,24,1738422000,Newcastle United,Fulham,finished,1.0,2.0
12436932,Premier League,2024,24,1738431000,Wolverhampton,Aston Villa,finished,2.0,0.0
12436916,Premier League,2024,24,1738504800,Brentford,Tottenham Hotspur,finished,0.0,2.0
12436925,Premier League,2024,24,1738504800,Manchester United,Crystal Palace,finished,0.0,2.0
12436913,Premier League,2024,24,1738513800,Arsenal,Manchester City,finished,5.0,1.0
12436919,Premier League,2024,24,1738612800,Chelsea,West Ham United,finished,2.0,1.0
13344418,Premier League,2024,15,1739388600,Everton,Liverpool FC,finished,2.0,2.0
12436937,Premier League,2024,25,1739563200,Brighton & Hove Albion,Chelsea,finished,3.0,0.0
12436943,Premier League,2024,25,1739622600,Leicester City,Arsenal,finished,0.0,2.0
12436934,Premier League,2024,25,1739631600,Aston Villa,Ipswich Town,finished,1.0,1.0
12436940,Premier League,2024,25,1739631600,Fulham,Nottingham Forest,finished,2.0,1.0
12436948,Premier League,2024,25,1739631600,Manchester City,Newcastle United,finished,4.0,0.0
12436950,Premier League,2024,25,1739631600,Southampton,Bournemouth,finished,1.0,3.0
12436956,Premier League,2024,25,1739631600,West Ham United,Brentford,finished,0.0,1.0
12436939,Premier League,2024,25,1739640600,Crystal Palace,Everton,finished,1.0,2.0
12436945,Premier League,2024,25,1739714400,Liverpool FC,Wolverhampton,finished,2.0,1.0
12436952,Premier League,2024,25,1739723400,Tottenham Hotspur,Manchester United,finished,1.0,0.0
12437019,Premier League,2024,29,1739993400,Aston Villa,Liverpool FC,finished,2.0,2.0
12436623,Premier League,2024,26,1740168000,Leicester City,Brentford,finished,0.0,4.0
12436625,Premier League,2024,26,1740227400,Everton,Manchester United,finished,2.0,2.0
12436960,Premier League,2024,26,1740236400,Arsenal,West Ham United,finished,0.0,1.0
12436958,Premier League,2024,26,1740236400,Bournemouth,Wolverhampton,finished,0.0,1.0
12436624,Premier League,2024,26,1740236400,Fulham,Crystal Palace,finished,0.0,2.0
12436629,Premier League,2024,26,1740236400,Ipswich Town,Tottenham Hotspur,finished,1.0,4.0
12436965,Premier League,2024,26,1740236400,Southampton,Brighton & Hove Albion,finished,0.0,4.0
12436621,Premier League,2024,26,1740245400,Aston Villa,Chelsea,finished,2.0,1.0
12436963,Premier League,2024,26,1740319200,Newcastle United,Nottingham Forest,finished,4.0,3.0
12436627,Premier League,2024,26,1740328200,Manchester City,Liverpool FC,finished,0.0,2.0
12436970,Premier League,2024,27,1740511800,Brighton & Hove Albion,Bournemouth,finished,2.0,1.0
12436983,Premier League,2024,27,1740511800,Crystal Palace,Aston Villa,finished,4.0,1.0
12436981,Premier League,2024,27,1740511800,Wolverhampton,Fulham,finished,1.0,2.0
12436986,Premier League,2024,27,1740514500,Chelsea,Southampton,finished,4.0,0.0
12436968,Premier League,2024,27,1740598200,Brentford,Everton,finished,1.0,1.0
12436991,Premier League,2024,27,1740598200,Manchester United,Ipswich Town,finished,3.0,2.0
12436974,Premier League,2024,27,1740598200,Nottingham Forest,Arsenal,finished,0.0,0.0
12436975,Premier League,2024,27,1740598200,Tottenham Hotspur,Manchester City,finished,0.0,1.0
12436988,Premier League,2024,27,1740600900,Liverpool FC,Newcastle United,finished,2.0,0.0
13365051,Premier League,2024,27,1740686400,West Ham United,Leicester City,finished,2.0,0.0
12437007,Premier League,2024,28,1741437000,Nottingham Forest,Manchester City,finished,1.0,0.0
12436996,Premier League,2024,28,1741446000,Brighton & Hove Albion,Fulham,finished,2.0,1.0
12437000,Premier League,2024,28,1741446000,Crystal Palace,Ipswich Town,finished,1.0,0.0
12437003,Premier League,2024,28,1741446000,Liverpool FC,Southampton,finished,3.0,1.0
12436994,Premier League,2024,28,1741455000,Brentford,Aston Villa,finished,0.0,1.0
12437012,Premier League,2024,28,1741464000,Wolverhampton,Everton,finished,1.0,1.0
12436998,Premier League,2024,28,1741528800,Chelsea,Leicester City,finished,1.0,0.0
12437009,Premier League,2024,28,1741528800,Tottenham Hotspur,Bournemouth,finished,2.0,2.0
12437005,Premier League,2024,28,1741537800,Manchester United,Arsenal,finished,1.0,1.0
12437010,Premier League,2024,28,1741636800,West Ham United,Newcastle United,finished,0.0,1.0
12437021,Premier League,2024,29,1742050800,Everton,West Ham United,finished,1.0,1.0
12437025,Premier League,2024,29,1742050800,Ipswich Town,Nottingham Forest,finished,2.0,4.0
12437029,Premier League,2024,29,1742050800,Manchester City,Brighton & Hove Albion,finished,2.0,2.0
12436578,Premier League,2024,29,1742050800,Southampton,Wolverhampton,finished,1.0,2.0
12437014,Premier League,2024,29,1742059800,Bournemouth,Brentford,finished,1.0,2.0
12437017,Premier League,2024,29,1742131800,Arsenal,Chelsea,finished,1.0,0.0
12437023,Premier League,2024,29,1742131800,Fulham,Tottenham Hotspur,finished,2.0,0.0
12437027,Premier League,2024,29,1742151600,Leicester City,Manchester United,finished,0.0,3.0
12436580,Premier League,2024,30,1743533100,Arsenal,Fulham,finished,2.0,1.0
12436599,Premier League,2024,30,1743533100,Wolverhampton,West Ham United,finished,1.0,0.0
12436591,Premier League,2024,30,1743534000,Nottingham Forest,Manchester United,finished,1.0,0.0
12436576,Premier League,2024,30,1743619500,Bournemouth,Ipswich Town,finished,1.0,2.0
12436584,Premier League,2024,30,1743619500,Brighton & Hove Albion,Aston Villa,finished,0.0,3.0
12436594,Premier League,2024,30,1743619500,Manchester City,Leicester City,finished,2.0,0.0
12436600,Premier League,2024,30,1743619500,Newcastle United,Brentford,finished,2.0,1.0
12436588,Premier League,2024,30,1743619500,Southampton,Crystal Palace,finished,1.0,1.0
12436593,Premier League,2024,30,1743620400,Liverpool FC,Everton,finished,1.0,0.0
12436587,Premier League,2024,30,1743706800,Chelsea,Tottenham Hotspur,finished,1.0,0.0
12436596,Premier League,2024,31,1743852600,Everton,Arsenal,finished,1.0,1.0
12436595,Premier League,2024,31,1743861600,Crystal Palace,Brighton & Hove Albion,finished,2.0,1.0
12436601,Premier League,2024,31,1743861600,Ipswich Town,Wolverhampton,finished,1.0,2.0
12436604,Premier League,2024,31,1743861600,West Ham United,Bournemouth,finished,2.0,2.0
12436597,Premier League,2024,31,1743870600,Aston Villa,Nottingham Forest,finished,2.0,1.0
12436589,Premier League,2024,31,1743944400,Brentford,Chelsea,finished,0.0,0.0
12436598,Premier League,2024,31,1743944400,Fulham,Liverpool FC,finished,3.0,2.0
12436606,Premier League,2024,31,1743944400,Tottenham Hotspur,Southampton,finished,3.0,1.0
12436602,Premier League,2024,31,1743953400,Manchester United,Manchester City,finished,0.0,0.0
13560219,Premier League,2024,31,1744052400,Leicester City,Newcastle United,finished,0.0,3.0
12436610,Premier League,2024,32,1744457400,Manchester City,Crystal Palace,finished,5.0,2.0
12436607,Premier League,2024,32,1744466400,Brighton & Hove Albion,Leicester City,finished,2.0,2.0
12436613,Premier League,2024,32,1744466400,Nottingham Forest,Everton,finished,0.0,1.0
12436614,Premier League,2024,32,1744466400,Southampton,Aston Villa,finished,0.0,3.0
12436608,Premier League,2024,32,1744475400,Arsenal,Brentford,finished,1.0,1.0
12436609,Premier League,2024,32,1744549200,Chelsea,Ipswich Town,finished,2.0,2.0
12436612,Premier League,2024,32,1744549200,Liverpool FC,West Ham United,finished,2.0,1.0
12436617,Premier League,2024,32,1744549200,Wolverhampton,Tottenham Hotspur,finished,4.0,2.0
12436611,Premier League,2024,32,1744558200,Newcastle United,Manchester United,finished,4.0,1.0
13560222,Premier League,2024,32,1744657200,Bournemouth,Fulham,finished,1.0,0.0
12437031,Premier League,2024,29,1744828200,Newcastle United,Crystal Palace,finished,5.0,0.0
12436619,Premier League,2024,33,1745071200,Brentford,Brighton & Hove Albion,finished,4.0,2.0
12436616,Premier League,2024,33,1745071200,Crystal Palace,Bournemouth,finished,0.0,0.0
12436628,Premier League,2024,33,1745071200,Everton,Manchester City,finished,0.0,2.0
12436554,Premier League,2024,33,1745071200,West Ham United,Southampton,finished,1.0,1.0
12436615,Premier League,2024,33,1745080200,Aston Villa,Newcastle United,finished,4.0,1.0
12436618,Premier League,2024,33,1745154000,Fulham,Chelsea,finished,1.0,2.0
12436620,Premier League,2024,33,1745154000,Ipswich Town,Arsenal,finished,0.0,4.0
12436622,Premier League,2024,33,1745154000,Manchester United,Wolverhampton,finished,0.0,1.0
12436626,Premier League,2024,33,1745163000,Leicester City,Liverpool FC,finished,0.0,1.0
12436537,Premier League,2024,33,1745262000,Tottenham Hotspur,Nottingham Forest,finished,1.0,2.0
12436551,Premier League,2024,34,1745348400,Manchester City,Aston Villa,finished,2.0,1.0
12436547,Premier League,2024,34,1745434800,Arsenal,Crystal Palace,finished,2.0,2.0
12436550,Premier League,2024,34,1745667000,Chelsea,Everton,finished,1.0,0.0
12436546,Premier League,2024,34,1745676000,Brighton & Hove Albion,West Ham United,finished,3.0,2.0
12436545,Premier League,2024,34,1745676000,Newcastle United,Ipswich Town,finished,3.0,0.0
12436539,Premier League,2024,34,1745676000,Southampton,Fulham,finished,1.0,2.0
12436558,Premier League,2024,34,1745676000,Wolverhampton,Leicester City,finished,3.0,0.0
12436535,Premier League,2024,34,1745758800,Bournemouth,Manchester United,finished,1.0,1.0
12436544,Premier League,2024,34,1745767800,Liverpool FC,Tottenham Hotspur,finished,5.0,1.0
12436552,Premier League,2024,34,1746124200,Nottingham Forest,Brentford,finished,0.0,2.0
12436562,Premier League,2024,35,1746212400,Manchester City,Wolverhampton,finished,1.0,0.0
12436553,Premier League,2024,35,1746271800,Aston Villa,Fulham,finished,1.0,0.0
12436572,Premier League,2024,35,1746280800,Everton,Ipswich Town,finished,2.0,2.0
12436571,Premier League,2024,35,1746280800,Leicester City,Southampton,finished,2.0,0.0
12436543,Premier League,2024,35,1746289800,Arsenal,Bournemouth,finished,1.0,2.0
12436560,Premier League,2024,35,1746363600,Brentford,Manchester United,finished,4.0,3.0
12436567,Premier League,2024,35,1746363600,Brighton & Hove Albion,Newcastle United,finished,1.0,1.0
12436565,Premier League,2024,35,1746363600,West Ham United,Tottenham Hotspur,finished,1.0,1.0
12436563,Premier League,2024,35,1746372600,Chelsea,Liverpool FC,finished,3.0,1.0
12436561,Premier League,2024,35,1746471600,Crystal Palace,Nottingham Forest,finished,1.0,1.0
12436566,Premier League,2024,36,1746885600,Fulham,Everton,finished,1.0,3.0
12436564,Premier League,2024,36,1746885600,Ipswich Town,Brentford,finished,0.0,1.0
12436575,Premier League,2024,36,1746885600,Southampton,Manchester City,finished,0.0,0.0
12436581,Premier League,2024,36,1746885600,Wolverhampton,Brighton & Hove Albion,finished,0.0,2.0
12436570,Premier League,2024,36,1746894600,Bournemouth,Aston Villa,finished,0.0,1.0
12436573,Premier League,2024,36,1746961200,Newcastle United,Chelsea,finished,2.0,0.0
12436569,Premier League,2024,36,1746969300,Manchester United,West Ham United,finished,0.0,2.0
12436574,Premier League,2024,36,1746969300,Nottingham Forest,Leicester City,finished,2.0,2.0
12436583,Premier League,2024,36,1746969300,Tottenham Hotspur,Crystal Palace,finished,0.0,2.0
12436568,Premier League,2024,36,1746977400,Liverpool FC,Arsenal,finished,2.0,2.0
12436577,Premier League,2024,37,1747420200,Aston Villa,Tottenham Hotspur,finished,2.0,0.0
12436582,Premier League,2024,37,1747422900,Chelsea,Manchester United,finished,1.0,0.0
12436579,Premier League,2024,37,1747566000,Everton,Southampton,finished,2.0,0.0
12436533,Premier League,2024,37,1747574100,West Ham United,Nottingham Forest,finished,1.0,2.0
12436586,Premier League,2024,37,1747576800,Brentford,Fulham,finished,2.0,3.0
12436534,Premier League,2024,37,1747576800,Leicester City,Ipswich Town,finished,2.0,0.0
12436585,Premier League,2024,37,1747582200,Arsenal,Newcastle United,finished,1.0,0.0
12436590,Premier League,2024,37,1747681200,Brighton & Hove Albion,Liverpool FC,finished,3.0,2.0
12436592,Premier League,2024,37,1747767600,Crystal Palace,Wolverhampton,finished,4.0,2.0
13854588,Premier League,2024,37,1747767600,Manchester City,Bournemouth,finished,3.0,1.0
12436536,Premier League,2024,38,1748185200,Bournemouth,Leicester City,finished,2.0,0.0
12436559,Premier League,2024,38,1748185200,Fulham,Manchester City,finished,0.0,2.0
12436538,Premier League,2024,38,1748185200,Ipswich Town,West Ham United,finished,1.0,3.0
12436548,Premier League,2024,38,1748185200,Liverpool FC,Crystal Palace,finished,1.0,1.0
12436540,Premier League,2024,38,1748185200,Manchester United,Aston Villa,finished,2.0,0.0
12436541,Premier League,2024,38,1748185200,Newcastle United,Everton,finished,0.0,1.0
12436556,Premier League,2024,38,1748185200,Nottingham Forest,Chelsea,finished,0.0,1.0
12436549,Premier League,2024,38,1748185200,Southampton,Arsenal,finished,1.0,2.0
12436557,Premier League,2024,38,1748185200,Tottenham Hotspur,Brighton & Hove Albion,finished,1.0,4.0
12436542,Premier League,2024,38,1748185200,Wolverhampton,Brentford,finished,1.0,1.0
14025013,Premier League,2025,1,1755284400,Liverpool FC,Bournemouth,finished,4.0,2.0
14025016,Premier League,2025,1,1755343800,Aston Villa,Newcastle United,finished,0.0,0.0
14025020,Premier League,2025,1,1755352800,Brighton & Hove Albion,Fulham,finished,1.0,1.0
14025038,Premier League,2025,1,1755352800,Sunderland,West Ham United,finished,3.0,0.0
14025047,Premier League,2025,1,1755352800,Tottenham Hotspur,Burnley,finished,3.0,0.0
14025050,Premier League,2025,1,1755361800,Wolverhampton,Manchester City,finished,0.0,4.0
14025053,Premier League,2025,1,1755435600,Chelsea,Crystal Palace,finished,0.0,0.0
14025028,Premier League,2025,1,1755435600,Nottingham Forest,Brentford,finished,3.0,1.0
14025056,Premier League,2025,1,1755444600,Manchester United,Arsenal,finished,0.0,1.0
14025059,Premier League,2025,1,1755543600,Leeds United,Everton,finished,1.0,0.0
14025088,Premier League,2025,2,1755889200,West Ham United,Chelsea,finished,1.0,5.0
14025083,Premier League,2025,2,1755948600,Manchester City,Tottenham Hotspur,finished,0.0,2.0
14025062,Premier League,2025,2,1755957600,Bournemouth,Wolverhampton,finished,1.0,0.0
14025068,Premier League,2025,2,1755957600,Brentford,Aston Villa,finished,1.0,0.0
14025071,Premier League,2025,2,1755957600,Burnley,Sunderland,finished,2.0,0.0
14025065,Premier League,2025,2,1755966600,Arsenal,Leeds United,finished,5.0,0.0
14025074,Premier League,2025,2,1756040400,Crystal Palace,Nottingham Forest,finished,1.0,1.0
14025077,Premier League,2025,2,1756040400,Everton,Brighton & Hove Albion,finished,2.0,0.0
14025080,Premier League,2025,2,1756049400,Fulham,Manchester United,finished,1.0,1.0
14147154,Premier League,2025,2,1756148400,Newcastle United,Liverpool FC,finished,2.0,3.0
14025097,Premier League,2025,3,1756553400,Chelsea,Fulham,finished,2.0,0.0
14025106,Premier League,2025,3,1756562400,Manchester United,Burnley,finished,3.0,2.0
14025112,Premier League,2025,3,1756562400,Sunderland,Brentford,finished,2.0,1.0
14025115,Premier League,2025,3,1756562400,Tottenham Hotspur,Bournemouth,finished,0.0,1.0
14025118,Premier League,2025,3,1756562400,Wolverhampton,Everton,finished,2.0,3.0
14025100,Premier League,2025,3,1756571400,Leeds United,Newcastle United,finished,0.0,0.0
14025094,Premier League,2025,3,1756645200,Brighton & Hove Albion,Manchester City,finished,2.0,1.0
14025109,Premier League,2025,3,1756645200,Nottingham Forest,West Ham United,finished,0.0,3.0
14025103,Premier League,2025,3,1756654200,Liverpool FC,Arsenal,finished,1.0,0.0
14025091,Premier League,2025,3,1756663200,Aston Villa,Crystal Palace,finished,0.0,3.0
14025124,Premier League,2025,4,1757763000,Arsenal,Nottingham Forest,finished,3.0,0.0
14025121,Premier League,2025,4,1757772000,Bournemouth,Brighton & Hove Albion,finished,2.0,1.0
14025133,Premier League,2025,4,1757772000,Crystal Palace,Sunderland,finished,0.0,0.0
14025136,Premier League,2025,4,1757772000,Everton,Aston Villa,finished,0.0,0.0
14025139,Premier League,2025,4,1757772000,Fulham,Leeds United,finished,1.0,0.0
14025145,Premier League,2025,4,1757772000,Newcastle United,Wolverhampton,finished,1.0,0.0
14025148,Premier League,2025,4,1757781000,West Ham United,Tottenham Hotspur,finished,0.0,3.0
14025127,Premier League,2025,4,1757790000,Brentford,Chelsea,finished,2.0,2.0
14025130,Premier League,2025,4,1757854800,Burnley,Liverpool FC,finished,0.0,1.0
14025142,Premier League,2025,4,1757863800,Manchester City,Manchester United,finished,3.0,0.0
14025166,Premier League,2025,5,1758367800,Liverpool FC,Everton,finished,2.0,1.0
14025157,Premier League,2025,5,1758376800,Brighton & Hove Albion,Tottenham Hotspur,finished,2.0,2.0
14025160,Premier League,2025,5,1758376800,Burnley,Nottingham Forest,finished,1.0,1.0
14025175,Premier League,2025,5,1758376800,West Ham United,Crystal Palace,finished,1.0,2.0
14025178,Premier League,2025,5,1758376800,Wolverhampton,Leeds United,finished,1.0,3.0
14025169,Premier League,2025,5,1758385800,Manchester United,Chelsea,finished,2.0,1.0
14025163,Premier League,2025,5,1758394800,Fulham,Brentford,finished,3.0,1.0
14025151,Premier League,2025,5,1758459600,Bournemouth,Newcastle United,finished,0.0,0.0
14025172,Premier League,2025,5,1758459600,Sunderland,Aston Villa,finished,1.0,1.0
14025154,Premier League,2025,5,1758468600,Arsenal,Manchester City,finished,1.0,1.0
14025184,Premier League,2025,6,1758972600,Brentford,Manchester United,finished,3.0,1.0
14025187,Premier League,2025,6,1758981600,Chelsea,Brighton & Hove Albion,finished,1.0,3.0
14025190,Premier League,2025,6,1758981600,Crystal Palace,Liverpool FC,finished,2.0,1.0
14025196,Premier League,2025,6,1758981600,Leeds United,Bournemouth,finished,2.0,2.0
14025199,Premier League,2025,6,1758981600,Manchester City,Burnley,finished,5.0,1.0
14025205,Premier League,2025,6,1758990600,Nottingham Forest,Sunderland,finished,0.0,1.0
14025208,Premier League,2025,6,1758999600,Tottenham Hotspur,Wolverhampton,finished,1.0,1.0
14025181,Premier League,2025,6,1759064400,Aston Villa,Fulham,finished,3.0,1.0
14025202,Premier League,2025,6,1759073400,Newcastle United,Arsenal,finished,1.0,2.0
14311407,Premier League,2025,6,1759172400,Everton,West Ham United,finished,1.0,1.0
14025211,Premier League,2025,7,1759518000,Bournemouth,Fulham,finished,3.0,1.0
14025225,Premier League,2025,7,1759577400,Leeds United,Tottenham Hotspur,finished,1.0,2.0
14025214,Premier League,2025,7,1759586400,Arsenal,West Ham United,finished,2.0,0.0
14025227,Premier League,2025,7,1759586400,Manchester United,Sunderland,finished,2.0,0.0
14025221,Premier League,2025,7,1759595400,Chelsea,Liverpool FC,finished,2.0,1.0
14025217,Premier League,2025,7,1759669200,Aston Villa,Burnley,finished,2.0,1.0
14025223,Premier League,2025,7,1759669200,Everton,Crystal Palace,finished,2.0,1.0
14025229,Premier League,2025,7,1759669200,Newcastle United,Nottingham Forest,finished,2.0,0.0
14025231,Premier League,2025,7,1759669200,Wolverhampton,Brighton & Hove Albion,finished,1.0,1.0
14025219,Premier League,2025,7,1759678200,Brentford,Manchester City,finished,0.0,1.0
14025245,Premier League,2025,8,1760787000,Nottingham Forest,Chelsea,finished,0.0,3.0
14025233,Premier League,2025,8,1760796000,Brighton & Hove Albion,Newcastle United,finished,2.0,1.0
14025235,Premier League,2025,8,1760796000,Burnley,Leeds United,finished,2.0,0.0
14025237,Premier League,2025,8,1760796000,Crystal Palace,Bournemouth,finished,3.0,3.0
14025243,Premier League,2025,8,1760796000,Manchester City,Everton,finished,2.0,0.0
14025247,Premier League,2025,8,1760796000,Sunderland,Wolverhampton,finished,2.0,0.0
14025239,Premier League,2025,8,1760805000,Fulham,Arsenal,finished,0.0,1.0
14025249,Premier League,2025,8,1760878800,Tottenham Hotspur,Aston Villa,finished,1.0,2.0
14025241,Premier League,2025,8,1760887800,Liverpool FC,Manchester United,finished,1.0,2.0
14504827,Premier League,2025,8,1760986800,West Ham United,Brentford,finished,0.0,2.0
14025265,Premier League,2025,9,1761332400,Leeds United,West Ham United,finished,2.0,1.0
14025261,Premier League,2025,9,1761400800,Chelsea,Sunderland,finished,1.0,2.0
14025269,Premier League,2025,9,1761400800,Newcastle United,Fulham,finished,2.0,1.0
14025267,Premier League,2025,9,1761409800,Manchester United,Brighton & Hove Albion,finished,4.0,2.0
14025259,Premier League,2025,9,1761418800,Brentford,Liverpool FC,finished,3.0,2.0
14025255,Premier League,2025,9,1761487200,Arsenal,Crystal Palace,finished,1.0,0.0
14025257,Premier League,2025,9,1761487200,Aston Villa,Manchester City,finished,1.0,0.0
14025253,Premier League,2025,9,1761487200,Bournemouth,Nottingham Forest,finished,2.0,0.0
14025271,Premier League,2025,9,1761487200,Wolverhampton,Burnley,finished,2.0,3.0
14025263,Premier League,2025,9,1761496200,Everton,Tottenham Hotspur,finished,0.0,3.0
14025273,Premier League,2025,10,1762009200,Brighton & Hove Albion,Leeds United,finished,3.0,0.0
14025275,Premier League,2025,10,1762009200,Burnley,Arsenal,finished,0.0,2.0
14025277,Premier League,2025,10,1762009200,Crystal Palace,Brentford,finished,2.0,0.0
14025279,Premier League,2025,10,1762009200,Fulham,Wolverhampton,finished,3.0,0.0
14025285,Premier League,2025,10,1762009200,Nottingham Forest,Manchester United,finished,2.0,2.0
14025289,Premier League,2025,10,1762018200,Tottenham Hotspur,Chelsea,finished,0.0,1.0
14025281,Premier League,2025,10,1762027200,Liverpool FC,Aston Villa,finished,2.0,0.0
14025291,Premier League,2025,10,1762092000,West Ham United,Newcastle United,finished,3.0,1.0
14025283,Premier League,2025,10,1762101000,Manchester City,Bournemouth,finished,3.0,1.0
14723615,Premier League,2025,10,1762200000,Sunderland,Everton,finished,1.0,1.0
14025057,Premier League,2025,11,1762605000,Tottenham Hotspur,Manchester United,finished,2.0,2.0
14025043,Premier League,2025,11,1762614000,Everton,Fulham,finished,2.0,0.0
14025060,Premier League,2025,11,1762614000,West Ham United,Burnley,finished,3.0,2.0
14025054,Premier League,2025,11,1762623000,Sunderland,Arsenal,finished,2.0,2.0
14025023,Premier League,2025,11,1762632000,Chelsea,Wolverhampton,finished,3.0,0.0
14025014,Premier League,2025,11,1762696800,Aston Villa,Bournemouth,finished,4.0,0.0
14025017,Premier League,2025,11,1762696800,Brentford,Newcastle United,finished,3.0,1.0
14025033,Premier League,2025,11,1762696800,Crystal Palace,Brighton & Hove Albion,finished,0.0,0.0
14025051,Premier League,2025,11,1762696800,Nottingham Forest,Leeds United,finished,3.0,1.0
14025048,Premier League,2025,11,1762705800,Manchester City,Liverpool FC,finished,3.0,0.0
14025072,Premier League,2025,12,1763814600,Burnley,Chelsea,finished,0.0,2.0
14025063,Premier League,2025,12,1763823600,Bournemouth,West Ham United,finished,2.0,2.0
14025069,Premier League,2025,12,1763823600,Brighton & Hove Albion,Brentford,finished,2.0,1.0
14025075,Premier League,2025,12,1763823600,Fulham,Sunderland,finished,1.0,0.0
14025081,Premier League,2025,12,1763823600,Liverpool FC,Nottingham Forest,finished,0.0,3.0
14025090,Premier League,2025,12,1763823600,Wolverhampton,Crystal Palace,finished,0.0,2.0
14025087,Premier League,2025,12,1763832600,Newcastle United,Manchester City,finished,2.0,1.0
14025078,Premier League,2025,12,1763906400,Leeds United,Aston Villa,finished,1.0,2.0
14025066,Premier League,2025,12,1763915400,Arsenal,Tottenham Hotspur,finished,4.0,1.0
14723574,Premier League,2025,12,1764014400,Manchester United,Everton,finished,0.0,1.0
14025096,Premier League,2025,13,1764428400,Brentford,Burnley,finished,3.0,1.0
14025108,Premier League,2025,13,1764428400,Manchester City,Leeds United,finished,3.0,2.0
14025114,Premier League,2025,13,1764428400,Sunderland,Bournemouth,finished,3.0,2.0
14025105,Premier League,2025,13,1764437400,Everton,Newcastle United,finished,1.0,4.0
14025117,Premier League,2025,13,1764446400,Tottenham Hotspur,Fulham,finished,1.0,2.0
14025102,Premier League,2025,13,1764504000,Crystal Palace,Manchester United,finished,1.0,2.0
14025093,Premier League,2025,13,1764511500,Aston Villa,Wolverhampton,finished,1.0,0.0
14025111,Premier League,2025,13,1764511500,Nottingham Forest,Brighton & Hove Albion,finished,0.0,2.0
14025120,Premier League,2025,13,1764511500,West Ham United,Liverpool FC,finished,0.0,2.0
14025099,Premier League,2025,13,1764520200,Chelsea,Arsenal,finished,1.0,1.0
14025123,Premier League,2025,14,1764703800,Bournemouth,Everton,finished,0.0,1.0
14025135,Premier League,2025,14,1764703800,Fulham,Manchester City,finished,4.0,5.0
14025141,Premier League,2025,14,1764706500,Newcastle United,Tottenham Hotspur,finished,2.0,2.0
14025126,Premier League,2025,14,1764790200,Arsenal,Brentford,finished,2.0,0.0
14025129,Premier League,2025,14,1764790200,Brighton & Hove Albion,Aston Villa,finished,3.0,4.0
14025132,Premier League,2025,14,1764790200,Burnley,Crystal Palace,finished,0.0,1.0
14025144,Premier League,2025,14,1764790200,Wolverhampton,Nottingham Forest,finished,0.0,1.0
14025138,Premier League,2025,14,1764792900,Leeds United,Chelsea,finished,3.0,1.0
14025147,Premier League,2025,14,1764792900,Liverpool FC,Sunderland,finished,1.0,1.0
14025150,Premier League,2025,14,1764878400,Manchester United,West Ham United,finished,1.0,1.0
14025156,Premier League,2025,15,1765024200,Aston Villa,Arsenal,finished,2.0,1.0
14025153,Premier League,2025,15,1765033200,Bournemouth,Chelsea,finished,0.0,0.0
14025162,Premier League,2025,15,1765033200,Everton,Nottingham Forest,finished,3.0,0.0
14025171,Premier League,2025,15,1765033200,Manchester City,Sunderland,finished,3.0,0.0
14025174,Premier League,2025,15,1765033200,Newcastle United,Burnley,finished,2.0,1.0
14025177,Premier League,2025,15,1765033200,Tottenham Hotspur,Brentford,finished,2.0,0.0
14025168,Premier League,2025,15,1765042200,Leeds United,Liverpool FC,finished,3.0,3.0
14025159,Premier League,2025,15,1765116000,Brighton & Hove Albion,West Ham United,finished,1.0,1.0
14025165,Premier League,2025,15,1765125000,Fulham,Crystal Palace,finished,1.0,2.0
14912436,Premier League,2025,15,1765224000,Wolverhampton,Manchester United,finished,1.0,4.0
14025192,Premier League,2025,16,1765638000,Chelsea,Everton,finished,2.0,0.0
14025198,Premier League,2025,16,1765638000,Liverpool FC,Brighton & Hove Albion,finished,2.0,0.0
14025189,Premier League,2025,16,1765647000,Burnley,Fulham,finished,2.0,3.0
14025183,Premier League,2025,16,1765656000,Arsenal,Wolverhampton,finished,2.0,1.0
14025195,Premier League,2025,16,1765720800,Crystal Palace,Manchester City,finished,0.0,3.0
14025204,Premier League,2025,16,1765720800,Nottingham Forest,Tottenham Hotspur,finished,3.0,0.0
14025207,Premier League,2025,16,1765720800,Sunderland,Newcastle United,finished,1.0,0.0
14025210,Premier League,2025,16,1765720800,West Ham United,Aston Villa,finished,2.0,3.0
14025186,Premier League,2025,16,1765729800,Brentford,Leeds United,finished,1.0,1.0
15035359,Premier League,2025,16,1765828800,Manchester United,Bournemouth,finished,4.0,4.0
14025228,Premier League,2025,17,1766233800,Newcastle United,Chelsea,finished,2.0,2.0
14025213,Premier League,2025,17,1766242800,Bournemouth,Burnley,finished,1.0,1.0
14025218,Premier League,2025,17,1766242800,Brighton & Hove Albion,Sunderland,finished,0.0,0.0
14025226,Premier League,2025,17,1766242800,Manchester City,West Ham United,finished,3.0,0.0
14025232,Premier League,2025,17,1766242800,Wolverhampton,Brentford,finished,0.0,2.0
14025230,Premier League,2025,17,1766251800,Tottenham Hotspur,Liverpool FC,finished,1.0,2.0
14025220,Premier League,2025,17,1766260800,Everton,Arsenal,finished,0.0,1.0
14025224,Premier League,2025,17,1766260800,Leeds United,Crystal Palace,finished,4.0,1.0
14025216,Premier League,2025,17,1766334600,Aston Villa,Manchester United,finished,2.0,1.0
14907281,Premier League,2025,17,1766433600,Fulham,Nottingham Forest,finished,1.0,0.0
14025246,Premier League,2025,18,1766779200,Manchester United,Newcastle United,finished,1.0,0.0
14025248,Premier League,2025,18,1766838600,Nottingham Forest,Manchester City,finished,1.0,2.0
14025234,Premier League,2025,18,1766847600,Arsenal,Brighton & Hove Albion,finished,2.0,1.0
14025236,Premier League,2025,18,1766847600,Brentford,Bournemouth,finished,4.0,1.0
14025238,Premier League,2025,18,1766847600,Burnley,Everton,finished,0.0,0.0
14025244,Premier League,2025,18,1766847600,Liverpool FC,Wolverhampton,finished,2.0,1.0
14025252,Premier League,2025,18,1766847600,West Ham United,Fulham,finished,0.0,1.0
14025240,Premier League,2025,18,1766856600,Chelsea,Aston Villa,finished,1.0,2.0
14025250,Premier League,2025,18,1766930400,Sunderland,Leeds United,finished,1.0,1.0
14025242,Premier League,2025,18,1766939400,Crystal Palace,Tottenham Hotspur,finished,0.0,1.0
14025258,Premier League,2025,19,1767123000,Burnley,Newcastle United,finished,1.0,3.0
14025260,Premier League,2025,19,1767123000,Chelsea,Bournemouth,finished,2.0,2.0
14025268,Premier League,2025,19,1767123000,Nottingham Forest,Everton,finished,0.0,2.0
14025272,Premier League,2025,19,1767123000,West Ham United,Brighton & Hove Albion,finished,2.0,2.0
14025254,Premier League,2025,19,1767125700,Arsenal,Aston Villa,finished,4.0,1.0
14025266,Premier League,2025,19,1767125700,Manchester United,Wolverhampton,finished,1.0,1.0
14025262,Premier League,2025,19,1767288600,Crystal Palace,Fulham,finished,1.0,1.0
14025264,Premier League,2025,19,1767288600,Liverpool FC,Leeds United,finished,0.0,0.0
14025256,Premier League,2025,19,1767297600,Brentford,Tottenham Hotspur,finished,0.0,0.0
14025270,Premier League,2025,19,1767297600,Sunderland,Manchester City,finished,0.0,0.0
14025276,Premier League,2025,20,1767443400,Aston Villa,Nottingham Forest,finished,3.0,1.0
14025278,Premier League,2025,20,1767452400,Brighton & Hove Albion,Burnley,finished,2.0,0.0
14025292,Premier League,2025,20,1767452400,Wolverhampton,West Ham United,finished,3.0,0.0
14025274,Premier League,2025,20,1767461400,Bournemouth,Arsenal,finished,2.0,3.0
14025284,Premier League,2025,20,1767529800,Leeds United,Manchester United,finished,1.0,1.0
14025280,Premier League,2025,20,1767538800,Everton,Brentford,finished,2.0,4.0
14025288,Premier League,2025,20,1767538800,Newcastle United,Crystal Palace,finished,2.0,0.0
14025290,Premier League,2025,20,1767538800,Tottenham Hotspur,Sunderland,finished,1.0,1.0
14025282,Premier League,2025,20,1767539700,Fulham,Liverpool FC,finished,2.0,2.0
14025286,Premier League,2025,20,1767547800,Manchester City,Chelsea,finished,1.0,1.0
14025055,Premier League,2025,21,1767729600,West Ham United,Nottingham Forest,finished,1.0,2.0
14025015,Premier League,2025,21,1767814200,Bournemouth,Tottenham Hotspur,finished,3.0,2.0
14025027,Premier League,2025,21,1767814200,Brentford,Sunderland,finished,3.0,0.0
14025058,Premier League,2025,21,1767814200,Crystal Palace,Aston Villa,finished,0.0,0.0
14025046,Premier League,2025,21,1767814200,Everton,Wolverhampton,finished,1.0,1.0
14025049,Premier League,2025,21,1767814200,Fulham,Chelsea,finished,2.0,1.0
14025061,Premier League,2025,21,1767814200,Manchester City,Brighton & Hove Albion,finished,1.0,1.0
14025037,Premier League,2025,21,1767816900,Burnley,Manchester United,finished,2.0,2.0
14025052,Premier League,2025,21,1767816900,Newcastle United,Leeds United,finished,4.0,3.0
14025019,Premier League,2025,21,1767902400,Arsenal,Liverpool FC,finished,0.0,0.0
14025079,Premier League,2025,22,1768653000,Manchester United,Manchester City,finished,2.0,0.0
14025070,Premier League,2025,22,1768662000,Chelsea,Brentford,finished,2.0,0.0
14025073,Premier League,2025,22,1768662000,Leeds United,Fulham,finished,1.0,0.0
14025076,Premier League,2025,22,1768662000,Liverpool FC,Burnley,finished,1.0,1.0
14025085,Premier League,2025,22,1768662000,Sunderland,Crystal Palace,finished,2.0,1.0
14025089,Premier League,2025,22,1768662000,Tottenham Hotspur,West Ham United,finished,1.0,2.0
14025082,Premier League,2025,22,1768671000,Nottingham Forest,Arsenal,finished,0.0,0.0
14025092,Premier League,2025,22,1768744800,Wolverhampton,Newcastle United,finished,0.0,0.0
14025064,Premier League,2025,22,1768753800,Aston Villa,Everton,finished,0.0,1.0
15129445,Premier League,2025,22,1768852800,Brighton & Hove Albion,Bournemouth,finished,1.0,1.0
14025122,Premier League,2025,23,1769257800,West Ham United,Sunderland,finished,3.0,1.0
14025104,Premier League,2025,23,1769266800,Burnley,Tottenham Hotspur,finished,2.0,2.0
14025113,Premier League,2025,23,1769266800,Fulham,Brighton & Hove Albion,finished,2.0,1.0
14025116,Premier League,2025,23,1769266800,Manchester City,Wolverhampton,finished,2.0,0.0
14025095,Premier League,2025,23,1769275800,Bournemouth,Liverpool FC,finished,3.0,2.0
14025101,Premier League,2025,23,1769349600,Brentford,Nottingham Forest,finished,0.0,2.0
14025107,Premier League,2025,23,1769349600,Crystal Palace,Chelsea,finished,1.0,3.0
14025119,Premier League,2025,23,1769349600,Newcastle United,Aston Villa,finished,0.0,2.0
14025098,Premier League,2025,23,1769358600,Arsenal,Manchester United,finished,2.0,3.0
15129439,Premier League,2025,23,1769457600,Everton,Leeds United,finished,1.0,1.0
14025128,Premier League,2025,24,1769871600,Brighton & Hove Albion,Everton,finished,1.0,1.0
14025134,Premier League,2025,24,1769871600,Leeds United,Arsenal,finished,0.0,4.0
14025152,Premier League,2025,24,1769871600,Wolverhampton,Bournemouth,finished,0.0,2.0
14025131,Premier League,2025,24,1769880600,Chelsea,West Ham United,finished,3.0,2.0
14025137,Premier League,2025,24,1769889600,Liverpool FC,Newcastle United,finished,4.0,1.0
14025125,Premier League,2025,24,1769954400,Aston Villa,Brentford,finished,0.0,1.0
14025140,Premier League,2025,24,1769954400,Manchester United,Fulham,finished,3.0,2.0
14025143,Premier League,2025,24,1769954400,Nottingham Forest,Crystal Palace,finished,1.0,1.0
14025149,Premier League,2025,24,1769963400,Tottenham Hotspur,Manchester City,finished,2.0,2.0
15129444,Premier League,2025,24,1770062400,Sunderland,Burnley,finished,3.0,0.0
14025170,Premier League,2025,25,1770408000,Leeds United,Nottingham Forest,finished,3.0,1.0
14025176,Premier League,2025,25,1770467400,Manchester United,Tottenham Hotspur,finished,2.0,0.0
14025158,Premier League,2025,25,1770476400,Arsenal,Sunderland,finished,3.0,0.0
14025155,Premier League,2025,25,1770476400,Bournemouth,Aston Villa,finished,1.0,1.0
14025164,Premier League,2025,25,1770476400,Burnley,West Ham United,finished,0.0,2.0
14025167,Premier League,2025,25,1770476400,Fulham,Everton,finished,1.0,2.0
14025182,Premier League,2025,25,1770476400,Wolverhampton,Chelsea,finished,1.0,3.0
14025179,Premier League,2025,25,1770485400,Newcastle United,Brentford,finished,2.0,3.0
14025161,Premier League,2025,25,1770559200,Brighton & Hove Albion,Crystal Palace,finished,0.0,1.0
14025173,Premier League,2025,25,1770568200,Liverpool FC,Manchester City,finished,1.0,2.0
14025188,Premier League,2025,26,1770751800,Chelsea,Leeds United,finished,2.0,2.0
14025191,Premier League,2025,26,1770751800,Everton,Bournemouth,finished,1.0,2.0
14025200,Premier League,2025,26,1770751800,Tottenham Hotspur,Newcastle United,finished,1.0,2.0
14025203,Premier League,2025,26,1770754500,West Ham United,Manchester United,finished,1.0,1.0
14025206,Premier League,2025,26,1770838200,Aston Villa,Brighton & Hove Albion,finished,1.0,0.0
14025209,Premier League,2025,26,1770838200,Crystal Palace,Burnley,finished,2.0,3.0
14025212,Premier League,2025,26,1770838200,Manchester City,Fulham,finished,3.0,0.0
14025194,Premier League,2025,26,1770838200,Nottingham Forest,Wolverhampton,finished,0.0,0.0
14025197,Premier League,2025,26,1770840900,Sunderland,Liverpool FC,finished,0.0,1.0
14025185,Premier League,2025,26,1770926400,Brentford,Arsenal,finished,1.0,1.0
14025018,Premier League,2025,31,1771444800,Wolverhampton,Arsenal,finished,2.0,2.0
14025215,Premier League,2025,27,1771686000,Aston Villa,Leeds United,finished,1.0,1.0
14024006,Premier League,2025,27,1771686000,Brentford,Brighton & Hove Albion,finished,0.0,2.0
14024007,Premier League,2025,27,1771686000,Chelsea,Burnley,finished,1.0,1.0
14023969,Premier League,2025,27,1771695000,West Ham United,Bournemouth,finished,0.0,0.0
14024010,Premier League,2025,27,1771704000,Manchester City,Newcastle United,finished,2.0,1.0
14024008,Premier League,2025,27,1771768800,Crystal Palace,Wolverhampton,finished,1.0,0.0
14024013,Premier League,2025,27,1771768800,Nottingham Forest,Liverpool FC,finished,0.0,1.0
14024011,Premier League,2025,27,1771768800,Sunderland,Fulham,finished,1.0,3.0
14024012,Premier League,2025,27,1771777800,Tottenham Hotspur,Arsenal,finished,1.0,4.0
15238290,Premier League,2025,27,1771876800,Everton,Manchester United,finished,0.0,1.0
14023979,Premier League,2025,28,1772222400,Wolverhampton,Aston Villa,finished,2.0,0.0
14023970,Premier League,2025,28,1772281800,Bournemouth,Sunderland,finished,1.0,1.0
14023975,Premier League,2025,28,1772290800,Burnley,Brentford,finished,3.0,4.0
14023976,Premier League,2025,28,1772290800,Liverpool FC,West Ham United,finished,5.0,2.0
14023977,Premier League,2025,28,1772290800,Newcastle United,Everton,finished,2.0,3.0
14023974,Premier League,2025,28,1772299800,Leeds United,Manchester City,finished,0.0,1.0
14023972,Premier League,2025,28,1772373600,Brighton & Hove Albion,Nottingham Forest,finished,2.0,1.0
14023973,Premier League,2025,28,1772373600,Fulham,Tottenham Hotspur,finished,2.0,1.0
14023978,Premier League,2025,28,1772373600,Manchester United,Crystal Palace,finished,2.0,1.0
14023971,Premier League,2025,28,1772382600,Arsenal,Chelsea,finished,2.0,1.0
14023980,Premier League,2025,29,1772566200,Bournemouth,Brentford,finished,0.0,0.0
14023941,Premier League,2025,29,1772566200,Everton,Burnley,finished,2.0,0.0
14023982,Premier League,2025,29,1772566200,Leeds United,Sunderland,finished,0.0,1.0
14023985,Premier League,2025,29,1772568900,Wolverhampton,Liverpool FC,finished,2.0,1.0
14023986,Premier League,2025,29,1772652600,Aston Villa,Chelsea,finished,1.0,4.0
14023933,Premier League,2025,29,1772652600,Brighton & Hove Albion,Arsenal,finished,0.0,1.0
14023947,Premier League,2025,29,1772652600,Fulham,West Ham United,finished,0.0,1.0
14023984,Premier League,2025,29,1772652600,Manchester City,Nottingham Forest,finished,2.0,2.0
14023983,Premier League,2025,29,1772655300,Newcastle United,Manchester United,finished,2.0,1.0
14023981,Premier League,2025,29,1772740800,Tottenham Hotspur,Crystal Palace,finished,1.0,3.0
14023988,Premier League,2025,30,1773500400,Burnley,Bournemouth,finished,0.0,0.0
14023996,Premier League,2025,30,1773500400,Sunderland,Brighton & Hove Albion,finished,0.0,1.0
14023987,Premier League,2025,30,1773509400,Arsenal,Everton,finished,2.0,0.0
14023990,Premier League,2025,30,1773509400,Chelsea,Newcastle United,finished,0.0,1.0
14023993,Premier League,2025,30,1773518400,West Ham United,Manchester City,finished,1.0,1.0
14023991,Premier League,2025,30,1773583200,Crystal Palace,Leeds United,finished,0.0,0.0
14023994,Premier League,2025,30,1773583200,Manchester United,Aston Villa,finished,3.0,1.0
14023995,Premier League,2025,30,1773583200,Nottingham Forest,Fulham,finished,0.0,0.0
14023992,Premier League,2025,30,1773592200,Liverpool FC,Tottenham Hotspur,finished,1.0,1.0
15408501,Premier League,2025,30,1773691200,Brentford,Wolverhampton,finished,2.0,2.0
14023997,Premier League,2025,31,1774036800,Bournemouth,Manchester United,finished,2.0,2.0
14024015,Premier League,2025,31,1774097100,Brighton & Hove Albion,Liverpool FC,finished,2.0,1.0
14024016,Premier League,2025,31,1774105200,Fulham,Burnley,finished,3.0,1.0
14024019,Premier League,2025,31,1774105200,Manchester City,Crystal Palace,postponed,,
14024017,Premier League,2025,31,1774114200,Everton,Chelsea,finished,3.0,0.0
14024018,Premier League,2025,31,1774123200,Leeds United,Brentford,finished,0.0,0.0
14024021,Premier League,2025,31,1774180800,Newcastle United,Sunderland,finished,1.0,2.0
14024014,Premier League,2025,31,1774188900,Aston Villa,West Ham United,finished,2.0,0.0
14024020,Premier League,2025,31,1774188900,Tottenham Hotspur,Nottingham Forest,finished,0.0,3.0
14025029,Premier League,2025,32,1775847600,West Ham United,Wolverhampton,finished,4.0,0.0
14025021,Premier League,2025,32,1775907000,Arsenal,Bournemouth,finished,1.0,2.0
14025022,Premier League,2025,32,1775916000,Brentford,Everton,finished,2.0,2.0
14024002,Premier League,2025,32,1775916000,Burnley,Brighton & Hove Albion,finished,0.0,2.0
14024000,Premier League,2025,32,1775925000,Liverpool FC,Fulham,finished,2.0,0.0
14023999,Premier League,2025,32,1775998800,Crystal Palace,Newcastle United,finished,2.0,1.0
14025025,Premier League,2025,32,1775998800,Nottingham Forest,Aston Villa,finished,1.0,1.0
14025026,Premier League,2025,32,1775998800,Sunderland,Tottenham Hotspur,finished,1.0,0.0
14023998,Premier League,2025,32,1776007800,Chelsea,Manchester City,finished,0.0,3.0
14025024,Premier League,2025,32,1776106800,Manchester United,Leeds United,finished,1.0,2.0
14025031,Premier League,2025,33,1776511800,Brentford,Fulham,finished,0.0,0.0
14025036,Premier League,2025,33,1776520800,Leeds United,Wolverhampton,finished,3.0,0.0
14025040,Premier League,2025,33,1776520800,Newcastle United,Bournemouth,finished,1.0,2.0
14025042,Premier League,2025,33,1776529800,Tottenham Hotspur,Brighton & Hove Albion,finished,2.0,2.0
14025032,Premier League,2025,33,1776538800,Chelsea,Manchester United,finished,0.0,1.0
14025030,Premier League,2025,33,1776603600,Aston Villa,Sunderland,finished,4.0,3.0
14025035,Premier League,2025,33,1776603600,Everton,Liverpool FC,finished,1.0,2.0
14025041,Premier League,2025,33,1776603600,Nottingham Forest,Burnley,finished,4.0,1.0
14025039,Premier League,2025,33,1776612600,Manchester City,Arsenal,finished,2.0,1.0
14025034,Premier League,2025,33,1776711600,Crystal Palace,West Ham United,finished,0.0,0.0
14024001,Premier League,2025,34,1776798000,Brighton & Hove Albion,Chelsea,finished,3.0,0.0
14025044,Premier League,2025,34,1776884400,Bournemouth,Leeds United,finished,2.0,2.0
14024003,Premier League,2025,34,1776884400,Burnley,Manchester City,finished,0.0,1.0
14023932,Premier League,2025,34,1777057200,Sunderland,Nottingham Forest,finished,0.0,5.0
14024004,Premier League,2025,34,1777116600,Fulham,Aston Villa,finished,1.0,0.0
14024005,Premier League,2025,34,1777125600,Liverpool FC,Crystal Palace,finished,3.0,1.0
14023934,Premier League,2025,34,1777125600,West Ham United,Everton,finished,2.0,1.0
14024022,Premier League,2025,34,1777125600,Wolverhampton,Tottenham Hotspur,finished,0.0,1.0
14025045,Premier League,2025,34,1777134600,Arsenal,Newcastle United,finished,1.0,0.0
14023926,Premier League,2025,34,1777316400,Manchester United,Brentford,finished,2.0,1.0
14023940,Premier League,2025,35,1777662000,Leeds United,Burnley,finished,3.0,1.0
14023945,Premier League,2025,35,1777730400,Brentford,West Ham United,finished,3.0,0.0
14023949,Premier League,2025,35,1777730400,Newcastle United,Brighton & Hove Albion,finished,3.0,1.0
14023951,Premier League,2025,35,1777730400,Wolverhampton,Sunderland,finished,1.0,1.0
14023931,Premier League,2025,35,1777739400,Arsenal,Fulham,finished,3.0,0.0
14024023,Premier League,2025,35,1777813200,Bournemouth,Crystal Palace,finished,3.0,0.0
14023939,Premier League,2025,35,1777818600,Manchester United,Liverpool FC,finished,3.0,2.0
14023927,Premier League,2025,35,1777831200,Aston Villa,Tottenham Hotspur,finished,1.0,2.0
14023925,Premier League,2025,35,1777903200,Chelsea,Nottingham Forest,finished,1.0,3.0
14023930,Premier League,2025,35,1777921200,Everton,Manchester City,finished,3.0,3.0
14024024,Premier League,2025,36,1778326200,Liverpool FC,Chelsea,finished,1.0,1.0
14023935,Premier League,2025,36,1778335200,Brighton & Hove Albion,Wolverhampton,finished,3.0,0.0
14023948,Premier League,2025,36,1778335200,Fulham,Bournemouth,finished,0.0,1.0
14023938,Premier League,2025,36,1778335200,Sunderland,Manchester United,finished,0.0,0.0
14023946,Premier League,2025,36,1778344200,Manchester City,Brentford,finished,3.0,0.0
14023929,Premier League,2025,36,1778418000,Burnley,Aston Villa,finished,2.0,2.0
14023937,Premier League,2025,36,1778418000,Crystal Palace,Everton,finished,2.0,2.0
14023943,Premier League,2025,36,1778418000,Nottingham Forest,Newcastle United,finished,1.0,1.0
14023942,Premier League,2025,36,1778427000,West Ham United,Arsenal,finished,0.0,1.0
14023944,Premier League,2025,36,1778526000,Tottenham Hotspur,Leeds United,finished,1.0,1.0
15999228,Premier League,2025,31,1778698800,Manchester City,Crystal Palace,finished,3.0,0.0
14023928,Premier League,2025,37,1778871600,Aston Villa,Liverpool FC,finished,4.0,2.0
14023956,Premier League,2025,37,1779017400,Manchester United,Nottingham Forest,finished,3.0,2.0
14023953,Premier League,2025,37,1779026400,Brentford,Crystal Palace,finished,2.0,2.0
14023955,Premier League,2025,37,1779026400,Everton,Sunderland,finished,1.0,3.0
14023954,Premier League,2025,37,1779026400,Leeds United,Brighton & Hove Albion,finished,1.0,0.0
14023958,Premier League,2025,37,1779026400,Wolverhampton,Fulham,finished,1.0,1.0
14023957,Premier League,2025,37,1779035400,Newcastle United,West Ham United,finished,3.0,1.0
14023950,Premier League,2025,37,1779130800,Arsenal,Burnley,finished,1.0,0.0
14023936,Premier League,2025,37,1779215400,Bournemouth,Manchester City,finished,1.0,1.0
16087727,Premier League,2025,37,1779218100,Chelsea,Tottenham Hotspur,finished,2.0,1.0
14023959,Premier League,2025,38,1779634800,Brighton & Hove Albion,Manchester United,finished,0.0,3.0
14023960,Premier League,2025,38,1779634800,Burnley,Wolverhampton,finished,1.0,1.0
14023963,Premier League,2025,38,1779634800,Crystal Palace,Arsenal,finished,1.0,2.0
14023965,Premier League,2025,38,1779634800,Fulham,Newcastle United,finished,2.0,0.0
14023962,Premier League,2025,38,1779634800,Liverpool FC,Brentford,finished,1.0,1.0
14023961,Premier League,2025,38,1779634800,Manchester City,Aston Villa,finished,1.0,2.0
14023964,Premier League,2025,38,1779634800,Nottingham Forest,Bournemouth,finished,1.0,1.0
14023966,Premier League,2025,38,1779634800,Sunderland,Chelsea,finished,2.0,1.0
14023967,Premier League,2025,38,1779634800,Tottenham Hotspur,Everton,finished,1.0,0.0
14023968,Premier League,2025,38,1779634800,West Ham United,Leeds United,finished,3.0,0.0
16363633,Premier League,2026,1,1787338800,Arsenal,Coventry City,finished,3.0,0.0
16363634,Premier League,2026,1,1787398200,Hull City,Manchester United,finished,2.0,0.0
16363635,Premier League,2026,1,1787407200,Everton,Crystal Palace,finished,2.0,0.0
16363636,Premier League,2026,1,1787407200,Ipswich Town,Sunderland,finished,2.0,1.0
16363238,Premier League,2026,1,1787407200,Nottingham Forest,Leeds United,finished,0.0,1.0
16363242,Premier League,2026,1,1787416200,Brentford,Tottenham Hotspur,finished,3.0,0.0
16363236,Premier League,2026,1,1787490000,Brighton & Hove Albion,Aston Villa,finished,4.0,0.0
16363243,Premier League,2026,1,1787490000,Manchester City,Bournemouth,finished,2.0,1.0
16363246,Premier League,2026,1,1787499000,Newcastle United,Liverpool FC,finished,2.0,2.0
16363244,Premier League,2026,1,1787598000,Fulham,Chelsea,finished,2.0,3.0
16363252,Premier League,2026,2,1787943600,Crystal Palace,Manchester City,finished,1.0,4.0
16363254,Premier League,2026,2,1788003000,Liverpool FC,Nottingham Forest,finished,2.0,2.0
16363247,Premier League,2026,2,1788012000,Bournemouth,Everton,finished,1.0,1.0
16363250,Premier League,2026,2,1788012000,Coventry City,Hull City,finished,0.0,1.0
16363256,Premier League,2026,2,1788021000,Tottenham Hotspur,Newcastle United,finished,0.0,2.0
16363249,Premier League,2026,2,1788094800,Chelsea,Brighton & Hove Albion,finished,4.0,3.0
16363266,Premier League,2026,2,1788094800,Leeds United,Brentford,finished,1.0,1.0
16363255,Premier League,2026,2,1788094800,Sunderland,Fulham,finished,1.0,0.0
16363253,Premier League,2026,2,1788103800,Manchester United,Ipswich Town,finished,5.0,2.0
16363245,Premier League,2026,2,1788202800,Aston Villa,Arsenal,finished,0.0,1.0
16363261,Premier League,2026,3,1788548400,Ipswich Town,Liverpool FC,finished,0.0,2.0
16363637,Premier League,2026,3,1788607800,Newcastle United,Bournemouth,finished,2.0,2.0
16363260,Premier League,2026,3,1788616800,Brentford,Sunderland,finished,1.0,1.0
16363258,Premier League,2026,3,1788616800,Brighton & Hove Albion,Leeds United,finished,1.0,1.0
16363269,Premier League,2026,3,1788616800,Fulham,Crystal Palace,finished,2.0,3.0
16363263,Premier League,2026,3,1788616800,Manchester City,Coventry City,finished,1.0,0.0
16363638,Premier League,2026,3,1788616800,Nottingham Forest,Tottenham Hotspur,finished,0.0,0.0
16363262,Premier League,2026,3,1788625800,Hull City,Aston Villa,finished,0.0,0.0
16363259,Premier League,2026,3,1788699600,Everton,Manchester United,finished,2.0,2.0
16363257,Premier League,2026,3,1788708600,Arsenal,Chelsea,finished,2.0,1.0
16363639,Premier League,2026,4,1789221600,Aston Villa,Nottingham Forest,finished,1.0,2.0
16363640,Premier League,2026,4,1789221600,Bournemouth,Brentford,finished,2.0,2.0
16363641,Premier League,2026,4,1789221600,Chelsea,Hull City,finished,2.0,2.0
16363643,Premier League,2026,4,1789221600,Crystal Palace,Ipswich Town,finished,2.0,3.0
16363264,Premier League,2026,4,1789221600,Liverpool FC,Fulham,finished,0.0,0.0
16363647,Premier League,2026,4,1789230600,Tottenham Hotspur,Everton,finished,0.0,0.0
16363646,Premier League,2026,4,1789239600,Sunderland,Arsenal,finished,0.0,2.0
16363642,Premier League,2026,4,1789304400,Coventry City,Brighton & Hove Albion,finished,0.0,5.0
16363645,Premier League,2026,4,1789313400,Manchester United,Manchester City,finished,0.0,1.0
16363644,Premier League,2026,4,1789412400,Leeds United,Newcastle United,finished,4.0,1.0
16363649,Premier League,2026,5,1789758000,Brentford,Chelsea,finished,3.0,0.0
16363870,Premier League,2026,5,1789817400,Tottenham Hotspur,Aston Villa,finished,2.0,3.0
16363650,Premier League,2026,5,1789826400,Brighton & Hove Albion,Arsenal,finished,3.0,0.0
16363651,Premier League,2026,5,1789826400,Everton,Ipswich Town,finished,1.0,0.0
16363868,Premier League,2026,5,1789826400,Newcastle United,Hull City,finished,2.0,1.0
16363869,Premier League,2026,5,1789835400,Nottingham Forest,Coventry City,finished,0.0,1.0
16363648,Premier League,2026,5,1789909200,Bournemouth,Liverpool FC,finished,0.0,1.0
16363866,Premier League,2026,5,1789909200,Leeds United,Crystal Palace,finished,0.0,0.0
16363867,Premier League,2026,5,1789909200,Manchester City,Sunderland,finished,5.0,3.0
16363652,Premier League,2026,5,1789918200,Fulham,Manchester United,finished,1.0,1.0
16363871,Premier League,2026,6,1791631800,Arsenal,Leeds United,notstarted,,
16363872,Premier League,2026,6,1791640800,Aston Villa,Brentford,notstarted,,
16363873,Premier League,2026,6,1791640800,Chelsea,Bournemouth,notstarted,,
16363877,Premier League,2026,6,1791640800,Ipswich Town,Fulham,notstarted,,
16363880,Premier League,2026,6,1791640800,Sunderland,Brighton & Hove Albion,notstarted,,
16363879,Premier League,2026,6,1791649800,Manchester United,Tottenham Hotspur,notstarted,,
16363875,Premier League,2026,6,1791723600,Crystal Palace,Nottingham Forest,notstarted,,
16363876,Premier League,2026,6,1791723600,Hull City,Everton,notstarted,,
16363878,Premier League,2026,6,1791732600,Liverpool FC,Manchester City,notstarted,,
16363874,Premier League,2026,6,1791831600,Coventry City,Newcastle United,notstarted,,
16363884,Premier League,2026,7,1792236600,Everton,Chelsea,notstarted,,
16363882,Premier League,2026,7,1792245600,Brentford,Liverpool FC,notstarted,,
16363885,Premier League,2026,7,1792245600,Fulham,Hull City,notstarted,,
16363887,Premier League,2026,7,1792245600,Manchester City,Ipswich Town,notstarted,,
16363888,Premier League,2026,7,1792254600,Newcastle United,Aston Villa,notstarted,,
16363881,Premier League,2026,7,1792328400,Bournemouth,Sunderland,notstarted,,
16363883,Premier League,2026,7,1792328400,Brighton & Hove Albion,Crystal Palace,notstarted,,
16363886,Premier League,2026,7,1792328400,Leeds United,Manchester United,notstarted,,
16363889,Premier League,2026,7,1792337400,Nottingham Forest,Arsenal,notstarted,,
16363890,Premier League,2026,7,1792436400,Tottenham Hotspur,Coventry City,notstarted,,
16363897,Premier League,2026,8,1792782000,Ipswich Town,Nottingham Forest,notstarted,,
16363892,Premier League,2026,8,1792841400,Aston Villa,Manchester City,notstarted,,
16363891,Premier League,2026,8,1792850400,Arsenal,Everton,notstarted,,
16363894,Premier League,2026,8,1792850400,Coventry City,Fulham,notstarted,,
16363893,Premier League,2026,8,1792859400,Chelsea,Tottenham Hotspur,notstarted,,
16363895,Premier League,2026,8,1792936800,Crystal Palace,Newcastle United,notstarted,,
16363896,Premier League,2026,8,1792936800,Hull City,Brentford,notstarted,,
16363898,Premier League,2026,8,1792936800,Liverpool FC,Brighton & Hove Albion,notstarted,,
16363899,Premier League,2026,8,1792936800,Manchester United,Bournemouth,notstarted,,
16363900,Premier League,2026,8,1792945800,Sunderland,Leeds United,notstarted,,
16363904,Premier League,2026,9,1793449800,Chelsea,Manchester United,notstarted,,
16363902,Premier League,2026,9,1793458800,Bournemouth,Leeds United,notstarted,,
16363903,Premier League,2026,9,1793458800,Brentford,Nottingham Forest,notstarted,,
16363905,Premier League,2026,9,1793458800,Coventry City,Sunderland,notstarted,,
16363906,Premier League,2026,9,1793458800,Hull City,Ipswich Town,notstarted,,
16363908,Premier League,2026,9,1793458800,Manchester City,Brighton & Hove Albion,notstarted,,
16363909,Premier League,2026,9,1793458800,Newcastle United,Everton,notstarted,,
16363910,Premier League,2026,9,1793467800,Tottenham Hotspur,Crystal Palace,notstarted,,
16363901,Premier League,2026,9,1793476800,Aston Villa,Fulham,notstarted,,
16363907,Premier League,2026,9,1793550600,Liverpool FC,Arsenal,notstarted,,
16363914,Premier League,2026,10,1793995200,Everton,Coventry City,notstarted,,
16363917,Premier League,2026,10,1794054600,Leeds United,Tottenham Hotspur,notstarted,,
16363911,Premier League,2026,10,1794063600,Arsenal,Hull City,notstarted,,
16363915,Premier League,2026,10,1794063600,Fulham,Newcastle United,notstarted,,
16363919,Premier League,2026,10,1794072600,Nottingham Forest,Manchester City,notstarted,,
16363912,Premier League,2026,10,1794146400,Brighton & Hove Albion,Brentford,notstarted,,
16363913,Premier League,2026,10,1794146400,Crystal Palace,Liverpool FC,notstarted,,
16363916,Premier League,2026,10,1794146400,Ipswich Town,Bournemouth,notstarted,,
16363920,Premier League,2026,10,1794146400,Sunderland,Chelsea,notstarted,,
16363918,Premier League,2026,10,1794155400,Manchester United,Aston Villa,notstarted,,
16363661,Premier League,2026,11,1795264200,Manchester City,Fulham,notstarted,,
16363654,Premier League,2026,11,1795273200,Aston Villa,Sunderland,notstarted,,
16363655,Premier League,2026,11,1795273200,Bournemouth,Nottingham Forest,notstarted,,
16363656,Premier League,2026,11,1795273200,Brentford,Everton,notstarted,,
16363657,Premier League,2026,11,1795273200,Chelsea,Leeds United,notstarted,,
16363658,Premier League,2026,11,1795273200,Coventry City,Crystal Palace,notstarted,,
16363663,Premier League,2026,11,1795273200,Tottenham Hotspur,Ipswich Town,notstarted,,
16363662,Premier League,2026,11,1795282200,Newcastle United,Arsenal,notstarted,,
16363659,Premier League,2026,11,1795356000,Hull City,Brighton & Hove Albion,notstarted,,
16363660,Premier League,2026,11,1795365000,Liverpool FC,Manchester United,notstarted,,
16363673,Premier League,2026,12,1795809600,Nottingham Forest,Chelsea,notstarted,,
16363671,Premier League,2026,12,1795878000,Leeds United,Coventry City,notstarted,,
16363672,Premier League,2026,12,1795878000,Manchester United,Brentford,notstarted,,
16363670,Premier League,2026,12,1795887000,Ipswich Town,Aston Villa,notstarted,,
16363668,Premier League,2026,12,1795953600,Everton,Liverpool FC,notstarted,,
16363666,Premier League,2026,12,1795961100,Brighton & Hove Albion,Newcastle United,notstarted,,
16363667,Premier League,2026,12,1795961100,Crystal Palace,Hull City,notstarted,,
16363669,Premier League,2026,12,1795961100,Fulham,Bournemouth,notstarted,,
16363675,Premier League,2026,12,1795961100,Sunderland,Tottenham Hotspur,notstarted,,
16363664,Premier League,2026,12,1795969800,Arsenal,Manchester City,notstarted,,
16363676,Premier League,2026,13,1796241600,Aston Villa,Everton,notstarted,,
16363678,Premier League,2026,13,1796241600,Bournemouth,Brighton & Hove Albion,notstarted,,
16363679,Premier League,2026,13,1796241600,Brentford,Arsenal,notstarted,,
16363680,Premier League,2026,13,1796241600,Chelsea,Crystal Palace,notstarted,,
16363682,Premier League,2026,13,1796241600,Coventry City,Ipswich Town,notstarted,,
16363685,Premier League,2026,13,1796241600,Hull City,Nottingham Forest,notstarted,,
16363687,Premier League,2026,13,1796241600,Liverpool FC,Sunderland,notstarted,,
16363689,Premier League,2026,13,1796241600,Manchester City,Leeds United,notstarted,,
16363691,Premier League,2026,13,1796241600,Newcastle United,Manchester United,notstarted,,
16363693,Premier League,2026,13,1796241600,Tottenham Hotspur,Fulham,notstarted,,
16363695,Premier League,2026,14,1796482800,Aston Villa,Crystal Palace,notstarted,,
16363698,Premier League,2026,14,1796482800,Bournemouth,Hull City,notstarted,,
16363700,Premier League,2026,14,1796482800,Brentford,Manchester City,notstarted,,
16363701,Premier League,2026,14,1796482800,Chelsea,Liverpool FC,notstarted,,
16363702,Premier League,2026,14,1796482800,Everton,Fulham,notstarted,,
16363703,Premier League,2026,14,1796482800,Leeds United,Ipswich Town,notstarted,,
16363705,Premier League,2026,14,1796482800,Manchester United,Coventry City,notstarted,,
16363706,Premier League,2026,14,1796482800,Newcastle United,Sunderland,notstarted,,
16363707,Premier League,2026,14,1796482800,Nottingham Forest,Brighton & Hove Albion,notstarted,,
16363708,Premier League,2026,14,1796482800,Tottenham Hotspur,Arsenal,notstarted,,
16363709,Premier League,2026,15,1797087600,Arsenal,Bournemouth,notstarted,,
16363710,Premier League,2026,15,1797087600,Brighton & Hove Albion,Everton,notstarted,,
16363712,Premier League,2026,15,1797087600,Coventry City,Aston Villa,notstarted,,
16363713,Premier League,2026,15,1797087600,Crystal Palace,Manchester United,notstarted,,
16363714,Premier League,2026,15,1797087600,Fulham,Brentford,notstarted,,
16363715,Premier League,2026,15,1797087600,Hull City,Tottenham Hotspur,notstarted,,
16363716,Premier League,2026,15,1797087600,Ipswich Town,Newcastle United,notstarted,,
16363717,Premier League,2026,15,1797087600,Liverpool FC,Leeds United,notstarted,,
16363719,Premier League,2026,15,1797087600,Manchester City,Chelsea,notstarted,,
16363720,Premier League,2026,15,1797087600,Sunderland,Nottingham Forest,notstarted,,
16363721,Premier League,2026,16,1797692400,Arsenal,Manchester United,notstarted,,
16363722,Premier League,2026,16,1797692400,Bournemouth,Coventry City,notstarted,,
16363723,Premier League,2026,16,1797692400,Brentford,Newcastle United,notstarted,,
16363724,Premier League,2026,16,1797692400,Brighton & Hove Albion,Ipswich Town,notstarted,,
16363726,Premier League,2026,16,1797692400,Chelsea,Aston Villa,notstarted,,
16363727,Premier League,2026,16,1797692400,Leeds United,Fulham,notstarted,,
16363728,Premier League,2026,16,1797692400,Liverpool FC,Tottenham Hotspur,notstarted,,
16363729,Premier League,2026,16,1797692400,Manchester City,Hull City,notstarted,,
16363730,Premier League,2026,16,1797692400,Nottingham Forest,Everton,notstarted,,
16363731,Premier League,2026,16,1797692400,Sunderland,Crystal Palace,notstarted,,
16363733,Premier League,2026,17,1798288200,Aston Villa,Leeds United,notstarted,,
16363736,Premier League,2026,17,1798297200,Everton,Sunderland,notstarted,,
16363737,Premier League,2026,17,1798297200,Fulham,Brighton & Hove Albion,notstarted,,
16363740,Premier League,2026,17,1798297200,Ipswich Town,Brentford,notstarted,,
16363743,Premier League,2026,17,1798297200,Tottenham Hotspur,Bournemouth,notstarted,,
16363738,Premier League,2026,17,1798306200,Hull City,Liverpool FC,notstarted,,
16363742,Premier League,2026,17,1798315200,Newcastle United,Manchester City,notstarted,,
16363734,Premier League,2026,17,1798380000,Coventry City,Chelsea,notstarted,,
16363741,Premier League,2026,17,1798389000,Manchester United,Nottingham Forest,notstarted,,
16363735,Premier League,2026,17,1798398000,Crystal Palace,Arsenal,notstarted,,
16363750,Premier League,2026,18,1798572600,Hull City,Leeds United,notstarted,,
16363755,Premier League,2026,18,1798572600,Tottenham Hotspur,Brighton & Hove Albion,notstarted,,
16363748,Premier League,2026,18,1798575300,Everton,Manchester City,notstarted,,
16363745,Premier League,2026,18,1798659000,Coventry City,Brentford,notstarted,,
16363747,Premier League,2026,18,1798659000,Crystal Palace,Bournemouth,notstarted,,
16363749,Premier League,2026,18,1798659000,Fulham,Arsenal,notstarted,,
16363753,Premier League,2026,18,1798659000,Manchester United,Sunderland,notstarted,,
16363754,Premier League,2026,18,1798659000,Newcastle United,Nottingham Forest,notstarted,,
16363744,Premier League,2026,18,1798661700,Aston Villa,Liverpool FC,notstarted,,
16363752,Premier League,2026,18,1798661700,Ipswich Town,Chelsea,notstarted,,
16363763,Premier League,2026,19,1798833600,Leeds United,Everton,notstarted,,
16363760,Premier League,2026,19,1798893000,Brighton & Hove Albion,Manchester United,notstarted,,
16363756,Premier League,2026,19,1798902000,Arsenal,Ipswich Town,notstarted,,
16363759,Premier League,2026,19,1798902000,Brentford,Crystal Palace,notstarted,,
16363764,Premier League,2026,19,1798902000,Liverpool FC,Coventry City,notstarted,,
16363766,Premier League,2026,19,1798902000,Nottingham Forest,Fulham,notstarted,,
16363768,Premier League,2026,19,1798902000,Sunderland,Hull City,notstarted,,
16363758,Premier League,2026,19,1798911000,Bournemouth,Aston Villa,notstarted,,
16363761,Premier League,2026,19,1798984800,Chelsea,Newcastle United,notstarted,,
16363765,Premier League,2026,19,1798993800,Manchester City,Tottenham Hotspur,notstarted,,
16363769,Premier League,2026,20,1799177400,Arsenal,Brentford,notstarted,,
16363770,Premier League,2026,20,1799177400,Brighton & Hove Albion,Bournemouth,notstarted,,
16363772,Premier League,2026,20,1799177400,Everton,Aston Villa,notstarted,,
16363778,Premier League,2026,20,1799177400,Nottingham Forest,Hull City,notstarted,,
16363780,Premier League,2026,20,1799180100,Sunderland,Liverpool FC,notstarted,,
16363771,Premier League,2026,20,1799263800,Crystal Palace,Chelsea,notstarted,,
16363774,Premier League,2026,20,1799263800,Fulham,Tottenham Hotspur,notstarted,,
16363775,Premier League,2026,20,1799263800,Ipswich Town,Coventry City,notstarted,,
16363776,Premier League,2026,20,1799266500,Leeds United,Manchester City,notstarted,,
16363777,Premier League,2026,20,1799352000,Manchester United,Newcastle United,notstarted,,
16363665,Premier League,2026,21,1800111600,Aston Villa,Manchester United,notstarted,,
16363674,Premier League,2026,21,1800111600,Bournemouth,Ipswich Town,notstarted,,
16363684,Premier League,2026,21,1800111600,Brentford,Brighton & Hove Albion,notstarted,,
16363697,Premier League,2026,21,1800111600,Chelsea,Sunderland,notstarted,,
16363704,Premier League,2026,21,1800111600,Coventry City,Everton,notstarted,,
16363711,Premier League,2026,21,1800111600,Hull City,Arsenal,notstarted,,
16363718,Premier League,2026,21,1800111600,Liverpool FC,Crystal Palace,notstarted,,
16363725,Premier League,2026,21,1800111600,Manchester City,Nottingham Forest,notstarted,,
16363732,Premier League,2026,21,1800111600,Newcastle United,Fulham,notstarted,,
16363739,Premier League,2026,21,1800111600,Tottenham Hotspur,Leeds United,notstarted,,
16363746,Premier League,2026,22,1800716400,Arsenal,Newcastle United,notstarted,,
16363751,Premier League,2026,22,1800716400,Brighton & Hove Albion,Manchester City,notstarted,,
16363757,Premier League,2026,22,1800716400,Crystal Palace,Tottenham Hotspur,notstarted,,
16363762,Premier League,2026,22,1800716400,Everton,Brentford,notstarted,,
16363767,Premier League,2026,22,1800716400,Fulham,Aston Villa,notstarted,,
16363773,Premier League,2026,22,1800716400,Ipswich Town,Hull City,notstarted,,
16363779,Premier League,2026,22,1800716400,Leeds United,Chelsea,notstarted,,
16363781,Premier League,2026,22,1800716400,Manchester United,Liverpool FC,notstarted,,
16363782,Premier League,2026,22,1800716400,Nottingham Forest,Bournemouth,notstarted,,
16363783,Premier League,2026,22,1800716400,Sunderland,Coventry City,notstarted,,
16363784,Premier League,2026,23,1801321200,Aston Villa,Ipswich Town,notstarted,,
16363785,Premier League,2026,23,1801321200,Bournemouth,Fulham,notstarted,,
16363786,Premier League,2026,23,1801321200,Brentford,Manchester United,notstarted,,
16363787,Premier League,2026,23,1801321200,Chelsea,Nottingham Forest,notstarted,,
16363788,Premier League,2026,23,1801321200,Coventry City,Leeds United,notstarted,,
16363789,Premier League,2026,23,1801321200,Hull City,Crystal Palace,notstarted,,
16363790,Premier League,2026,23,1801321200,Liverpool FC,Everton,notstarted,,
16363791,Premier League,2026,23,1801321200,Manchester City,Arsenal,notstarted,,
16363792,Premier League,2026,23,1801321200,Newcastle United,Brighton & Hove Albion,notstarted,,
16363793,Premier League,2026,23,1801321200,Tottenham Hotspur,Sunderland,notstarted,,
16363794,Premier League,2026,24,1801926000,Arsenal,Liverpool FC,notstarted,,
16363795,Premier League,2026,24,1801926000,Brighton & Hove Albion,Hull City,notstarted,,
16363796,Premier League,2026,24,1801926000,Crystal Palace,Coventry City,notstarted,,
16363797,Premier League,2026,24,1801926000,Everton,Newcastle United,notstarted,,
16363798,Premier League,2026,24,1801926000,Fulham,Manchester City,notstarted,,
16363799,Premier League,2026,24,1801926000,Ipswich Town,Tottenham Hotspur,notstarted,,
16363800,Premier League,2026,24,1801926000,Leeds United,Bournemouth,notstarted,,
16363801,Premier League,2026,24,1801926000,Manchester United,Chelsea,notstarted,,
16363802,Premier League,2026,24,1801926000,Nottingham Forest,Brentford,notstarted,,
16363803,Premier League,2026,24,1801926000,Sunderland,Aston Villa,notstarted,,
16363804,Premier League,2026,25,1802289600,Aston Villa,Bournemouth,notstarted,,
16363805,Premier League,2026,25,1802289600,Coventry City,Liverpool FC,notstarted,,
16363806,Premier League,2026,25,1802289600,Crystal Palace,Brentford,notstarted,,
16363807,Premier League,2026,25,1802289600,Everton,Leeds United,notstarted,,
16363808,Premier League,2026,25,1802289600,Fulham,Nottingham Forest,notstarted,,
16363809,Premier League,2026,25,1802289600,Hull City,Sunderland,notstarted,,
16363810,Premier League,2026,25,1802289600,Ipswich Town,Arsenal,notstarted,,
16363811,Premier League,2026,25,1802289600,Manchester United,Brighton & Hove Albion,notstarted,,
16363812,Premier League,2026,25,1802289600,Newcastle United,Chelsea,notstarted,,
16363813,Premier League,2026,25,1802289600,Tottenham Hotspur,Manchester City,notstarted,,
16363814,Premier League,2026,26,1803135600,Arsenal,Fulham,notstarted,,
16363815,Premier League,2026,26,1803135600,Bournemouth,Crystal Palace,notstarted,,
16363816,Premier League,2026,26,1803135600,Brentford,Coventry City,notstarted,,
16363817,Premier League,2026,26,1803135600,Brighton & Hove Albion,Tottenham Hotspur,notstarted,,
16363818,Premier League,2026,26,1803135600,Chelsea,Ipswich Town,notstarted,,
16363819,Premier League,2026,26,1803135600,Leeds United,Aston Villa,notstarted,,
16363820,Premier League,2026,26,1803135600,Liverpool FC,Hull City,notstarted,,
16363821,Premier League,2026,26,1803135600,Manchester City,Newcastle United,notstarted,,
16363822,Premier League,2026,26,1803135600,Nottingham Forest,Manchester United,notstarted,,
16363823,Premier League,2026,26,1803135600,Sunderland,Everton,notstarted,,
16363824,Premier League,2026,27,1803740400,Aston Villa,Chelsea,notstarted,,
16363825,Premier League,2026,27,1803740400,Coventry City,Bournemouth,notstarted,,
16363826,Premier League,2026,27,1803740400,Crystal Palace,Sunderland,notstarted,,
16363827,Premier League,2026,27,1803740400,Everton,Nottingham Forest,notstarted,,
16363828,Premier League,2026,27,1803740400,Fulham,Leeds United,notstarted,,
16363829,Premier League,2026,27,1803740400,Hull City,Manchester City,notstarted,,
16363830,Premier League,2026,27,1803740400,Ipswich Town,Brighton & Hove Albion,notstarted,,
16363831,Premier League,2026,27,1803740400,Manchester United,Arsenal,notstarted,,
16363832,Premier League,2026,27,1803740400,Newcastle United,Brentford,notstarted,,
16363833,Premier League,2026,27,1803740400,Tottenham Hotspur,Liverpool FC,notstarted,,
16363834,Premier League,2026,28,1804104000,Arsenal,Crystal Palace,notstarted,,
16363835,Premier League,2026,28,1804104000,Bournemouth,Tottenham Hotspur,notstarted,,
16363836,Premier League,2026,28,1804104000,Brentford,Ipswich Town,notstarted,,
16363837,Premier League,2026,28,1804104000,Brighton & Hove Albion,Fulham,notstarted,,
16363838,Premier League,2026,28,1804104000,Chelsea,Coventry City,notstarted,,
16363839,Premier League,2026,28,1804104000,Leeds United,Hull City,notstarted,,
16363840,Premier League,2026,28,1804104000,Liverpool FC,Aston Villa,notstarted,,
16363841,Premier League,2026,28,1804104000,Manchester City,Everton,notstarted,,
16363842,Premier League,2026,28,1804104000,Nottingham Forest,Newcastle United,notstarted,,
16363843,Premier League,2026,28,1804104000,Sunderland,Manchester United,notstarted,,
16363844,Premier League,2026,29,1804950000,Aston Villa,Hull City,notstarted,,
16363845,Premier League,2026,29,1804950000,Bournemouth,Newcastle United,notstarted,,
16363846,Premier League,2026,29,1804950000,Chelsea,Arsenal,notstarted,,
16363847,Premier League,2026,29,1804950000,Coventry City,Manchester City,notstarted,,
16363848,Premier League,2026,29,1804950000,Crystal Palace,Fulham,notstarted,,
16363849,Premier League,2026,29,1804950000,Leeds United,Brighton & Hove Albion,notstarted,,
16363850,Premier League,2026,29,1804950000,Liverpool FC,Ipswich Town,notstarted,,
16363851,Premier League,2026,29,1804950000,Manchester United,Everton,notstarted,,
16363852,Premier League,2026,29,1804950000,Sunderland,Brentford,notstarted,,
16363853,Premier League,2026,29,1804950000,Tottenham Hotspur,Nottingham Forest,notstarted,,
16363854,Premier League,2026,30,1805554800,Arsenal,Sunderland,notstarted,,
16363855,Premier League,2026,30,1805554800,Brentford,Bournemouth,notstarted,,
16363856,Premier League,2026,30,1805554800,Brighton & Hove Albion,Coventry City,notstarted,,
16363857,Premier League,2026,30,1805554800,Everton,Tottenham Hotspur,notstarted,,
16363858,Premier League,2026,30,1805554800,Fulham,Liverpool FC,notstarted,,
16363859,Premier League,2026,30,1805554800,Hull City,Chelsea,notstarted,,
16363860,Premier League,2026,30,1805554800,Ipswich Town,Crystal Palace,notstarted,,
16363861,Premier League,2026,30,1805554800,Manchester City,Manchester United,notstarted,,
16363862,Premier League,2026,30,1805554800,Newcastle United,Leeds United,notstarted,,
16363863,Premier League,2026,30,1805554800,Nottingham Forest,Aston Villa,notstarted,,
16363677,Premier League,2026,31,1807365600,Aston Villa,Brighton & Hove Albion,notstarted,,
16363681,Premier League,2026,31,1807365600,Bournemouth,Manchester City,notstarted,,
16363683,Premier League,2026,31,1807365600,Chelsea,Fulham,notstarted,,
16363686,Premier League,2026,31,1807365600,Coventry City,Arsenal,notstarted,,
16363688,Premier League,2026,31,1807365600,Crystal Palace,Everton,notstarted,,
16363690,Premier League,2026,31,1807365600,Leeds United,Nottingham Forest,notstarted,,
16363692,Premier League,2026,31,1807365600,Liverpool FC,Newcastle United,notstarted,,
16363694,Premier League,2026,31,1807365600,Manchester United,Hull City,notstarted,,
16363696,Premier League,2026,31,1807365600,Sunderland,Ipswich Town,notstarted,,
16363699,Premier League,2026,31,1807365600,Tottenham Hotspur,Brentford,notstarted,,
16363219,Premier League,2026,32,1807970400,Arsenal,Aston Villa,notstarted,,
16363270,Premier League,2026,32,1807970400,Brentford,Leeds United,notstarted,,
16363183,Premier League,2026,32,1807970400,Brighton & Hove Albion,Chelsea,notstarted,,
16363180,Premier League,2026,32,1807970400,Everton,Bournemouth,notstarted,,
16363182,Premier League,2026,32,1807970400,Fulham,Sunderland,notstarted,,
16363187,Premier League,2026,32,1807970400,Hull City,Coventry City,notstarted,,
16363185,Premier League,2026,32,1807970400,Ipswich Town,Manchester United,notstarted,,
16363271,Premier League,2026,32,1807970400,Manchester City,Crystal Palace,notstarted,,
16363177,Premier League,2026,32,1807970400,Newcastle United,Tottenham Hotspur,notstarted,,
16363192,Premier League,2026,32,1807970400,Nottingham Forest,Liverpool FC,notstarted,,
16363179,Premier League,2026,33,1808575200,Aston Villa,Coventry City,notstarted,,
16363181,Premier League,2026,33,1808575200,Bournemouth,Arsenal,notstarted,,
16363194,Premier League,2026,33,1808575200,Brentford,Fulham,notstarted,,
16363184,Premier League,2026,33,1808575200,Chelsea,Manchester City,notstarted,,
16363178,Premier League,2026,33,1808575200,Everton,Brighton & Hove Albion,notstarted,,
16363191,Premier League,2026,33,1808575200,Leeds United,Liverpool FC,notstarted,,
16363198,Premier League,2026,33,1808575200,Manchester United,Crystal Palace,notstarted,,
16363190,Premier League,2026,33,1808575200,Newcastle United,Ipswich Town,notstarted,,
16363186,Premier League,2026,33,1808575200,Nottingham Forest,Sunderland,notstarted,,
16363193,Premier League,2026,33,1808575200,Tottenham Hotspur,Hull City,notstarted,,
16363189,Premier League,2026,34,1809180000,Arsenal,Tottenham Hotspur,notstarted,,
16363200,Premier League,2026,34,1809180000,Brighton & Hove Albion,Nottingham Forest,notstarted,,
16363195,Premier League,2026,34,1809180000,Coventry City,Manchester United,notstarted,,
16363188,Premier League,2026,34,1809180000,Crystal Palace,Aston Villa,notstarted,,
16363197,Premier League,2026,34,1809180000,Fulham,Everton,notstarted,,
16363196,Premier League,2026,34,1809180000,Hull City,Bournemouth,notstarted,,
16363199,Premier League,2026,34,1809180000,Ipswich Town,Leeds United,notstarted,,
16363201,Premier League,2026,34,1809180000,Liverpool FC,Chelsea,notstarted,,
16363202,Premier League,2026,34,1809180000,Manchester City,Brentford,notstarted,,
16363204,Premier League,2026,34,1809180000,Sunderland,Newcastle United,notstarted,,
16363203,Premier League,2026,35,1809784800,Bournemouth,Manchester United,notstarted,,
16363205,Premier League,2026,35,1809784800,Brentford,Aston Villa,notstarted,,
16363206,Premier League,2026,35,1809784800,Brighton & Hove Albion,Sunderland,notstarted,,
16363208,Premier League,2026,35,1809784800,Everton,Hull City,notstarted,,
16363207,Premier League,2026,35,1809784800,Fulham,Ipswich Town,notstarted,,
16363209,Premier League,2026,35,1809784800,Leeds United,Arsenal,notstarted,,
16363211,Premier League,2026,35,1809784800,Manchester City,Liverpool FC,notstarted,,
16363210,Premier League,2026,35,1809784800,Newcastle United,Coventry City,notstarted,,
16363212,Premier League,2026,35,1809784800,Nottingham Forest,Crystal Palace,notstarted,,
16363214,Premier League,2026,35,1809784800,Tottenham Hotspur,Chelsea,notstarted,,
16363213,Premier League,2026,36,1810389600,Arsenal,Nottingham Forest,notstarted,,
16363218,Premier League,2026,36,1810389600,Aston Villa,Newcastle United,notstarted,,
16363215,Premier League,2026,36,1810389600,Chelsea,Everton,notstarted,,
16363216,Premier League,2026,36,1810389600,Coventry City,Tottenham Hotspur,notstarted,,
16363217,Premier League,2026,36,1810389600,Crystal Palace,Brighton & Hove Albion,notstarted,,
16363220,Premier League,2026,36,1810389600,Hull City,Fulham,notstarted,,
16363251,Premier League,2026,36,1810389600,Ipswich Town,Manchester City,notstarted,,
16363221,Premier League,2026,36,1810389600,Liverpool FC,Brentford,notstarted,,
16363248,Premier League,2026,36,1810389600,Manchester United,Leeds United,notstarted,,
16363223,Premier League,2026,36,1810389600,Sunderland,Bournemouth,notstarted,,
16363224,Premier League,2026,37,1811080800,Bournemouth,Chelsea,notstarted,,
16363222,Premier League,2026,37,1811080800,Brentford,Hull City,notstarted,,
16363227,Premier League,2026,37,1811080800,Brighton & Hove Albion,Liverpool FC,notstarted,,
16363225,Premier League,2026,37,1811080800,Everton,Arsenal,notstarted,,
16363226,Premier League,2026,37,1811080800,Fulham,Coventry City,notstarted,,
16363230,Premier League,2026,37,1811080800,Leeds United,Sunderland,notstarted,,
16363267,Premier League,2026,37,1811080800,Manchester City,Aston Villa,notstarted,,
16363231,Premier League,2026,37,1811080800,Newcastle United,Crystal Palace,notstarted,,
16363228,Premier League,2026,37,1811080800,Nottingham Forest,Ipswich Town,notstarted,,
16363229,Premier League,2026,37,1811080800,Tottenham Hotspur,Manchester United,notstarted,,
16363232,Premier League,2026,38,1811689200,Arsenal,Brighton & Hove Albion,notstarted,,
16363237,Premier League,2026,38,1811689200,Aston Villa,Tottenham Hotspur,notstarted,,
16363233,Premier League,2026,38,1811689200,Chelsea,Brentford,notstarted,,
16363265,Premier League,2026,38,1811689200,Coventry City,Nottingham Forest,notstarted,,
16363235,Premier League,2026,38,1811689200,Crystal Palace,Leeds United,notstarted,,
16363241,Premier League,2026,38,1811689200,Hull City,Newcastle United,notstarted,,
16363234,Premier League,2026,38,1811689200,Ipswich Town,Everton,notstarted,,
16363268,Premier League,2026,38,1811689200,Liverpool FC,Bournemouth,notstarted,,
16363239,Premier League,2026,38,1811689200,Manchester United,Fulham,notstarted,,
16363240,Premier League,2026,38,1811689200,Sunderland,Manchester City,notstarted,,
